"english_name","persian_name"
"light-ford-expedition-2008","سبک فورد اکسپدیشن 2008"
"light-great-wall-tank-300","سبک عظیم وال تانک 300"
"light-volvo-xc60-2011","سبک ولوو ایکس‌سی 60 2011"
"light-chevrolet-montecarlo-1999","سبک شورلت مونت‌کارلو 1999"
"light-toyota-paseo-1992","سبک تویوتا پاسئو 1992"
"light-suzuki-aerio-2004","سبک سوزوکی آریو 2004"
"light-plymouth-breeze-2000","سبک پلیموت بریز 2000"
"light-volkswagen-jetta-wagon-2005","سبک فولکس واگن جتا واگن 2005"
"light-mercedes benz-s320-1998","سبک مرسدس بنز اس 320 1998"
"light-kia-sephia-1998","سبک کیا سفیا 1998"
"light-bmw-7series-2008","سبک بی‌ام‌دبلیو 7 سری 2008"
"light-ford-taurus-2001","سبک فورد تورس 2001"
"light-gmc-sierra-3500-2010","سبک جی‌ام‌سی سیرا 3500 2010"
"light-mercedes benz-s350-1994","سبک مرسدس بنز اس 350 1994"
"light-plymouth-breeze-1995","سبک پلیموت بریز 1995"
"light-chevrolet-s10-1990","سبک شورلت اس 10 1990"
"light-mercedes benz-clk320-1999","سبک مرسدس بنز سی‌ال‌کا 320 1999"
"light-mitsubishi-montero-2001","سبک میتسوبیشی مونترو 2001"
"light-buick-regal-1985","سبک بیوک ریگال 1985"
"light-mercedes benz-s320-1995","سبک مرسدس بنز اس 320 1995"
"light-mazda-millenia-1997","سبک مزدا میلینیا 1997"
"light-farda-sx5-plus","سبک فردا اس‌ایکس 5 پلاس"
"light-volkswagen-phaeton-2004","سبک فولکس واگن فایتون 2004"
"light-dodge-challenger-2011","سبک دوج چلنجر 2011"
"light-volvo-s40-1998","سبک ولوو اس 40 1998"
"light-plymouth-sundance-1994","سبک پلیموت سان‌دَنس 1994"
"light-chrysler-lebaron-1994","سبک کرایسلر لبران 1994"
"light-volvo-s40-2000","سبک ولوو اس 40 2000"
"light-changan-cs-55","سبک چانگان سی‌اس 55"
"light-ford-bronco-1975","سبک فورد برانکو 1975"
"light-mercedes benz-r350-2006","سبک مرسدس بنز ار 350 2006"
"light-jaguar-xf-2010","سبک جگوار ایکس اف 2010"
"light-suzuki-esteem-1996","سبک سوزوکی استیم 1996"
"light-honda-s2000-2006","سبک هوندا اس 2000 2006"
"light-ford-crown victoria-2005","سبک فورد کراون victoria 2005"
"light-ram-1500-2008","سبک رم 1500 2008"
"light-ford-crown victoria-2006","سبک فورد کراون victoria 2006"
"light-jeep-wrangler-tj-2001","سبک جیپ رنگلر تی‌جی 2001"
"light-suzuki-vitara-2001","سبک سوزوکی ویتارا 2001"
"light-chery-arrizo-6","سبک چری آریزو 6"
"light-mazda-b2200-1991","سبک مزدا بی 2200 1991"
"light-volkswagen-passat-2005","سبک فولکس واگن پاسات 2005"
"light-pontiac-grandprix-2005","سبک پونتیاک گرند پریکس 2005"
"light-plymouth-satellite-1973","سبک پلیموت ساتلایت 1973"
"light-nissan-xterra-2007","سبک نیسان اکستررا 2007"
"light-gmc-envoy-2002","سبک جی‌ام‌سی انوی 2002"
"light-chevrolet-corvette-2014","سبک شورلت کوروت 2014"
"light-bmw-e39-2002","سبک بی‌ام‌دبلیو ای 39 2002"
"light-mercedes benz-ml350-2006","سبک مرسدس بنز ام‌ال 350 2006"
"light-nissan-pathfinder-1987","سبک نیسان پث‌فایندر 1987"
"light-dodge-stratus-1997","سبک دوج استراتوس 1997"
"light-oldsmobile-cutlass-1995","سبک اولدزموبیل کاتلاس 1995"
"light-jeep-commander-2010","سبک جیپ کماندر 2010"
"light-ford-escort-wagon-1995","سبک فورد اسکورت واگن 1995"
"light-chevrolet-cavalier-1996","سبک شورلت کاوالیر 1996"
"light-chevrolet-caprice-1984","سبک شورلت کاپریس 1984"
"light-mitsubishi-eclipse-2009","سبک میتسوبیشی اکلیپس 2009"
"light-saina-s","سبک ساینا اس"
"light-mercedes benz-e350-2008","سبک مرسدس بنز ای 350 2008"
"light-chevrolet-cavalier-1999","سبک شورلت کاوالیر 1999"
"light-mazda-b3000-2000","سبک مزدا بی 3000 2000"
"light-volkswagen-passat-2004","سبک فولکس واگن پاسات 2004"
"light-lexus-es300-2001","سبک لکسوس ای اس 300 2001"
"light-porsche-panamera-2014","سبک پورشه پانامرا 2014"
"light-bmw-m3-1992","سبک بی‌ام‌دبلیو ام 3 1992"
"light-lexus-rx330-1999","سبک لکسوس آرایکس 330 1999"
"light-honda-cr-v-1999","سبک هوندا سی ار وی 1999"
"light-volkswagen-beetle","سبک فولکس واگن بیتل"
"light-toyota-camry-solara-convertible-2005","سبک تویوتا کمری سولارا کروک 2005"
"light-chevrolet-malibu-1982","سبک شورلت مالیبو 1982"
"light-jeep-cherokee-2014","سبک جیپ چروکی 2014"
"light-oldsmobile-aurora-2002","سبک اولدزموبیل آرورا 2002"
"light-chevrolet-tahoe-2009","سبک شورلت تاهو 2009"
"light-pontiac-montana-2007","سبک پونتیاک مونتانا 2007"
"light-audi-a4-wagon-2004","سبک آئودی ای 4 واگن 2004"
"light-volvo-c40-2001","سبک ولوو سی 40 2001"
"light-jeep-wrangler-2001","سبک جیپ رنگلر 2001"
"light-mercedes benz-slk280-2000","سبک مرسدس بنز اس‌ال‌کی 280 2000"
"light-ford-escape-2003","سبک فورد اسکیپ 2003"
"light-bmw-528i-2008","سبک بی‌ام‌دبلیو 528 ای 2008"
"light-dodge-d150-1986","سبک دوج دی 150 1986"
"light-suzuki-samurai-1986","سبک سوزوکی سامورایی 1986"
"light-pontiac-aztek-2001","سبک پونتیاک آزتک 2001"
"light-mercedes benz-sl320-1995","سبک مرسدس بنز اس‌ال 320 1995"
"light-pontiac-catalina-1960","سبک پونتیاک کاتالینا 1960"
"light-chevrolet-impala-2012","سبک شورلت ایمپالا 2012"
"light-toyota-prius-2016","سبک تویوتا پریوس 2016"
"light-honda-s2000-2007","سبک هوندا اس 2000 2007"
"light-bmw-x1-2013","سبک بی‌ام‌دبلیو ایکس 1 2013"
"light-gmc-jimmy-1989","سبک جی‌ام‌سی جیمی 1989"
"light-chevrolet-suburban-2011","سبک شورلت سابربن 2011"
"light-buick-parkavenue-1994","سبک بیوک پارک اونیو 1994"
"light-pontiac-grandprix-2000","سبک پونتیاک گرند پریکس 2000"
"light-lexus-is-convertible","سبک لکسوس ای اس کروک"
"light-gmc-savana-3500-1997","سبک جی‌ام‌سی ساوانا 3500 1997"
"light-volkswagen-bus-1978","سبک فولکس واگن اتوبوس 1978"
"light-lexus-rx300-2002","سبک لکسوس آرایکس 300 2002"
"light-cadillac-cts-2000","سبک کادیلاک سی‌تی‌اس 2000"
"light-bmw-x5-2007","سبک بی‌ام‌دبلیو ایکس 5 2007"
"light-cadillac-seville-1999","سبک کادیلاک سویل 1999"
"light-ford-f250-1979","سبک فورد اف 250 1979"
"light-lexus-sc400-1993","سبک لکسوس اس‌سی 400 1993"
"light-mg-midget-1972","سبک ام‌جی میدجت 1972"
"light-ford-ranchero-1962","سبک فورد رانچرو 1962"
"light-saturn-sl2-1993","سبک ساترن اس‌ال 2 1993"
"light-mercury-cougar-2000","سبک مرکوری کوگار 2000"
"light-honda-odyssey-2006","سبک هوندا ادسی 2006"
"light-volvo-v50-2005","سبک ولوو وی 50 2005"
"light-jeep-grand-cherokee-1994","سبک جیپ گرند چروکی 1994"
"light-mercury-tracer-1989","سبک مرکوری تریسر 1989"
"light-dodge-neon-1995","سبک دوج نون 1995"
"light-toyota-tacoma-2004","سبک تویوتا تاکوما 2004"
"light-chevrolet-corvette-1958","سبک شورلت کوروت 1958"
"light-ford-powerstroke-2011","سبک فورد پاوراستروک 2011"
"light-audi-s4-2014","سبک آئودی اس 4 2014"
"light-saturn-lw200-2001","سبک ساترن اِل‌دبلیو 200 2001"
"light-mercedes benz-c230-1998","سبک مرسدس بنز سی 230 1998"
"light-hyundai-tiburon-2000","سبک هیوندای تیبورون 2000"
"light-toyota-paseo-1995","سبک تویوتا پاسئو 1995"
"light-bmw-735i-1989","سبک بی‌ام‌دبلیو 735 ای 1989"
"light-hyundai-tucson-2010","سبک هیوندای توکسون 2010"
"light-mercury-cougar-1978","سبک مرکوری کوگار 1978"
"light-mazda-626-1994","سبک مزدا 626 1994"
"light-toyota-4runner-2000","سبک تویوتا 4 رانر 2000"
"light-mercury-mariner-2002","سبک مرکوری مارینر 2002"
"light-toyota-yaris-2013","سبک تویوتا یاریس 2013"
"light-jaguar-vandenplas-1996","سبک جگوار وندن‌پلاس 1996"
"light-toyota-corolla-1991","سبک تویوتا کرولا 1991"
"light-mitsubishi-galant-1993","سبک میتسوبیشی گالانت 1993"
"light-lexus-ls400-1999","سبک لکسوس ال‌اس 400 1999"
"light-ford-ranger-2005","سبک فورد رینجر 2005"
"light-volvo-xc60-2013","سبک ولوو ایکس‌سی 60 2013"
"light-acura-rl-2000","سبک آکورا آر ال 2000"
"light-toyota-prius-2002","سبک تویوتا پریوس 2002"
"light-lincoln-limousine-2000","سبک لینکلن لیموزین 2000"
"light-hyundai-sonata-2013","سبک هیوندای سوناتا 2013"
"light-kia-sonet","سبک کیا سونت"
"light-lincoln-mkx-2009","سبک لینکلن ام‌کی‌ایکس 2009"
"light-porsche-911-1989","سبک پورشه 911 1989"
"light-dodge-dynasty-1991","سبک دوج داینستی 1991"
"light-volvo-xc70-2006","سبک ولوو ایکس‌سی 70 2006"
"light-ford-f250-2010","سبک فورد اف 250 2010"
"light-dodge-caliber-2007","سبک دوج کالیبر 2007"
"light-plymouth-breeze-1997","سبک پلیموت بریز 1997"
"light-chrysler-town&country-1990","سبک کرایسلر town country 1990"
"light-mercury-cougar-1983","سبک مرکوری کوگار 1983"
"light-dodge-magnum-2008","سبک دوج مگنوم 2008"
"light-buick-enclave-2013","سبک بیوک انکلیو 2013"
"light-nissan-titan-2013","سبک نیسان تایتان 2013"
"light-mercedes benz-s550-2010","سبک مرسدس بنز اس 550 2010"
"light-nissan-sentra-2004","سبک نیسان سنترا 2004"
"light-lexus-lx470-1998","سبک لکسوس ال‌ایکس 470 1998"
"light-toyota-prius-2012","سبک تویوتا پریوس 2012"
"light-mitsubishi-mirage-2001","سبک میتسوبیشی میرَج 2001"
"light-jeep-wagoneer-1988","سبک جیپ واگنییر 1988"
"light-chevrolet-cheyenne-1998","سبک شورلت شاین 1998"
"light-volkswagen-passat-2001","سبک فولکس واگن پاسات 2001"
"light-dodge-ram-2500-2015","سبک دوج رم 2500 2015"
"light-bmw-540i-1992","سبک بی‌ام‌دبلیو 540 ای 1992"
"light-nissan-370z-2012","سبک نیسان 370 زد 2012"
"light-dodge-viper-1994","سبک دوج وایپر 1994"
"light-chevrolet-celebrity-1989","سبک شورلت سلبریتی 1989"
"light-ford-five hundred-2014","سبک فورد five hundred 2014"
"light-chevrolet-corvette-2011","سبک شورلت کوروت 2011"
"light-mg-midget-1977","سبک ام‌جی میدجت 1977"
"light-mercury-mariner-2007","سبک مرکوری مارینر 2007"
"light-ford-crown victoria-2003","سبک فورد کراون victoria 2003"
"light-daewoo-nubira-2003","سبک دوو نوبیرا 2003"
"light-chevrolet-colorado-2011","سبک شورلت کلرادو 2011"
"light-jaguar-s-type-2001","سبک جگوار اس تایپ 2001"
"light-jeep-wrangler-1983","سبک جیپ رنگلر 1983"
"light-ford-e250-2013","سبک فورد ای 250 2013"
"light-chevrolet-el camino-1966","سبک شورلت ال camino 1966"
"light-ssangyong-tivoli-ir","سبک سانگ‌یانگ تیولی ای ار"
"light-audi-a6-2011","سبک آئودی ای 6 2011"
"light-ford-mustang-gt-convertible-1989","سبک فورد ماستانگ جی‌تی کروک 1989"
"light-ford-probe-1997","سبک فورد پروب 1997"
"light-ford-explorer-1935","سبک فورد اکسپلورر 1935"
"light-volkswagen-karmannghia-1969","سبک فولکس واگن کارمن‌گیا 1969"
"light-ford-freestar-2005","سبک فورد فری‌استار 2005"
"light-oldsmobile-aurora-1998","سبک اولدزموبیل آرورا 1998"
"light-brilliance-h230","سبک برلیانس اچ 230"
"light-jac-j3-hatchback","سبک جک جی 3 هاتچ‌بک"
"light-ford-f150-1991","سبک فورد اف 150 1991"
"light-ford-bronco-1992","سبک فورد برانکو 1992"
"light-scion-xb-2013","سبک سایون ایکس‌بی 2013"
"light-chevrolet-corvette-1976","سبک شورلت کوروت 1976"
"light-toyota-landcruiser-1994","سبک تویوتا لندکروز 1994"
"light-pontiac-grandprix-1993","سبک پونتیاک گرند پریکس 1993"
"light-toyota-previa-1994","سبک تویوتا پرویا 1994"
"light-cadillac-eldorado-1979","سبک کادیلاک الدورادو 1979"
"light-bmw-528i-1992","سبک بی‌ام‌دبلیو 528 ای 1992"
"light-volvo-s60-1996","سبک ولوو اس 60 1996"
"heavy-dafran","سنگین دفران"
"light-rollsroyce-corniche-1989","سبک رولزرویس کورنیش 1989"
"light-jeep-liberty-2005","سبک جیپ لیبرتی 2005"
"light-isuzu-trooper-1997","سبک ایسوزو تروپر 1997"
"light-chevrolet-silverado-2009","سبک شورلت سیلورادو 2009"
"light-kia-sedona-2010","سبک کیا سدونا 2010"
"light-chrysler-lebaron-1995","سبک کرایسلر لبران 1995"
"light-ford-mustang-gt-convertible-1994","سبک فورد ماستانگ جی‌تی کروک 1994"
"light-ford-fairlane-1956","سبک فورد فیرلین 1956"
"light-bmw-323i-2008","سبک بی‌ام‌دبلیو 323 ای 2008"
"light-ford-escort-1991","سبک فورد اسکورت 1991"
"light-mercedes-benz-van","سبک مرسدس بنز ون"
"light-honda-civic-2005","سبک هوندا سیویک 2005"
"light-nissan-truck-1991","سبک نیسان کامیون 1991"
"light-jaguar-xk-1998","سبک جگوار ایکس‌کی 1998"
"light-byd-s6","سبک بی‌وای‌دی اس 6"
"light-ford-e350-1986","سبک فورد ای 350 1986"
"light-chevrolet-tahoe-2000","سبک شورلت تاهو 2000"
"light-jeep-cj7-1979","سبک جیپ سی‌جی 7 1979"
"light-subaru-impreza-1998","سبک سوبارو ایمپرزا 1998"
"light-bmw-733i-1983","سبک بی‌ام‌دبلیو 733 ای 1983"
"light-renault-duster","سبک رنو داستر"
"light-ford-taurus-wagon-2000","سبک فورد تورس واگن 2000"
"light-acura-legend-1995","سبک آکورا افسانه 1995"
"light-jeep-wrangler-unlimited-2014","سبک جیپ رنگلر آنلیمیتد 2014"
"light-nissan-murano-2010","سبک نیسان مورانو 2010"
"light-mercury-sable-1995","سبک مرکوری سیبل 1995"
"light-porsche-cayenne","سبک پورشه کایین"
"light-isuzu-trooper-1999","سبک ایسوزو تروپر 1999"
"light-gmc-sierra-1500-1975","سبک جی‌ام‌سی سیرا 1500 1975"
"light-mitsubishi-mirage-1989","سبک میتسوبیشی میرَج 1989"
"light-ford-f250-1971","سبک فورد اف 250 1971"
"light-toyota-avalon-2002","سبک تویوتا اوالون 2002"
"light-holden-commodore-2013","سبک هولدن کومودور 2013"
"light-mitsubishi-montero-1992","سبک میتسوبیشی مونترو 1992"
"light-gmc-k2500-1993","سبک جی‌ام‌سی کی 2500 1993"
"light-mini-cooper-2011","سبک مینی کوپر 2011"
"light-ford-coupe-1932","سبک فورد کوپه 1932"
"light-mercedes benz-c320-2001","سبک مرسدس بنز سی 320 2001"
"light-volkswagen-golf-1986","سبک فولکس واگن گلف 1986"
"light-subaru-gl10-1987","سبک سوبارو جی‌ال 10 1987"
"light-bmw-330ci-2004","سبک بی‌ام‌دبلیو 330 سی‌آی 2004"
"light-ford-flex-2012","سبک فورد فلکس 2012"
"light-buick-century-1984","سبک بیوک سنتوری 1984"
"light-bmw-735i-1990","سبک بی‌ام‌دبلیو 735 ای 1990"
"light-ford-expedition-2010","سبک فورد اکسپدیشن 2010"
"light-chevrolet-astro-1987","سبک شورلت آسترو 1987"
"light-toyota-previa-2004","سبک تویوتا پرویا 2004"
"light-toyota-tacoma-2006","سبک تویوتا تاکوما 2006"
"light-gmc-sierra-1500-2002","سبک جی‌ام‌سی سیرا 1500 2002"
"light-chrysler-200-2014","سبک کرایسلر 200 2014"
"light-toyota-supra-1985","سبک تویوتا سوپرا 1985"
"light-gmc-sierra-2500-1991","سبک جی‌ام‌سی سیرا 2500 1991"
"light-dodge-aspen-1977","سبک دوج اسپن 1977"
"light-mercedes benz-sl600-1995","سبک مرسدس بنز اس‌ال 600 1995"
"light-toyota-celica-1991","سبک تویوتا سلیکا 1991"
"light-chevrolet-silverado-3500-2012","سبک شورلت سیلورادو 3500 2012"
"light-mercury-tracer-1993","سبک مرکوری تریسر 1993"
"light-hyundai-elantra-wagon-2010","سبک هیوندای الانترا واگن 2010"
"light-nissan-titan-2005","سبک نیسان تایتان 2005"
"light-pontiac-transam-1979","سبک پونتیاک ترانس‌ام 1979"
"light-xtrim-xtrim-exeed-txl","سبک ایکس‌ترم ایکس‌ترم اکسید تی‌ایکس‌ال"
"light-honda-delsol-1993","سبک هوندا دل‌سول 1993"
"light-plymouth-belvedere-1968","سبک پلیموت بلودِر 1968"
"light-lexus-gs350-2008","سبک لکسوس جی‌اس 350 2008"
"light-mercedes benz-e500-1994","سبک مرسدس بنز ای 500 1994"
"light-cadillac-deville-1962","سبک کادیلاک دویل 1962"
"light-toyota-sienna-2009","سبک تویوتا سیِنا 2009"
"light-ford-escort-2002","سبک فورد اسکورت 2002"
"light-gmc-suburban-2500-1999","سبک جی‌ام‌سی سابربن 2500 1999"
"light-dodge-durango-2011","سبک دوج دورانگو 2011"
"light-zotye-z300-im","سبک زوتی زد 300 آی‌ام"
"light-toyota-celica-1988","سبک تویوتا سلیکا 1988"
"light-infiniti-qx56-2004","سبک اینفینیتی کیو ایکس 56 2004"
"light-narvan-personal","سبک نروان شخصی"
"light-dodge-cummins-2001","سبک دوج کامینز 2001"
"light-audi-a5-2008","سبک آئودی ای 5 2008"
"light-chevrolet-corvette-1975","سبک شورلت کوروت 1975"
"light-bmw-325i-2007","سبک بی‌ام‌دبلیو 325 ای 2007"
"light-volvo-v70-2007","سبک ولوو وی 70 2007"
"light-pontiac-grandam-1996","سبک پونتیاک گرند ام 1996"
"light-volkswagen-passat-2010","سبک فولکس واگن پاسات 2010"
"light-audi-a6-2012","سبک آئودی ای 6 2012"
"light-mercury-villager-1999","سبک مرکوری ویلیجر 1999"
"light-mercedes benz-sprinter-2014","سبک مرسدس بنز اسپرینتر 2014"
"light-lincoln-towncar-2010","سبک لینکلن تاون‌کار 2010"
"light-toyota-sienna-2003","سبک تویوتا سیِنا 2003"
"light-buick-riviera-1992","سبک بیوک ریویرا 1992"
"light-bestune-t77","سبک بستون تی 77"
"light-volkswagen-routan-2010","سبک فولکس واگن روتان 2010"
"light-gmc-k1500-1989","سبک جی‌ام‌سی کی 1500 1989"
"light-chevrolet-s10-1900","سبک شورلت اس 10 1900"
"light-mercedes benz-ml55-2001","سبک مرسدس بنز ام‌ال 55 2001"
"light-mercury-grandmarquis-1973","سبک مرکوری گرند مارکویس 1973"
"light-chevrolet-traverse-2010","سبک شورلت ترورس 2010"
"light-chevrolet-prizm-1996","سبک شورلت پریزم 1996"
"light-gmc-sierra-2500-1995","سبک جی‌ام‌سی سیرا 2500 1995"
"light-bmw-535i-2003","سبک بی‌ام‌دبلیو 535 ای 2003"
"light-cadillac-deville-2002","سبک کادیلاک دویل 2002"
"light-lexus-sc430-2007","سبک لکسوس اس‌سی 430 2007"
"light-jeep-cj5-1983","سبک جیپ سی‌جی 5 1983"
"light-volvo-s80-2006","سبک ولوو اس 80 2006"
"light-mitsubishi-galant-1998","سبک میتسوبیشی گالانت 1998"
"light-chevrolet-cheyenne-1993","سبک شورلت شاین 1993"
"light-dodge-w150-2004","سبک دوج دبلیو 150 2004"
"light-mitsubishi-galant-2005","سبک میتسوبیشی گالانت 2005"
"light-subaru-outback-1994","سبک سوبارو آوت‌بک 1994"
"light-volkswagen-bug-2007","سبک فولکس واگن بگ 2007"
"light-gmc-safari-1999","سبک جی‌ام‌سی سافاری 1999"
"light-cadillac-deville-2006","سبک کادیلاک دویل 2006"
"light-bentley-arnage-2000","سبک بنتلی آرنِیج 2000"
"light-toyota-camry-1987","سبک تویوتا کمری 1987"
"light-nissan-sentra-1984","سبک نیسان سنترا 1984"
"light-chevrolet-suburban-1968","سبک شورلت سابربن 1968"
"light-ram-3500-2015","سبک رم 3500 2015"
"light-chevrolet-malibu-1997","سبک شورلت مالیبو 1997"
"light-suzuki-swift-2000","سبک سوزوکی سوئیفت 2000"
"light-bmw-z3-2000","سبک بی‌ام‌دبلیو زد 3 2000"
"light-lexus-rc350-2015","سبک لکسوس آرسی 350 2015"
"light-kia-rondo-2009","سبک کیا روندو 2009"
"light-acura-cl-1999","سبک آکورا سی‌ال 1999"
"light-chevrolet-nomad-1958","سبک شورلت نوما 1958"
"light-nissan-armada-2013","سبک نیسان آرمادا 2013"
"light-chevrolet-malibu-2014","سبک شورلت مالیبو 2014"
"light-chevrolet-pickup-1952","سبک شورلت پیکاپ 1952"
"light-bmw-320i-1983","سبک بی‌ام‌دبلیو 320 ای 1983"
"light-hyundai-xg350-2002","سبک هیوندای ایکس‌جی 350 2002"
"light-ford-expedition-2004","سبک فورد اکسپدیشن 2004"
"light-chevrolet-silverado-3500-2008","سبک شورلت سیلورادو 3500 2008"
"light-farda-suba-m4","سبک فردا سابا ام 4"
"light-saturn-sc2-1998","سبک ساترن اس‌سی 2 1998"
"light-suzuki-forenza-2008","سبک سوزوکی فورِنزا 2008"
"light-saab-9-3-convertible-1999","سبک ساب 9 3 کروک 1999"
"light-buick-skylark-1970","سبک بیوک اسکایلارک 1970"
"light-pontiac-transam-1995","سبک پونتیاک ترانس‌ام 1995"
"light-gmc-canyon-2005","سبک جی‌ام‌سی کنیون 2005"
"light-chevrolet-cavalier-2004","سبک شورلت کاوالیر 2004"
"light-peugeot-205","سبک پژو 205"
"light-ford-mustang-1970","سبک فورد ماستانگ 1970"
"light-mercedes benz-sl380-1985","سبک مرسدس بنز اس‌ال 380 1985"
"light-ford-escort-1998","سبک فورد اسکورت 1998"
"light-pontiac-firebird-1971","سبک پونتیاک فایربرد 1971"
"light-mercedes benz-c230-2004","سبک مرسدس بنز سی 230 2004"
"light-saturn-l200-2000","سبک ساترن ال 200 2000"
"light-mercedes benz-slk280-1974","سبک مرسدس بنز اس‌ال‌کی 280 1974"
"light-pontiac-montana-2003","سبک پونتیاک مونتانا 2003"
"light-mercedes benz-sl500-1994","سبک مرسدس بنز اس‌ال 500 1994"
"light-hyundai-excel-1994","سبک هیوندای اکسل 1994"
"light-volkswagen-jetta-1998","سبک فولکس واگن جتا 1998"
"light-toyota-camry-2002","سبک تویوتا کمری 2002"
"light-ford-taurus-1987","سبک فورد تورس 1987"
"light-nissan-xterra-2011","سبک نیسان اکستررا 2011"
"light-gmc-suburban-2500-1993","سبک جی‌ام‌سی سابربن 2500 1993"
"light-ford-bronco-1979","سبک فورد برانکو 1979"
"light-bmw-m3-2012","سبک بی‌ام‌دبلیو ام 3 2012"
"light-dodge-ram-3500-2008","سبک دوج رم 3500 2008"
"light-fownix-tiggo-8-pro","سبک فونییکس تیگو 8 پرو"
"light-oldsmobile-toronado-1966","سبک اولدزموبیل تورونادو 1966"
"light-mazda-mpv-2006","سبک مزدا ام‌پی‌وی 2006"
"light-chevrolet-corvette-2004","سبک شورلت کوروت 2004"
"light-lexus-ls400-1997","سبک لکسوس ال‌اس 400 1997"
"light-ford-aerostar-1988","سبک فورد ایرواستار 1988"
"light-landrover-rangerover-1997","سبک لندروور رِنج روور 1997"
"light-infiniti-g35-coupe-2003","سبک اینفینیتی جی 35 کوپه 2003"
"light-kmc-k7","سبک کی‌ام‌سی کی 7"
"light-fiat-five hundred-2014","سبک فیات five hundred 2014"
"light-pontiac-solstice-2009","سبک پونتیاک سولستیس 2009"
"light-mazda-rx7-1983","سبک مزدا آرایکس 7 1983"
"light-bmw-m5-2007","سبک بی‌ام‌دبلیو ام 5 2007"
"light-bmw-3series-2006","سبک بی‌ام‌دبلیو 3 سری 2006"
"light-bmw-225i","سبک بی‌ام‌دبلیو 225 ای"
"light-buick-parkavenue-2005","سبک بیوک پارک اونیو 2005"
"light-lexus-rx","سبک لکسوس آرایکس"
"light-mercury-mountaineer-2003","سبک مرکوری مونتینیر 2003"
"light-suzuki-swift-1994","سبک سوزوکی سوئیفت 1994"
"light-volvo-vnl-2008","سبک ولوو وی‌ان‌ال 2008"
"light-toyota-supra-1984","سبک تویوتا سوپرا 1984"
"light-chrysler-voyager-1997","سبک کرایسلر وویجر 1997"
"light-honda-civic-hatchback-2004","سبک هوندا سیویک هاتچ‌بک 2004"
"light-mercury-mystique-1996","سبک مرکوری میستیک 1996"
"light-plymouth-satellite-1971","سبک پلیموت ساتلایت 1971"
"light-dodge-w150-1993","سبک دوج دبلیو 150 1993"
"light-chevrolet-cruze-2012","سبک شورلت کروز 2012"
"light-ford-f100-1975","سبک فورد اف 100 1975"
"light-buick-regal-1984","سبک بیوک ریگال 1984"
"light-chrysler-concorde-1999","سبک کرایسلر کانکورد 1999"
"light-ford-mustang-1985","سبک فورد ماستانگ 1985"
"heavy-yuejin","سنگین یوجین"
"light-dongfeng-h30-cross","سبک دونگ‌فنگ اچ 30 کراس"
"light-porsche-928-1980","سبک پورشه 928 1980"
"light-pontiac-grandprix-1999","سبک پونتیاک گرند پریکس 1999"
"light-mercedes benz-slr-2003","سبک مرسدس بنز اس‌ال‌آر 2003"
"light-acura-tsx-2005","سبک آکورا تی‌اس‌ایکس 2005"
"light-mercedes benz-sl500-2002","سبک مرسدس بنز اس‌ال 500 2002"
"light-infiniti-q45-2000","سبک اینفینیتی کیو 45 2000"
"light-mazda-b2600-1993","سبک مزدا بی 2600 1993"
"light-kia-optima-2002","سبک کیا اپتیما 2002"
"light-nissan-quest-1995","سبک نیسان کوئست 1995"
"light-cadillac-cts-2002","سبک کادیلاک سی‌تی‌اس 2002"
"light-buick-rainier-2007","سبک بیوک رِینیِر 2007"
"light-audi-a8-2006","سبک آئودی ای 8 2006"
"light-bmw-528i-2004","سبک بی‌ام‌دبلیو 528 ای 2004"
"light-toyota-yaris-sedan","سبک تویوتا یاریس سدان"
"light-ford-taurus-2000","سبک فورد تورس 2000"
"light-chevrolet-hhr-2008","سبک شورلت اچ‌اچ‌آر 2008"
"light-plymouth-prowler-1997","سبک پلیموت پراولر 1997"
"light-pontiac-grandam-2005","سبک پونتیاک گرند ام 2005"
"light-chevrolet-trailblazer-2003","سبک شورلت تریل‌بلیزر 2003"
"light-acura-rl-2003","سبک آکورا آر ال 2003"
"light-honda-element-2006","سبک هوندا المنت 2006"
"light-toyota-venza-2011","سبک تویوتا ونزا 2011"
"light-volkswagen-squareback-1973","سبک فولکس واگن اسکوئر‌بک 1973"
"light-oldsmobile-ninetyeight-1997","سبک اولدزموبیل ناین‌تی‌اییت 1997"
"light-acura-rl-2006","سبک آکورا آر ال 2006"
"light-dodge-stratus-2002","سبک دوج استراتوس 2002"
"light-nissan-rogue-2012","سبک نیسان روگ 2012"
"light-kia-forte-2012","سبک کیا فورته 2012"
"light-buick-skylark-1991","سبک بیوک اسکایلارک 1991"
"light-honda-zr-v-hybrid","سبک هوندا زد‌آر وی هیبرید"
"light-hyundai-accent-1997","سبک هیوندای اکسنت 1997"
"light-chevrolet-impala-1969","سبک شورلت ایمپالا 1969"
"light-mazda-tribute-2006","سبک مزدا تریبیوت 2006"
"light-toyota-rav4-2006","سبک تویوتا راو 4 2006"
"light-toyota-mr2-1985","سبک تویوتا ام آر 2 1985"
"light-audi-tt-2013","سبک آئودی تی‌تی 2013"
"light-hyundai-sonata-lf","سبک هیوندای سوناتا ال‌اف"
"light-gmc-safari-1996","سبک جی‌ام‌سی سافاری 1996"
"light-chevrolet-suburban-1997","سبک شورلت سابربن 1997"
"light-audi-allroad-2001","سبک آئودی آل‌رود 2001"
"light-mercedes benz-slc450-1980","سبک مرسدس بنز اس‌ال‌سی 450 1980"
"light-jaguar-xj-convertible-1992","سبک جگوار ایکس‌جی کروک 1992"
"light-cadillac-fleetwood-1995","سبک کادیلاک فلیت‌وود 1995"
"light-pride-station","سبک پراید استیشن"
"light-chevrolet-bonanza-1979","سبک شورلت بننزا 1979"
"light-oldsmobile-bravada-1993","سبک اولدزموبیل براوادا 1993"
"light-amc-eagle-1985","سبک ای‌ام‌سی ایگل 1985"
"light-chevrolet-apache-1960","سبک شورلت آپاش 1960"
"light-toyota-sienna-1997","سبک تویوتا سیِنا 1997"
"light-oldsmobile-cutlass-1977","سبک اولدزموبیل کاتلاس 1977"
"light-mazda-3-2008","سبک مزدا 3 2008"
"light-chevrolet-venture-2004","سبک شورلت ونچر 2004"
"light-ford-deluxe-1940","سبک فورد دلوکس 1940"
"light-acura-rl-1997","سبک آکورا آر ال 1997"
"light-volkswagen-fox-1987","سبک فولکس واگن فاکس 1987"
"light-chevrolet-corvette-1984","سبک شورلت کوروت 1984"
"light-toyota-camry-2006","سبک تویوتا کمری 2006"
"light-saturn-l300-2003","سبک ساترن ال 300 2003"
"light-honda-civic-coupe-1990","سبک هوندا سیویک کوپه 1990"
"light-jeep-wrangler-2014","سبک جیپ رنگلر 2014"
"light-renault-fluence","سبک رنو فلوانس"
"light-dodge-spirit-1989","سبک دوج اسپریت 1989"
"light-pontiac-montana-2006","سبک پونتیاک مونتانا 2006"
"light-maserati-quattroporte-2005","سبک مازراتی کواتروپورته 2005"
"light-honda-element-2010","سبک هوندا المنت 2010"
"light-mazda-speed3-2009","سبک مزدا اسپید 3 2009"
"light-landrover-lr4-2011","سبک لندروور ال‌آر 4 2011"
"light-honda-accord-1994","سبک هوندا آکورد 1994"
"light-nissan-xterra-2004","سبک نیسان اکستررا 2004"
"light-volkswagen-cabrio-1998","سبک فولکس واگن کابریو 1998"
"light-pontiac-montana-1997","سبک پونتیاک مونتانا 1997"
"light-dodge-charger-1983","سبک دوج شارجر 1983"
"light-gmc-savana-2000","سبک جی‌ام‌سی ساوانا 2000"
"light-chrysler-town&country-2004","سبک کرایسلر town country 2004"
"light-hyundai-tucson-ix35","سبک هیوندای توکسون آی‌ایکس 35"
"light-hyundai-elantra-1996","سبک هیوندای الانترا 1996"
"light-pride-pickup","سبک پراید پیکاپ"
"light-chevrolet-c20-1983","سبک شورلت سی 20 1983"
"light-pontiac-grandprix-1987","سبک پونتیاک گرند پریکس 1987"
"light-dodge-demon-1971","سبک دوج دیمن 1971"
"light-bmw-525i-1990","سبک بی‌ام‌دبلیو 525 ای 1990"
"light-toyota-rav4-2003","سبک تویوتا راو 4 2003"
"light-chrysler-lhs-1999","سبک کرایسلر ال‌اچ‌اس 1999"
"light-lexus-es300-2004","سبک لکسوس ای اس 300 2004"
"light-volkswagen-jetta-2010","سبک فولکس واگن جتا 2010"
"light-audi-s8-2003","سبک آئودی اس 8 2003"
"light-volkswagen-bus-1977","سبک فولکس واگن اتوبوس 1977"
"light-lexus-es330-2005","سبک لکسوس ای اس 330 2005"
"light-toyota-previa-1992","سبک تویوتا پرویا 1992"
"light-joylong-van","سبک جوی‌لانگ ون"
"light-toyota-celica-1981","سبک تویوتا سلیکا 1981"
"light-gmc-sierra-3500-1988","سبک جی‌ام‌سی سیرا 3500 1988"
"light-chevrolet-blazer-1987","سبک شورلت بلیزر 1987"
"light-zamyad-dorka","سبک زامیاد دورکا"
"light-renault-21","سبک رنو 21"
"light-lincoln-ls-2002","سبک لینکلن ال‌اس 2002"
"light-chevrolet-impala-2015","سبک شورلت ایمپالا 2015"
"light-chrysler-town&country-1996","سبک کرایسلر town country 1996"
"light-honda-prelude-1993","سبک هوندا پرلود 1993"
"light-citroen-c5","سبک سیتروئن سی 5"
"light-subaru-impreza-wagon-2007","سبک سوبارو ایمپرزا واگن 2007"
"light-lincoln-continental-1959","سبک لینکلن کانتیننتال 1959"
"light-sunbeam-rapier-1958","سبک سان بیم ریپر 1958"
"light-volkswagen-passat-2008","سبک فولکس واگن پاسات 2008"
"light-toyota-celica-1978","سبک تویوتا سلیکا 1978"
"light-mazda-3-2007","سبک مزدا 3 2007"
"light-mercedes benz-clk350-2008","سبک مرسدس بنز سی‌ال‌کا 350 2008"
"light-porsche-cayenne-2011","سبک پورشه کایین 2011"
"light-audi-allroad-2003","سبک آئودی آل‌رود 2003"
"light-chevrolet-camaro-1974","سبک شورلت کامارو 1974"
"light-volvo-s60-2001","سبک ولوو اس 60 2001"
"light-bmw-328ic-1998","سبک بی‌ام‌دبلیو 328 آی‌سی 1998"
"light-lincoln-navigator-2011","سبک لینکلن نویگیتور 2011"
"light-mazda-3-2012","سبک مزدا 3 2012"
"light-chevrolet-prizm-1998","سبک شورلت پریزم 1998"
"light-chevrolet-c10-1969","سبک شورلت سی 10 1969"
"light-zx-auto-g9","سبک زد‌ایکس اتوماتیک جی 9"
"light-infiniti-j30-1996","سبک اینفینیتی جی 30 1996"
"light-bmw-3series-1992","سبک بی‌ام‌دبلیو 3 سری 1992"
"light-acura-cl-1997","سبک آکورا سی‌ال 1997"
"light-ford-crown victoria-2008","سبک فورد کراون victoria 2008"
"light-chevrolet-silverado-1988","سبک شورلت سیلورادو 1988"
"light-buick-skylark-1976","سبک بیوک اسکایلارک 1976"
"light-nissan-quest-1998","سبک نیسان کوئست 1998"
"light-chevrolet-suburban-2010","سبک شورلت سابربن 2010"
"light-mercedes-benz-van-vito","سبک مرسدس بنز ون ویتو"
"light-toyota-rav4-2016","سبک تویوتا راو 4 2016"
"light-mitsubishi-mirage-2015","سبک میتسوبیشی میرَج 2015"
"light-ford-e250-2008","سبک فورد ای 250 2008"
"light-chevrolet-c10-1968","سبک شورلت سی 10 1968"
"light-plymouth-colt-1989","سبک پلیموت کولت 1989"
"light-gmc-safari-1993","سبک جی‌ام‌سی سافاری 1993"
"light-kia-sorento-2011","سبک کیا سورنتو 2011"
"light-ford-crown victoria-2000","سبک فورد کراون victoria 2000"
"light-chevrolet-vega-1977","سبک شورلت وگا 1977"
"light-pontiac-bonneville-1994","سبک پونتیاک بانوویل 1994"
"light-audi-a4-2004","سبک آئودی ای 4 2004"
"light-nissan-maxima-2013","سبک نیسان ماکسیما 2013"
"light-mitsubishi-eclipse-convertible-2010","سبک میتسوبیشی اکلیپس کروک 2010"
"light-mazda-b2300-2002","سبک مزدا بی 2300 2002"
"light-porsche-911-1999","سبک پورشه 911 1999"
"light-jaguar-x-type-2008","سبک جگوار ایکس تایپ 2008"
"light-chevrolet-impala-2013","سبک شورلت ایمپالا 2013"
"light-mazda-626-2000","سبک مزدا 626 2000"
"light-nissan-pathfinder-2003","سبک نیسان پث‌فایندر 2003"
"light-nissan-frontier-2010","سبک نیسان فرانتیر 2010"
"light-gmc-denali-2011","سبک جی‌ام‌سی دنالی 2011"
"light-mitsubishi-eclipse-2002","سبک میتسوبیشی اکلیپس 2002"
"light-chevrolet-210-2017","سبک شورلت 210 2017"
"light-chevrolet-trailblazer-2006","سبک شورلت تریل‌بلیزر 2006"
"light-volkswagen-beetle-1957","سبک فولکس واگن بیتل 1957"
"light-chevrolet-c-k1500-2008","سبک شورلت سی کی 1500 2008"
"light-oldsmobile-eightyeight-1995","سبک اولدزموبیل ایتیتیایت 1995"
"light-mercury-mountaineer-1997","سبک مرکوری مونتینیر 1997"
"light-nissan-200sx-1996","سبک نیسان 200 اس‌ایکس 1996"
"light-volkswagen-golf-1994","سبک فولکس واگن گلف 1994"
"light-mitsubishi-outlander-2008","سبک میتسوبیشی آوتلندر 2008"
"light-ford-e250-2011","سبک فورد ای 250 2011"
"light-plymouth-voyager-1995","سبک پلیموت وویجر 1995"
"light-mitsubishi-mirage-2000","سبک میتسوبیشی میرَج 2000"
"light-geely-emgrand-7-rv","سبک جیلی ام‌گرند 7 آروی"
"light-toyota-prius-2015","سبک تویوتا پریوس 2015"
"light-mercedes benz-slk300-1990","سبک مرسدس بنز اس‌ال‌کی 300 1990"
"light-jeep-grand-cherokee-2001","سبک جیپ گرند چروکی 2001"
"light-jeep-cherokee-1984","سبک جیپ چروکی 1984"
"light-volkswagen-cabriolet-1986","سبک فولکس واگن کابریولت 1986"
"light-chevrolet-c10-2002","سبک شورلت سی 10 2002"
"light-mitsubishi-lancer-2014","سبک میتسوبیشی لنسر 2014"
"light-mercedes benz-sl500-1992","سبک مرسدس بنز اس‌ال 500 1992"
"light-ford-f250-2015","سبک فورد اف 250 2015"
"light-gmc-jimmy-2000","سبک جی‌ام‌سی جیمی 2000"
"light-dodge-nitro-2010","سبک دوج نیترو 2010"
"light-plymouth-reliant-1989","سبک پلیموت رِلاینت 1989"
"light-gmc-c1500-1988","سبک جی‌ام‌سی سی 1500 1988"
"light-acura-mdx-2011","سبک آکورا ام‌دی‌ایکس 2011"
"light-volvo-cx90-2004","سبک ولوو سی‌ایکس 90 2004"
"light-chevrolet-c-k1500-1997","سبک شورلت سی کی 1500 1997"
"light-audi-a6-2005","سبک آئودی ای 6 2005"
"light-subaru-outback-1993","سبک سوبارو آوت‌بک 1993"
"light-land-rover-range-rover","سبک لند روور رنج روور"
"light-mg-gs","سبک ام‌جی جی‌اس"
"light-bmw-2-series-convertible","سبک بی‌ام‌دبلیو 2 سری کروک"
"light-bmw-330i-2001","سبک بی‌ام‌دبلیو 330 ای 2001"
"light-gmc-sierra-2500-2003","سبک جی‌ام‌سی سیرا 2500 2003"
"light-toyota-camry-se-2011","سبک تویوتا کمری اس‌ای 2011"
"light-hyundai-santafe-2013","سبک هیوندای سانتافه 2013"
"light-oldsmobile-cutlass-1999","سبک اولدزموبیل کاتلاس 1999"
"light-mini-cooper-s","سبک مینی کوپر اس"
"light-pontiac-grandam-2000","سبک پونتیاک گرند ام 2000"
"light-hyundai-veracruz-2009","سبک هیوندای ورا کراس 2009"
"light-mazda-protege-2013","سبک مزدا پروتژه 2013"
"light-gmc-sierra-2500-1986","سبک جی‌ام‌سی سیرا 2500 1986"
"light-audi-cabriolet-1996","سبک آئودی کابریولت 1996"
"light-chevrolet-lumina-1993","سبک شورلت لومینا 1993"
"light-volkswagen-touareg-2012","سبک فولکس واگن توارگ 2012"
"light-honda-civic-hatchback-1991","سبک هوندا سیویک هاتچ‌بک 1991"
"light-ford-crown victoria-2002","سبک فورد کراون victoria 2002"
"light-dodge-d350-1986","سبک دوج دی 350 1986"
"light-toyota-corolla-s-2002","سبک تویوتا کرولا اس 2002"
"light-suzuki-kizashi-2010","سبک سوزوکی کیزاشی 2010"
"light-cadillac-brougham-1992","سبک کادیلاک براگام 1992"
"light-mitsubishi-eclipse-cross","سبک میتسوبیشی اکلیپس کراس"
"light-jeep-grand-cherokee-2009","سبک جیپ گرند چروکی 2009"
"light-lincoln-navigator-2002","سبک لینکلن نویگیتور 2002"
"light-ford-f150-2006","سبک فورد اف 150 2006"
"light-mercury-comet-1960","سبک مرکوری کامت 1960"
"light-chevrolet-colorado-2003","سبک شورلت کلرادو 2003"
"light-chevrolet-bel air-1969","سبک شورلت بل هوا 1969"
"light-honda-civic-2008","سبک هوندا سیویک 2008"
"light-gmc-c6500-2001","سبک جی‌ام‌سی سی 6500 2001"
"light-mercedes benz-s600-2001","سبک مرسدس بنز اس 600 2001"
"light-toyota-mr2-1992","سبک تویوتا ام آر 2 1992"
"light-chevrolet-cavalier-2003","سبک شورلت کاوالیر 2003"
"light-mercedes benz-slk350-2007","سبک مرسدس بنز اس‌ال‌کی 350 2007"
"light-pars-khodro-p90","سبک پارس خودرو پی 90"
"light-pontiac-lemans-1971","سبک پونتیاک لومانس 1971"
"light-ford-thunderbird-1962","سبک فورد تاندر‌برد 1962"
"light-chevrolet-210-1954","سبک شورلت 210 1954"
"light-porsche-944-1983","سبک پورشه 944 1983"
"light-pontiac-grandam-2002","سبک پونتیاک گرند ام 2002"
"light-mazda-rx7-1981","سبک مزدا آرایکس 7 1981"
"light-ford-f100-1961","سبک فورد اف 100 1961"
"light-ford-f100-1957","سبک فورد اف 100 1957"
"light-mercury-tracer-1998","سبک مرکوری تریسر 1998"
"light-toyota-echo-2002","سبک تویوتا اکو 2002"
"light-acura-tl-1997","سبک آکورا تی‌ال 1997"
"light-ford-f350-2014","سبک فورد اف 350 2014"
"light-ssangyong-rexton","سبک سانگ‌یانگ رکستون"
"light-jeep-wrangler-1992","سبک جیپ رنگلر 1992"
"light-infiniti-i30-2000","سبک اینفینیتی ای 30 2000"
"light-audi-s6-2001","سبک آئودی اس 6 2001"
"light-chrysler-pt cruiser-2007","سبک کرایسلر pt کروزر 2007"
"light-ford-contour-1997","سبک فورد کنتور 1997"
"light-bmw-3series-2005","سبک بی‌ام‌دبلیو 3 سری 2005"
"light-chevrolet-traverse-2013","سبک شورلت ترورس 2013"
"light-chevrolet-corvette-1999","سبک شورلت کوروت 1999"
"light-mitsubishi-eclipse-1995","سبک میتسوبیشی اکلیپس 1995"
"light-gmc-savana-2500-2003","سبک جی‌ام‌سی ساوانا 2500 2003"
"light-toyota-camry-se-2015","سبک تویوتا کمری اس‌ای 2015"
"light-infiniti-i30-1998","سبک اینفینیتی ای 30 1998"
"light-dodge-dakota-1992","سبک دوج داکوتا 1992"
"light-chevrolet-s10-2016","سبک شورلت اس 10 2016"
"light-plymouth-barracuda-1971","سبک پلیموت باراکودا 1971"
"light-buick-electra-1968","سبک بیوک الکترا 1968"
"light-nissan-sentra-2005","سبک نیسان سنترا 2005"
"light-nissan-300zx-1984","سبک نیسان 300 زد‌ایکس 1984"
"light-mini-cooper-2003","سبک مینی کوپر 2003"
"light-nissan-300zx-1993","سبک نیسان 300 زد‌ایکس 1993"
"light-mini-countryman","سبک مینی کانتری‌من"
"light-volvo-s60-2014","سبک ولوو اس 60 2014"
"light-bmw-640i-2014","سبک بی‌ام‌دبلیو 640 ای 2014"
"light-porsche-911-1974","سبک پورشه 911 1974"
"light-dodge-ram-2500-1999","سبک دوج رم 2500 1999"
"light-dodge-d100-1964","سبک دوج دی 100 1964"
"light-bmw-540i-1995","سبک بی‌ام‌دبلیو 540 ای 1995"
"light-ford-crown victoria-1990","سبک فورد کراون victoria 1990"
"light-lincoln-continental-1962","سبک لینکلن کانتیننتال 1962"
"light-scion-iq-2013","سبک سایون آی‌کیو 2013"
"light-toyota-camry-1991","سبک تویوتا کمری 1991"
"light-kia-sportage-1996","سبک کیا اسپورتیج 1996"
"light-dodge-d250-1992","سبک دوج دی 250 1992"
"light-saturn-vue-2002","سبک ساترن ویو 2002"
"light-lexus-sc400-1995","سبک لکسوس اس‌سی 400 1995"
"light-pontiac-firebird-1973","سبک پونتیاک فایربرد 1973"
"light-buick-century-2001","سبک بیوک سنتوری 2001"
"light-mercedes benz-s430-2003","سبک مرسدس بنز اس 430 2003"
"light-toyota-corolla-ce-2005","سبک تویوتا کرولا سی‌ئی 2005"
"light-chevrolet-tahoe-1995","سبک شورلت تاهو 1995"
"light-bmw-x3-2010","سبک بی‌ام‌دبلیو ایکس 3 2010"
"light-toyota-sienna-2002","سبک تویوتا سیِنا 2002"
"light-bmw-z3-2004","سبک بی‌ام‌دبلیو زد 3 2004"
"light-saturn-view-2003","سبک ساترن ویو 2003"
"light-volvo-960-wagon-1993","سبک ولوو 960 واگن 1993"
"light-subaru-forester-2010","سبک سوبارو فورستر 2010"
"light-toyota-tacoma-1992","سبک تویوتا تاکوما 1992"
"light-oldsmobile-bravada-2000","سبک اولدزموبیل براوادا 2000"
"light-volkswagen-cabriolet-1985","سبک فولکس واگن کابریولت 1985"
"light-lexus-lx470-2005","سبک لکسوس ال‌ایکس 470 2005"
"light-kia-optima-2010","سبک کیا اپتیما 2010"
"light-bmw-535i-2012","سبک بی‌ام‌دبلیو 535 ای 2012"
"light-jaguar-vandenplas-1999","سبک جگوار وندن‌پلاس 1999"
"light-oldsmobile-toronado-1985","سبک اولدزموبیل تورونادو 1985"
"light-kia-sportage-2011","سبک کیا اسپورتیج 2011"
"light-scion-tc-2006","سبک سایون تی‌سی 2006"
"light-nissan-truck-1997","سبک نیسان کامیون 1997"
"light-kia-sorento-2012","سبک کیا سورنتو 2012"
"light-honda-crx-1987","سبک هوندا سی‌آر‌ایکس 1987"
"heavy-isuzu","سنگین ایسوزو"
"light-dodge-ram-1500-2006","سبک دوج رم 1500 2006"
"light-ford-f350-2006","سبک فورد اف 350 2006"
"light-bmw-528i-2009","سبک بی‌ام‌دبلیو 528 ای 2009"
"light-dodge-w150-1984","سبک دوج دبلیو 150 1984"
"light-chrysler-pacifica-2006","سبک کرایسلر پاسفیکا 2006"
"light-mitsubishi-mirage-1991","سبک میتسوبیشی میرَج 1991"
"light-ford-ranger-1997","سبک فورد رینجر 1997"
"light-pontiac-sunfire-1996","سبک پونتیاک سان‌فایر 1996"
"light-farda-t5","سبک فردا تی 5"
"light-mazda-b2300-2009","سبک مزدا بی 2300 2009"
"light-subaru-impreza-wagon-2003","سبک سوبارو ایمپرزا واگن 2003"
"light-jeep-wrangler-tj-1997","سبک جیپ رنگلر تی‌جی 1997"
"light-nissan-sentra-2014","سبک نیسان سنترا 2014"
"light-mitsubishi-diamante-2003","سبک میتسوبیشی دیامانته 2003"
"light-chrysler-new yorker-1989","سبک کرایسلر جدید yorker 1989"
"light-foton-van","سبک فوتون ون"
"light-chevrolet-c20-1981","سبک شورلت سی 20 1981"
"light-toyota-mr2-2001","سبک تویوتا ام آر 2 2001"
"light-bmw-m6-2007","سبک بی‌ام‌دبلیو ام 6 2007"
"light-ford-f350-2015","سبک فورد اف 350 2015"
"light-mitsubishi-outlander-phev","سبک میتسوبیشی آوتلندر پی‌اچ‌ای‌وی"
"light-lincoln-limousine-1989","سبک لینکلن لیموزین 1989"
"light-jaguar-vandenplas-1986","سبک جگوار وندن‌پلاس 1986"
"light-chevrolet-suburban-2013","سبک شورلت سابربن 2013"
"light-chevrolet-trailblazer-2007","سبک شورلت تریل‌بلیزر 2007"
"light-maserati-quattroporte-2007","سبک مازراتی کواتروپورته 2007"
"light-chevrolet-lumina-1994","سبک شورلت لومینا 1994"
"light-gmc-suburban-1500-1997","سبک جی‌ام‌سی سابربن 1500 1997"
"light-bmw-335xi-2007","سبک بی‌ام‌دبلیو 335 ایکس‌آی 2007"
"light-bmw-530i-2003","سبک بی‌ام‌دبلیو 530 ای 2003"
"light-jeep-cherokee-1985","سبک جیپ چروکی 1985"
"light-suzuki-reno-2006","سبک سوزوکی رنو 2006"
"light-gmc-suburban-1500-1993","سبک جی‌ام‌سی سابربن 1500 1993"
"light-buick-century-1992","سبک بیوک سنتوری 1992"
"light-hyundai-xg300-2001","سبک هیوندای ایکس‌جی 300 2001"
"light-isuzu-npr-2006","سبک ایسوزو ان‌پی‌آر 2006"
"light-ford-mustang-gt-1992","سبک فورد ماستانگ جی‌تی 1992"
"light-dodge-magnum-1996","سبک دوج مگنوم 1996"
"light-mazda-626-2007","سبک مزدا 626 2007"
"light-ford-f250-2004","سبک فورد اف 250 2004"
"light-landrover-rangerover-2001","سبک لندروور رِنج روور 2001"
"light-hyundai-tucson-2009","سبک هیوندای توکسون 2009"
"light-volvo-xc70-2005","سبک ولوو ایکس‌سی 70 2005"
"light-ford-escape-2008","سبک فورد اسکیپ 2008"
"light-honda-cr-v-2008","سبک هوندا سی ار وی 2008"
"light-ford-ranger-1990","سبک فورد رینجر 1990"
"light-porsche-boxster-2002","سبک پورشه باکستر 2002"
"light-chevrolet-blazer-1982","سبک شورلت بلیزر 1982"
"light-chevrolet-c5500-2005","سبک شورلت سی 5500 2005"
"light-subaru-forester-2014","سبک سوبارو فورستر 2014"
"light-chrysler-sebring-2005","سبک کرایسلر سبرینگ 2005"
"light-lincoln-continental-1985","سبک لینکلن کانتیننتال 1985"
"light-honda-accord-1982","سبک هوندا آکورد 1982"
"light-chevrolet-c10-1994","سبک شورلت سی 10 1994"
"light-bmw-z3-1999","سبک بی‌ام‌دبلیو زد 3 1999"
"light-ford-f350-1983","سبک فورد اف 350 1983"
"light-acura-ilx-2013","سبک آکورا آی‌ال‌ایکس 2013"
"light-ford-f250-1976","سبک فورد اف 250 1976"
"light-chevrolet-captiva-2012","سبک شورلت کاپتیوا 2012"
"light-gmc-sierra-2500-1996","سبک جی‌ام‌سی سیرا 2500 1996"
"light-honda-odyssey-2002","سبک هوندا ادسی 2002"
"light-dodge-dart-1990","سبک دوج دارت 1990"
"light-toyota-celica-1985","سبک تویوتا سلیکا 1985"
"light-chevrolet-avalanche-2007","سبک شورلت آوالانچ 2007"
"light-infiniti-g20-1994","سبک اینفینیتی جی 20 1994"
"light-nissan-xterra-2003","سبک نیسان اکستررا 2003"
"light-chevrolet-cruze-2016","سبک شورلت کروز 2016"
"light-peugeot-207i","سبک پژو 207 ای"
"light-ford-f100-1954","سبک فورد اف 100 1954"
"light-chevrolet-colorado-2012","سبک شورلت کلرادو 2012"
"light-buick-riviera-1963","سبک بیوک ریویرا 1963"
"light-capra-double-cabin","سبک کاپرا دوگانه کابین"
"light-jeep-shahbaz","سبک جیپ شاهباز"
"light-pontiac-firebird-1997","سبک پونتیاک فایربرد 1997"
"light-bmw-318i-1997","سبک بی‌ام‌دبلیو 318 ای 1997"
"light-toyota-corolla-1989","سبک تویوتا کرولا 1989"
"light-mitsubishi-eclipse-2003","سبک میتسوبیشی اکلیپس 2003"
"light-honda-odyssey-1995","سبک هوندا ادسی 1995"
"light-audi-a8-2008","سبک آئودی ای 8 2008"
"light-mazda-b2300-2005","سبک مزدا بی 2300 2005"
"light-mini-cooper-2015","سبک مینی کوپر 2015"
"light-ford-e250-1992","سبک فورد ای 250 1992"
"light-chevrolet-sierra-2008","سبک شورلت سیرا 2008"
"light-nissan-quest-2001","سبک نیسان کوئست 2001"
"light-chevrolet-el camino-1987","سبک شورلت ال camino 1987"
"light-subaru-impreza-2004","سبک سوبارو ایمپرزا 2004"
"light-honda-accord-1998","سبک هوندا آکورد 1998"
"light-ford-mustang-convertible-1972","سبک فورد ماستانگ کروک 1972"
"light-toyota-celica-2005","سبک تویوتا سلیکا 2005"
"light-gmc-sierra-1500-1990","سبک جی‌ام‌سی سیرا 1500 1990"
"light-chevrolet-impala-1989","سبک شورلت ایمپالا 1989"
"light-bmw-528i-1967","سبک بی‌ام‌دبلیو 528 ای 1967"
"light-toyota-tundra-2013","سبک تویوتا تاندرا 2013"
"light-mercedes benz-e350-2005","سبک مرسدس بنز ای 350 2005"
"light-subaru-outback-2000","سبک سوبارو آوت‌بک 2000"
"light-toyota-celica-convertible-1987","سبک تویوتا سلیکا کروک 1987"
"light-ford-focus-2010","سبک فورد فوکوس 2010"
"light-cadillac-deville-1965","سبک کادیلاک دویل 1965"
"light-bmw-m3-convertible-2004","سبک بی‌ام‌دبلیو ام 3 کروک 2004"
"light-ario","سبک آریو"
"light-volvo-s90-1997","سبک ولوو اس 90 1997"
"light-cadillac-escalade-2003","سبک کادیلاک اسکالید 2003"
"light-bmw-z4-2006","سبک بی‌ام‌دبلیو زد 4 2006"
"light-jeep-cj5-1965","سبک جیپ سی‌جی 5 1965"
"light-dodge-charger-1991","سبک دوج شارجر 1991"
"light-volvo-s70-1998","سبک ولوو اس 70 1998"
"light-mazda-929-1994","سبک مزدا 929 1994"
"light-cadillac-seville-1984","سبک کادیلاک سویل 1984"
"light-mercedes benz-clk55-2003","سبک مرسدس بنز سی‌ال‌کا 55 2003"
"light-mitsubishi-endeavor-2004","سبک میتسوبیشی اندور 2004"
"light-gmc-sierra-2500-1998","سبک جی‌ام‌سی سیرا 2500 1998"
"light-chevrolet-s10-2006","سبک شورلت اس 10 2006"
"light-volkswagen-corrado-1993","سبک فولکس واگن کورادو 1993"
"light-ford-f250-1993","سبک فورد اف 250 1993"
"light-cadillac-xts-2013","سبک کادیلاک ایکس‌تی‌اس 2013"
"light-lexus-lx570-2013","سبک لکسوس ال‌ایکس 570 2013"
"light-nissan-murano-2003","سبک نیسان مورانو 2003"
"light-isuzu-amigo-1999","سبک ایسوزو آمیگو 1999"
"light-jeep-wrangler-2015","سبک جیپ رنگلر 2015"
"light-mercury-cougar-1997","سبک مرکوری کوگار 1997"
"light-buick-encore-2015","سبک بیوک انکور 2015"
"light-chevrolet-suburban","سبک شورلت سابربن"
"light-infiniti-q45-1996","سبک اینفینیتی کیو 45 1996"
"light-jeep-cherokee-1975","سبک جیپ چروکی 1975"
"light-plymouth-fury-1976","سبک پلیموت فیوری 1976"
"light-nissan-frontier-2003","سبک نیسان فرانتیر 2003"
"light-ford-taurus-1900","سبک فورد تورس 1900"
"light-lexus-ls430-2004","سبک لکسوس ال‌اس 430 2004"
"light-mercedes benz-c220-1996","سبک مرسدس بنز سی 220 1996"
"light-pontiac-chieftain-1957","سبک پونتیاک چیفتین 1957"
"light-ford-f150-2012","سبک فورد اف 150 2012"
"light-acura-integra-1987","سبک آکورا اینتگرا 1987"
"light-dodge-durango-2002","سبک دوج دورانگو 2002"
"light-volkswagen-beetle-1976","سبک فولکس واگن بیتل 1976"
"light-lexus-gs300-2003","سبک لکسوس جی‌اس 300 2003"
"light-mercedes benz-sprinter-2010","سبک مرسدس بنز اسپرینتر 2010"
"light-volvo-xc70-1998","سبک ولوو ایکس‌سی 70 1998"
"light-cadillac-sts-2004","سبک کادیلاک اس‌تی‌اس 2004"
"light-ford-t-1927","سبک فورد تی 1927"
"light-chevrolet-montecarlo-2007","سبک شورلت مونت‌کارلو 2007"
"light-audi-a3-sedan","سبک آئودی ای 3 سدان"
"light-mercedes benz-e190-1993","سبک مرسدس بنز ای 190 1993"
"light-bmw-740i-1994","سبک بی‌ام‌دبلیو 740 ای 1994"
"light-daewoo-cielo","سبک دوو سیلو"
"light-ford-f350-1970","سبک فورد اف 350 1970"
"light-nissan-altima-2015","سبک نیسان آلتیما 2015"
"light-chevrolet-blazer-1978","سبک شورلت بلیزر 1978"
"light-chevrolet-impala-1970","سبک شورلت ایمپالا 1970"
"light-chevrolet-bel air-1961","سبک شورلت بل هوا 1961"
"light-pontiac-chieftain-1955","سبک پونتیاک چیفتین 1955"
"light-jeep-wrangler-sahara-1997","سبک جیپ رنگلر صحرا 1997"
"light-hyundai-entourage-2007","سبک هیوندای آنتوراج 2007"
"light-landrover-rangerover-2011","سبک لندروور رِنج روور 2011"
"light-chrysler-lhs-1998","سبک کرایسلر ال‌اچ‌اس 1998"
"light-lexus-rx300-2003","سبک لکسوس آرایکس 300 2003"
"light-toyota-camry-xle-2013","سبک تویوتا کمری ایکس ال ای 2013"
"light-great-wall-pickup-wingle-5-single-cabin","سبک عظیم وال پیکاپ وینگل 5 تکی کابین"
"light-chrysler-cirrus-2000","سبک کرایسلر سیرَس 2000"
"light-honda-delsol-2000","سبک هوندا دل‌سول 2000"
"light-dodge-durango-2015","سبک دوج دورانگو 2015"
"light-chevrolet-impala-2008","سبک شورلت ایمپالا 2008"
"light-lincoln-mkx-2012","سبک لینکلن ام‌کی‌ایکس 2012"
"light-lexus-es330-2006","سبک لکسوس ای اس 330 2006"
"light-bmw-325xi-2005","سبک بی‌ام‌دبلیو 325 ایکس‌آی 2005"
"light-acura-tsx-2007","سبک آکورا تی‌اس‌ایکس 2007"
"light-mitsubishi-3000gt-1997","سبک میتسوبیشی 3000 جی‌تی 1997"
"light-mercedes benz-slk320-2005","سبک مرسدس بنز اس‌ال‌کی 320 2005"
"light-mercedes benz-slk350-2008","سبک مرسدس بنز اس‌ال‌کی 350 2008"
"light-dodge-w150-2002","سبک دوج دبلیو 150 2002"
"light-acura-rdx-2008","سبک آکورا آر‌دی‌ایکس 2008"
"light-pontiac-wave-2008","سبک پونتیاک ویو 2008"
"light-mitsubishi-eclipse-2005","سبک میتسوبیشی اکلیپس 2005"
"light-renault-tondar-90-plus","سبک رنو تندر 90 پلاس"
"light-gmc-sierra-3500-2001","سبک جی‌ام‌سی سیرا 3500 2001"
"light-dodge-aspen-1979","سبک دوج اسپن 1979"
"light-mazda-mpv-2005","سبک مزدا ام‌پی‌وی 2005"
"light-ford-f100-1951","سبک فورد اف 100 1951"
"light-chevrolet-celebrity-1988","سبک شورلت سلبریتی 1988"
"light-subaru-impreza-1993","سبک سوبارو ایمپرزا 1993"
"light-plymouth-deluxe-1950","سبک پلیموت دلوکس 1950"
"light-bmw-318i","سبک بی‌ام‌دبلیو 318 ای"
"light-subaru-outback-2014","سبک سوبارو آوت‌بک 2014"
"light-mazda-tribute-2000","سبک مزدا تریبیوت 2000"
"light-infiniti-g20-2000","سبک اینفینیتی جی 20 2000"
"light-dodge-dart-1964","سبک دوج دارت 1964"
"light-cadillac-eldorado-1996","سبک کادیلاک الدورادو 1996"
"light-volvo-v70-2004","سبک ولوو وی 70 2004"
"light-lincoln-continental-1966","سبک لینکلن کانتیننتال 1966"
"light-gmc-savana-2500-2008","سبک جی‌ام‌سی ساوانا 2500 2008"
"light-volkswagen-golf-2005","سبک فولکس واگن گلف 2005"
"light-mercedes benz-s500-1996","سبک مرسدس بنز اس 500 1996"
"light-chevrolet-sonic-2012","سبک شورلت سونیک 2012"
"light-bmw-325i-1990","سبک بی‌ام‌دبلیو 325 ای 1990"
"light-chevrolet-k20-1973","سبک شورلت کی 20 1973"
"light-mercedes benz-ml320-1998","سبک مرسدس بنز ام‌ال 320 1998"
"light-ford-excursion-2003","سبک فورد اکسکرژن 2003"
"light-buick-century-1998","سبک بیوک سنتوری 1998"
"light-ford-fusion-2009","سبک فورد فیوژن 2009"
"light-bmw-328i-2007","سبک بی‌ام‌دبلیو 328 ای 2007"
"light-hyundai-santafe-2002","سبک هیوندای سانتافه 2002"
"light-mercedes benz-c55-2006","سبک مرسدس بنز سی 55 2006"
"light-nissan-240sx-1990","سبک نیسان 240 اس‌ایکس 1990"
"light-dodge-cummins-1990","سبک دوج کامینز 1990"
"light-chevrolet-aveo-2003","سبک شورلت آویو 2003"
"light-luxgen-u6","سبک لوکسژن یو 6"
"light-ford-thunderbird-1991","سبک فورد تاندر‌برد 1991"
"light-haima-s8","سبک هایما اس 8"
"light-mercedes benz-c230-2007","سبک مرسدس بنز سی 230 2007"
"light-jaguar-xj-2006","سبک جگوار ایکس‌جی 2006"
"light-audi-a4-2001","سبک آئودی ای 4 2001"
"light-lexus-es300-1982","سبک لکسوس ای اس 300 1982"
"light-toyota-rav4-1998","سبک تویوتا راو 4 1998"
"light-toyota-highlander-2004","سبک تویوتا های‌لندر 2004"
"light-mazda-3-hatchback-2004","سبک مزدا 3 هاتچ‌بک 2004"
"light-volkswagen-touareg-2013","سبک فولکس واگن توارگ 2013"
"light-dodge-ram-1500-1995","سبک دوج رم 1500 1995"
"light-mitsubishi-outlander-2015","سبک میتسوبیشی آوتلندر 2015"
"light-dodge-neon-2004","سبک دوج نون 2004"
"light-ford-taurus-1996","سبک فورد تورس 1996"
"light-buick-special-1953","سبک بیوک اسپشیال 1953"
"light-saturn-sw2-1998","سبک ساترن اس‌دبلیو 2 1998"
"light-dodge-charger-1968","سبک دوج شارجر 1968"
"light-saturn-ion-2009","سبک ساترن آیون 2009"
"light-chevrolet-c-k1500-2006","سبک شورلت سی کی 1500 2006"
"light-bmw-330i-2002","سبک بی‌ام‌دبلیو 330 ای 2002"
"light-volkswagen-gol","سبک فولکس واگن گُل"
"light-hyundai-i40-station","سبک هیوندای ای 40 استیشن"
"light-landrover-rangerover-1989","سبک لندروور رِنج روور 1989"
"light-honda-accord-2 door-1996","سبک هوندا آکورد 2 درب 1996"
"light-lincoln-mark-vii-1988","سبک لینکلن مارک وی‌ای‌ای 1988"
"light-honda-accord-2010","سبک هوندا آکورد 2010"
"light-honda-accord-2 door-2000","سبک هوندا آکورد 2 درب 2000"
"light-mercedes benz-ce300-1993","سبک مرسدس بنز سی‌ئی 300 1993"
"light-subaru-legacy-2005","سبک سوبارو لگاسی 2005"
"light-mazda-mx5-miata-1998","سبک مزدا ام ایکس 5 میاتا 1998"
"light-volkswagen-cabriolet-1988","سبک فولکس واگن کابریولت 1988"
"light-mercedes benz-cls550-2010","سبک مرسدس بنز سی‌ال‌اس 550 2010"
"light-mazda-mx3-2012","سبک مزدا ام ایکس 3 2012"
"light-jaguar-xk-2006","سبک جگوار ایکس‌کی 2006"
"light-mercedes benz-s350-2012","سبک مرسدس بنز اس 350 2012"
"light-suzuki-grand-vitara-2003","سبک سوزوکی گرند ویتارا 2003"
"light-nissan-pathfinder-1996","سبک نیسان پث‌فایندر 1996"
"light-dodge-durango-2003","سبک دوج دورانگو 2003"
"light-toyota-camry-1989","سبک تویوتا کمری 1989"
"light-kia-soul-2012","سبک کیا سول 2012"
"light-ford-bronco-1973","سبک فورد برانکو 1973"
"light-oldsmobile-cutlass-1980","سبک اولدزموبیل کاتلاس 1980"
"light-bmw-e93-2007","سبک بی‌ام‌دبلیو ای 93 2007"
"light-volkswagen-rabbit-1986","سبک فولکس واگن رابیت 1986"
"light-toyota-tercel-1984","سبک تویوتا ترسل 1984"
"light-cadillac-seville-2006","سبک کادیلاک سویل 2006"
"light-pontiac-transam-1999","سبک پونتیاک ترانس‌ام 1999"
"light-mercury-grandmarquis-2004","سبک مرکوری گرند مارکویس 2004"
"light-mercedes benz-sl500-2001","سبک مرسدس بنز اس‌ال 500 2001"
"light-ford-ranchero-1957","سبک فورد رانچرو 1957"
"light-toyota-sienna-2007","سبک تویوتا سیِنا 2007"
"light-dodge-d150-1989","سبک دوج دی 150 1989"
"light-cadillac-cts-2004","سبک کادیلاک سی‌تی‌اس 2004"
"light-ford-maverick-1974","سبک فورد ماوریک 1974"
"light-ford-e250-2004","سبک فورد ای 250 2004"
"light-dodge-ram-2500-1997","سبک دوج رم 2500 1997"
"light-saipa-atlas-l","سبک سایپا اطلس ال"
"light-mercedes benz-clk500-2000","سبک مرسدس بنز سی‌ال‌کا 500 2000"
"light-mazda-6-2002","سبک مزدا 6 2002"
"light-kg-mobility-korando","سبک کی جی حرکت‌پذیری کوراندو"
"light-dodge-charger-1966","سبک دوج شارجر 1966"
"light-bmw-540i-1994","سبک بی‌ام‌دبلیو 540 ای 1994"
"light-fiat-spider-1981","سبک فیات اسپایدر 1981"
"light-dodge-dakota-1990","سبک دوج داکوتا 1990"
"light-saturn-sc2-2002","سبک ساترن اس‌سی 2 2002"
"light-ford-e250-1999","سبک فورد ای 250 1999"
"light-jeep-wrangler-rubicon-2010","سبک جیپ رنگلر روبی‌کان 2010"
"light-pontiac-firebird-1994","سبک پونتیاک فایربرد 1994"
"light-mercedes benz-c350-2008","سبک مرسدس بنز سی 350 2008"
"light-dodge-w100-1975","سبک دوج دبلیو 100 1975"
"light-honda-civic-coupe-2004","سبک هوندا سیویک کوپه 2004"
"light-ford-f100-1960","سبک فورد اف 100 1960"
"light-volkswagen-jetta-2001","سبک فولکس واگن جتا 2001"
"light-saab-9-3-2000","سبک ساب 9 3 2000"
"light-audi-s6-2008","سبک آئودی اس 6 2008"
"light-bmw-525i-1998","سبک بی‌ام‌دبلیو 525 ای 1998"
"light-mercedes benz-slk280-2006","سبک مرسدس بنز اس‌ال‌کی 280 2006"
"light-mazda-mx6-1992","سبک مزدا ام ایکس 6 1992"
"light-lincoln-navigator-1999","سبک لینکلن نویگیتور 1999"
"light-nissan-sentra-1997","سبک نیسان سنترا 1997"
"light-bmw-325xi-2002","سبک بی‌ام‌دبلیو 325 ایکس‌آی 2002"
"light-gmc-sierra-3500-2011","سبک جی‌ام‌سی سیرا 3500 2011"
"light-bmw-550i-2013","سبک بی‌ام‌دبلیو 550 ای 2013"
"light-honda-odyssey-2011","سبک هوندا ادسی 2011"
"light-fiat-five hundred-2015","سبک فیات five hundred 2015"
"light-kia-optima-2012","سبک کیا اپتیما 2012"
"light-ford-ranger-1988","سبک فورد رینجر 1988"
"light-audi-allroad-2004","سبک آئودی آل‌رود 2004"
"light-saturn-ion-2005","سبک ساترن آیون 2005"
"light-ford-taurus-2014","سبک فورد تورس 2014"
"light-bmw-328xi-2007","سبک بی‌ام‌دبلیو 328 ایکس‌آی 2007"
"light-hyundai-veracruz-2012","سبک هیوندای ورا کراس 2012"
"light-ds-5","سبک دی‌اس 5"
"light-mercedes benz-s320-1992","سبک مرسدس بنز اس 320 1992"
"light-bmw-750i-2014","سبک بی‌ام‌دبلیو 750 ای 2014"
"light-mercury-capri-1980","سبک مرکوری کاپری 1980"
"light-buick-lacrosse-2009","سبک بیوک لاکراس 2009"
"light-old-mini-bus","سبک قدیمی مینی اتوبوس"
"light-besturn-b50f","سبک بسترن بی 50 اف"
"light-toyota-previa-1991","سبک تویوتا پرویا 1991"
"light-ford-mustang-2006","سبک فورد ماستانگ 2006"
"light-lexus-gs300-1996","سبک لکسوس جی‌اس 300 1996"
"light-tara-automatic","سبک تارا اتوماتیک"
"light-cadillac-fleetwood-1984","سبک کادیلاک فلیت‌وود 1984"
"light-infiniti-g20-1996","سبک اینفینیتی جی 20 1996"
"light-volkswagen-passat-2002","سبک فولکس واگن پاسات 2002"
"light-pontiac-fiero-1985","سبک پونتیاک فیرو 1985"
"light-gmc-sierra-1500-2008","سبک جی‌ام‌سی سیرا 1500 2008"
"light-nissan-sentra-1988","سبک نیسان سنترا 1988"
"light-ford-thunderbird-1995","سبک فورد تاندر‌برد 1995"
"light-acura-mdx-2009","سبک آکورا ام‌دی‌ایکس 2009"
"light-isuzu-rodeo-2003","سبک ایسوزو رودئو 2003"
"light-chevrolet-montecarlo-1996","سبک شورلت مونت‌کارلو 1996"
"light-chevrolet-bel air-1957","سبک شورلت بل هوا 1957"
"light-nissan-d21-1989","سبک نیسان دی 21 1989"
"light-dodge-grand caravan-2004","سبک دوج گرند caravan 2004"
"light-jeep-grand-cherokee-1989","سبک جیپ گرند چروکی 1989"
"light-buick-parkavenue-1990","سبک بیوک پارک اونیو 1990"
"light-ram-3500-2005","سبک رم 3500 2005"
"light-oldsmobile-starfire-1962","سبک اولدزموبیل استارفایر 1962"
"light-toyota-t100-1993","سبک تویوتا تی 100 1993"
"light-jeep-liberty-2001","سبک جیپ لیبرتی 2001"
"light-plymouth-barracuda-1966","سبک پلیموت باراکودا 1966"
"light-bmw-e36-1992","سبک بی‌ام‌دبلیو ای 36 1992"
"light-ford-excursion-2000","سبک فورد اکسکرژن 2000"
"light-volkswagen-jetta-2011","سبک فولکس واگن جتا 2011"
"light-subaru-wrx-2008","سبک سوبارو دبلیو‌آر‌ایکس 2008"
"light-datsun-240z-1973","سبک داتسون 240 زد 1973"
"light-chevrolet-nova-1979","سبک شورلت نوا 1979"
"light-scion-xb-2011","سبک سایون ایکس‌بی 2011"
"light-infiniti-q45-1994","سبک اینفینیتی کیو 45 1994"
"light-gac-empow-hybrid","سبک گاک ام‌پاو هیبرید"
"light-suzuki-x90-1995","سبک سوزوکی ایکس 90 1995"
"light-toyota-celica-1997","سبک تویوتا سلیکا 1997"
"light-dodge-intrepid-2000","سبک دوج اینترپید 2000"
"light-bmw-x5-2005","سبک بی‌ام‌دبلیو ایکس 5 2005"
"light-hyundai-santafe-2011","سبک هیوندای سانتافه 2011"
"light-bmw-435i-2015","سبک بی‌ام‌دبلیو 435 ای 2015"
"light-chevrolet-cruze-2014","سبک شورلت کروز 2014"
"light-bmw-545i-2005","سبک بی‌ام‌دبلیو 545 ای 2005"
"light-xtrim-xtrim-exeed-vx","سبک ایکس‌ترم ایکس‌ترم اکسید وی‌ایکس"
"light-volkswagen-beetle-2008","سبک فولکس واگن بیتل 2008"
"light-bmw-x3-2004","سبک بی‌ام‌دبلیو ایکس 3 2004"
"light-farda-sx5","سبک فردا اس‌ایکس 5"
"light-saturn-l300-2002","سبک ساترن ال 300 2002"
"light-jeep-wrangler-sahara-2001","سبک جیپ رنگلر صحرا 2001"
"light-chevrolet-montecarlo-1987","سبک شورلت مونت‌کارلو 1987"
"light-toyota-cressida-1983","سبک تویوتا کرسیدا 1983"
"light-chevrolet-corvette-1972","سبک شورلت کوروت 1972"
"light-chevrolet-chevelle-1974","سبک شورلت چول 1974"
"light-mazda-b3000-2001","سبک مزدا بی 3000 2001"
"light-dodge-grand caravan-1989","سبک دوج گرند caravan 1989"
"light-cadillac-deville-1992","سبک کادیلاک دویل 1992"
"light-dodge-dart-1965","سبک دوج دارت 1965"
"light-chevrolet-c20-1995","سبک شورلت سی 20 1995"
"light-lincoln-continental-1990","سبک لینکلن کانتیننتال 1990"
"light-mitsubishi-endeavor-2007","سبک میتسوبیشی اندور 2007"
"light-audi-a5-2009","سبک آئودی ای 5 2009"
"light-gmc-denali-2015","سبک جی‌ام‌سی دنالی 2015"
"light-mercedes benz-240d-1983","سبک مرسدس بنز 240 دی 1983"
"light-ford-bronco-1970","سبک فورد برانکو 1970"
"light-chevrolet-corvette-1969","سبک شورلت کوروت 1969"
"light-toyota-corolla-le-2009","سبک تویوتا کرولا ال‌ای 2009"
"light-ford-explorer-2007","سبک فورد اکسپلورر 2007"
"light-lexus-is250-2013","سبک لکسوس ای اس 250 2013"
"light-buick-lesabre-1985","سبک بیوک لسبر 1985"
"light-mercury-grandmarquis-1985","سبک مرکوری گرند مارکویس 1985"
"light-buick-century-2005","سبک بیوک سنتوری 2005"
"light-ford-explorer-2005","سبک فورد اکسپلورر 2005"
"light-saab-900-1988","سبک ساب 900 1988"
"light-dena-plus","سبک دنا پلاس"
"light-gmc-sonoma-1997","سبک جی‌ام‌سی سوناما 1997"
"light-ford-flex-2014","سبک فورد فلکس 2014"
"light-ford-f250-2013","سبک فورد اف 250 2013"
"light-plymouth-voyager-1994","سبک پلیموت وویجر 1994"
"light-infiniti-qx50-2011","سبک اینفینیتی کیو ایکس 50 2011"
"light-mercedes benz-glk350-2011","سبک مرسدس بنز جی‌ال‌کا 350 2011"
"light-great-wall-pickup-wingle-3","سبک عظیم وال پیکاپ وینگل 3"
"light-pontiac-aztek-2003","سبک پونتیاک آزتک 2003"
"light-toyota-hilux-single-cabin","سبک تویوتا هیلوکس تکی کابین"
"light-chrysler-town&country-1992","سبک کرایسلر town country 1992"
"light-lexus-sc400-1994","سبک لکسوس اس‌سی 400 1994"
"light-subaru-impreza-2012","سبک سوبارو ایمپرزا 2012"
"light-toyota-pickup-1988","سبک تویوتا پیکاپ 1988"
"light-dodge-coronet-1966","سبک دوج کورونت 1966"
"light-buick-century-2002","سبک بیوک سنتوری 2002"
"light-volvo-960-1995","سبک ولوو 960 1995"
"light-mercedes benz-b200-2009","سبک مرسدس بنز بی 200 2009"
"light-nissan-armada-2010","سبک نیسان آرمادا 2010"
"light-volvo-s80-2008","سبک ولوو اس 80 2008"
"light-chevrolet-c30-1963","سبک شورلت سی 30 1963"
"light-lexus-gs430-2004","سبک لکسوس جی‌اس 430 2004"
"light-lincoln-cosmopolitan-1949","سبک لینکلن کازموپالیتن 1949"
"light-ford-ranger-2001","سبک فورد رینجر 2001"
"light-volkswagen-golf-2014","سبک فولکس واگن گلف 2014"
"light-ford-mustang-1965","سبک فورد ماستانگ 1965"
"light-chrysler-town&country-1998","سبک کرایسلر town country 1998"
"light-toyota-prius-2003","سبک تویوتا پریوس 2003"
"light-lincoln-mark-lt-2006","سبک لینکلن مارک ال‌تی 2006"
"light-toyota-t100-1994","سبک تویوتا تی 100 1994"
"light-hyundai-tiburon-2003","سبک هیوندای تیبورون 2003"
"light-ford-escape-2005","سبک فورد اسکیپ 2005"
"light-chevrolet-impala-1960","سبک شورلت ایمپالا 1960"
"light-toyota-landcruiser-2001","سبک تویوتا لندکروز 2001"
"light-buick-riviera-1984","سبک بیوک ریویرا 1984"
"light-toyota-avalon-1995","سبک تویوتا اوالون 1995"
"light-chevrolet-malibu-1965","سبک شورلت مالیبو 1965"
"light-ford-thunderbird-1999","سبک فورد تاندر‌برد 1999"
"light-cadillac-cts-2008","سبک کادیلاک سی‌تی‌اس 2008"
"light-nissan-maxima-2012","سبک نیسان ماکسیما 2012"
"light-chevrolet-cavalier-2006","سبک شورلت کاوالیر 2006"
"light-mercedes benz-s430-2001","سبک مرسدس بنز اس 430 2001"
"light-dodge-ram-1500-2013","سبک دوج رم 1500 2013"
"light-honda-insight-2014","سبک هوندا اینسایت 2014"
"light-cadillac-cts-2007","سبک کادیلاک سی‌تی‌اس 2007"
"light-volvo-240-1986","سبک ولوو 240 1986"
"light-ford-focus-2007","سبک فورد فوکوس 2007"
"light-mazda-mx6-2006","سبک مزدا ام ایکس 6 2006"
"light-mazda-b4000-2003","سبک مزدا بی 4000 2003"
"light-chevrolet-astro-1996","سبک شورلت آسترو 1996"
"light-subaru-impreza-wagon-2002","سبک سوبارو ایمپرزا واگن 2002"
"light-dodge-ram-2500-2000","سبک دوج رم 2500 2000"
"light-volvo-960-1993","سبک ولوو 960 1993"
"light-audi-a4-2011","سبک آئودی ای 4 2011"
"light-honda-passport-1999","سبک هوندا پاسپورت 1999"
"light-bmw-z4","سبک بی‌ام‌دبلیو زد 4"
"light-toyota-1-ton truck-1990","سبک تویوتا 1 تن کامیون 1990"
"light-chevrolet-metro-2000","سبک شورلت مترو 2000"
"light-volkswagen-golf-2011","سبک فولکس واگن گلف 2011"
"light-ford-f350-1992","سبک فورد اف 350 1992"
"light-lexus-rx300-2000","سبک لکسوس آرایکس 300 2000"
"light-ford-festiva-1991","سبک فورد فستیوا 1991"
"light-volkswagen-passat-2013","سبک فولکس واگن پاسات 2013"
"light-honda-delsol-1997","سبک هوندا دل‌سول 1997"
"light-gmc-denali-1999","سبک جی‌ام‌سی دنالی 1999"
"light-lincoln-towncar-1989","سبک لینکلن تاون‌کار 1989"
"light-kia-spectra-2000","سبک کیا اسپکترا 2000"
"light-arisun-arisun","سبک آریسان آریسان"
"light-landrover-rangerover-2012","سبک لندروور رِنج روور 2012"
"light-ford-mustang-convertible-1991","سبک فورد ماستانگ کروک 1991"
"light-chevrolet-stepside-1981","سبک شورلت استپساید 1981"
"light-volkswagen-golf-2008","سبک فولکس واگن گلف 2008"
"light-toyota-corolla-1994","سبک تویوتا کرولا 1994"
"light-volkswagen-golf-2007","سبک فولکس واگن گلف 2007"
"light-chevrolet-cheyenne-1976","سبک شورلت شاین 1976"
"light-nissan-pathfinder-1995","سبک نیسان پث‌فایندر 1995"
"light-nissan-frontier-1999","سبک نیسان فرانتیر 1999"
"light-mercedes benz-300d-1981","سبک مرسدس بنز 300 دی 1981"
"light-chevrolet-chevelle-1967","سبک شورلت چول 1967"
"light-jeep-cherokee-1979","سبک جیپ چروکی 1979"
"light-honda-civic-1989","سبک هوندا سیویک 1989"
"light-mercedes benz-e350-wagon-2006","سبک مرسدس بنز ای 350 واگن 2006"
"light-subaru-legacy-2003","سبک سوبارو لگاسی 2003"
"light-mercury-villager-1995","سبک مرکوری ویلیجر 1995"
"light-mercury-sable-2004","سبک مرکوری سیبل 2004"
"light-kia-spectra5-2007","سبک کیا اسپکترا 5 2007"
"light-gmc-yukon-1500-2001","سبک جی‌ام‌سی یوکون 1500 2001"
"light-ford-mustang-gt-1989","سبک فورد ماستانگ جی‌تی 1989"
"heavy-mak","سنگین ماک"
"light-ford-mustang-gt-2003","سبک فورد ماستانگ جی‌تی 2003"
"light-pontiac-firebird-1974","سبک پونتیاک فایربرد 1974"
"light-infiniti-fx35-2005","سبک اینفینیتی اف‌ایکس 35 2005"
"light-chevrolet-suburban-1977","سبک شورلت سابربن 1977"
"light-buick-reatta-1991","سبک بیوک ریاتا 1991"
"light-chevrolet-lumina-1990","سبک شورلت لومینا 1990"
"light-bmw-1-series-coupe","سبک بی‌ام‌دبلیو 1 سری کوپه"
"light-pontiac-grandam-1995","سبک پونتیاک گرند ام 1995"
"light-buick-rainier-2004","سبک بیوک رِینیِر 2004"
"light-volvo-244-1993","سبک ولوو 244 1993"
"light-pontiac-transam-1986","سبک پونتیاک ترانس‌ام 1986"
"light-nissan-maxima-2006","سبک نیسان ماکسیما 2006"
"light-hyundai-santafe-2007","سبک هیوندای سانتافه 2007"
"light-mercedes benz-c230-2003","سبک مرسدس بنز سی 230 2003"
"light-bmw-325i-1979","سبک بی‌ام‌دبلیو 325 ای 1979"
"light-mitsubishi-endeavor-2010","سبک میتسوبیشی اندور 2010"
"light-chrysler-pacifica-2005","سبک کرایسلر پاسفیکا 2005"
"light-cadillac-hearse-1973","سبک کادیلاک هیرس 1973"
"light-hafei-lobo-lobo","سبک هافِی لوبو لوبو"
"light-jeep-comanche-1986","سبک جیپ کُمانچی 1986"
"light-audi-a3-2012","سبک آئودی ای 3 2012"
"light-pontiac-grandprix-1972","سبک پونتیاک گرند پریکس 1972"
"light-chrysler-lhs-1994","سبک کرایسلر ال‌اچ‌اس 1994"
"light-mitsubishi-galant-1999","سبک میتسوبیشی گالانت 1999"
"light-lincoln-mks-2010","سبک لینکلن ام‌کی‌اس 2010"
"light-buick-lacrosse-2012","سبک بیوک لاکراس 2012"
"light-oldsmobile-aurora-2000","سبک اولدزموبیل آرورا 2000"
"light-gmc-sierra-1500-1999","سبک جی‌ام‌سی سیرا 1500 1999"
"light-nissan-240sx-1989","سبک نیسان 240 اس‌ایکس 1989"
"light-ford-focus-2008","سبک فورد فوکوس 2008"
"light-hyundai-santafe-2012","سبک هیوندای سانتافه 2012"
"light-ford-mustang-1980","سبک فورد ماستانگ 1980"
"light-chevrolet-stylemaster-1947","سبک شورلت استایل‌مستر 1947"
"light-ford-bronco-1967","سبک فورد برانکو 1967"
"light-dongfeng-e5","سبک دونگ‌فنگ ای 5"
"light-volvo-740-1992","سبک ولوو 740 1992"
"light-scion-xd-2008","سبک سایون ایکس‌دی 2008"
"light-lincoln-continental-1986","سبک لینکلن کانتیننتال 1986"
"light-mitsubishi-mighty max-1991","سبک میتسوبیشی mighty ماکس 1991"
"light-toyota-corolla-1985","سبک تویوتا کرولا 1985"
"light-mercedes benz-sl320-1994","سبک مرسدس بنز اس‌ال 320 1994"
"light-tara-tara-ev","سبک تارا تارا الکتریکی"
"light-ford-mustang-1987","سبک فورد ماستانگ 1987"
"light-buick-b3","سبک بیوک بی 3"
"light-chevrolet-vega-1974","سبک شورلت وگا 1974"
"light-land-rover-ir","سبک لند روور ای ار"
"light-volkswagen-golf-1900","سبک فولکس واگن گلف 1900"
"light-ford-f100-1967","سبک فورد اف 100 1967"
"light-mercury-cougar-1995","سبک مرکوری کوگار 1995"
"light-honda-odyssey-2008","سبک هوندا ادسی 2008"
"light-ford-f100-1983","سبک فورد اف 100 1983"
"light-hyundai-elantra-2004","سبک هیوندای الانترا 2004"
"light-cadillac-calais-1966","سبک کادیلاک کالیس 1966"
"light-plymouth-valiant-1960","سبک پلیموت ولیانت 1960"
"light-mercury-mountaineer-2007","سبک مرکوری مونتینیر 2007"
"light-ford-e250-1996","سبک فورد ای 250 1996"
"light-honda-odyssey-2012","سبک هوندا ادسی 2012"
"light-nissan-frontier-1994","سبک نیسان فرانتیر 1994"
"light-toyota-camry-le-1998","سبک تویوتا کمری ال‌ای 1998"
"light-bmw-740i-1997","سبک بی‌ام‌دبلیو 740 ای 1997"
"light-kia-carnival","سبک کیا کارنیوال"
"light-mercury-mountaineer-2008","سبک مرکوری مونتینیر 2008"
"light-kia-rio-2004","سبک کیا ریو 2004"
"light-chevrolet-montecarlo-1975","سبک شورلت مونت‌کارلو 1975"
"light-dodge-challenger-2016","سبک دوج چلنجر 2016"
"light-ford-f100-1979","سبک فورد اف 100 1979"
"light-ford-escort-1987","سبک فورد اسکورت 1987"
"light-chrysler-lebaron-1992","سبک کرایسلر لبران 1992"
"light-chevrolet-bel air-1960","سبک شورلت بل هوا 1960"
"light-plymouth-prowler-2001","سبک پلیموت پراولر 2001"
"light-ford-c-max-2013","سبک فورد سی ماکس 2013"
"light-acura-tl-2011","سبک آکورا تی‌ال 2011"
"light-bmw-318i-1992","سبک بی‌ام‌دبلیو 318 ای 1992"
"light-dignity-prestige","سبک وقار پرستیژ"
"light-hyundai-accent-2006","سبک هیوندای اکسنت 2006"
"light-chevrolet-pickup-1993","سبک شورلت پیکاپ 1993"
"light-acura-nsx-2002","سبک آکورا ان‌اس‌ایکس 2002"
"light-mercury-mountaineer-2004","سبک مرکوری مونتینیر 2004"
"light-chevrolet-silverado-1982","سبک شورلت سیلورادو 1982"
"light-ford-flex-2010","سبک فورد فلکس 2010"
"light-mercedes benz-gla250-2016","سبک مرسدس بنز جی‌ال‌ای 250 2016"
"light-chevrolet-vega-1973","سبک شورلت وگا 1973"
"light-chevrolet-c-k3500-1993","سبک شورلت سی کی 3500 1993"
"light-buick-lacrosse-2005","سبک بیوک لاکراس 2005"
"light-mercedes-benz-clk-class-convertible","سبک مرسدس بنز سی‌ال‌کا کلاس کروک"
"light-dodge-dart-1967","سبک دوج دارت 1967"
"light-brilliance-van-h2l","سبک برلیانس ون اچ 2 ال"
"light-plymouth-voyager-1999","سبک پلیموت وویجر 1999"
"light-audi-s6-1999","سبک آئودی اس 6 1999"
"light-subaru-impreza-1997","سبک سوبارو ایمپرزا 1997"
"light-pontiac-g6-2009","سبک پونتیاک جی 6 2009"
"light-plymouth-roadrunner-1970","سبک پلیموت رودرانر 1970"
"light-toyota-camry","سبک تویوتا کمری"
"light-hummer-h3-2010","سبک هامر اچ 3 2010"
"light-volvo-s40-2004","سبک ولوو اس 40 2004"
"light-isuzu-rodeo-1997","سبک ایسوزو رودئو 1997"
"light-chevrolet-impala-1962","سبک شورلت ایمپالا 1962"
"light-mercury-tracer-1997","سبک مرکوری تریسر 1997"
"light-hyundai-genesis-2012","سبک هیوندای جنسیس 2012"
"light-saab-9-2-2006","سبک ساب 9 2 2006"
"light-ford-f250-2008","سبک فورد اف 250 2008"
"light-dodge-charger-1992","سبک دوج شارجر 1992"
"light-jeep-cherokee-1993","سبک جیپ چروکی 1993"
"light-pontiac-grandprix-2001","سبک پونتیاک گرند پریکس 2001"
"light-mazda-millenia-2001","سبک مزدا میلینیا 2001"
"light-chevrolet-pickup-1984","سبک شورلت پیکاپ 1984"
"light-ford-f250-2007","سبک فورد اف 250 2007"
"light-nissan-altima-1991","سبک نیسان آلتیما 1991"
"light-acura-tl-2014","سبک آکورا تی‌ال 2014"
"light-ford-f150-2013","سبک فورد اف 150 2013"
"light-toyota-corolla-s-2010","سبک تویوتا کرولا اس 2010"
"light-chevrolet-pickup-1954","سبک شورلت پیکاپ 1954"
"light-bmw-325e-1998","سبک بی‌ام‌دبلیو 325 ای 1998"
"light-proton-gen-2","سبک پروتون جن 2"
"light-plymouth-neon-1997","سبک پلیموت نون 1997"
"light-nissan-versa-2012","سبک نیسان ورسا 2012"
"light-kia-cadenza-2014","سبک کیا کادنزا 2014"
"light-ford-escape-2010","سبک فورد اسکیپ 2010"
"light-audi-s4-2000","سبک آئودی اس 4 2000"
"light-mazda-3-2004","سبک مزدا 3 2004"
"light-lexus-es350-2007","سبک لکسوس ای اس 350 2007"
"light-toyota-camry-2005","سبک تویوتا کمری 2005"
"light-toyota-tacoma-2001","سبک تویوتا تاکوما 2001"
"light-subaru-impreza-wagon-2006","سبک سوبارو ایمپرزا واگن 2006"
"light-nissan-truck-1992","سبک نیسان کامیون 1992"
"light-volkswagen-passat-2011","سبک فولکس واگن پاسات 2011"
"light-swm-g01-f","سبک اس‌دبلیو‌ام جی 01 اف"
"light-volvo-s80-2000","سبک ولوو اس 80 2000"
"light-toyota-landcruiser-2013","سبک تویوتا لندکروز 2013"
"light-ferrari-f430-2005","سبک فراری اف 430 2005"
"light-chevrolet-blazer-1996","سبک شورلت بلیزر 1996"
"light-chevrolet-s10-1982","سبک شورلت اس 10 1982"
"light-mercedes benz-gl450-2008","سبک مرسدس بنز جی‌ال 450 2008"
"light-honda-odyssey-1996","سبک هوندا ادسی 1996"
"light-chevrolet-sierra-1990","سبک شورلت سیرا 1990"
"light-ford-explorer-1996","سبک فورد اکسپلورر 1996"
"light-ford-mustang-2007","سبک فورد ماستانگ 2007"
"light-brilliance-c3","سبک برلیانس سی 3"
"light-mercedes benz-sl55-2003","سبک مرسدس بنز اس‌ال 55 2003"
"light-pontiac-transam-1984","سبک پونتیاک ترانس‌ام 1984"
"light-volkswagen-rabbit-1978","سبک فولکس واگن رابیت 1978"
"light-toyota-4runner-1993","سبک تویوتا 4 رانر 1993"
"light-ford-f100-1970","سبک فورد اف 100 1970"
"light-chevrolet-aveo-2011","سبک شورلت آویو 2011"
"light-pontiac-firebird-1979","سبک پونتیاک فایربرد 1979"
"light-subaru-impreza-2003","سبک سوبارو ایمپرزا 2003"
"light-buick-electra-1973","سبک بیوک الکترا 1973"
"light-gmc-jimmy-1996","سبک جی‌ام‌سی جیمی 1996"
"light-hyundai-tiburon-1999","سبک هیوندای تیبورون 1999"
"light-hyundai-elantra-1997","سبک هیوندای الانترا 1997"
"light-pontiac-transam-2003","سبک پونتیاک ترانس‌ام 2003"
"light-ford-f350-1954","سبک فورد اف 350 1954"
"light-subaru-legacy-2004","سبک سوبارو لگاسی 2004"
"light-zamyad-z-28","سبک زامیاد زد 28"
"light-ford-e150-1998","سبک فورد ای 150 1998"
"light-chevrolet-impala-2002","سبک شورلت ایمپالا 2002"
"light-mercedes benz-c250-2014","سبک مرسدس بنز سی 250 2014"
"light-audi-s4-2008","سبک آئودی اس 4 2008"
"light-bmw-335i-2011","سبک بی‌ام‌دبلیو 335 ای 2011"
"light-ford-edge-2013","سبک فورد ادج 2013"
"light-lincoln-towncar-1979","سبک لینکلن تاون‌کار 1979"
"light-chevrolet-el camino-1964","سبک شورلت ال camino 1964"
"light-chrysler-concorde-2004","سبک کرایسلر کانکورد 2004"
"light-mazda-b2300-1996","سبک مزدا بی 2300 1996"
"light-ford-f350-2004","سبک فورد اف 350 2004"
"light-toyota-corolla-s-2009","سبک تویوتا کرولا اس 2009"
"light-ford-f150-1900","سبک فورد اف 150 1900"
"light-jaguar-xk-1997","سبک جگوار ایکس‌کی 1997"
"light-smart-fortwo-2008","سبک اسمارت فورتو 2008"
"light-volvo-s80-2009","سبک ولوو اس 80 2009"
"light-toyota-fj40-1977","سبک تویوتا اف‌جی 40 1977"
"light-jaguar-xj-2013","سبک جگوار ایکس‌جی 2013"
"light-dodge-polara-1965","سبک دوج پولارا 1965"
"light-mercedes benz-c230-2002","سبک مرسدس بنز سی 230 2002"
"light-ford-f250-1972","سبک فورد اف 250 1972"
"light-mercury-cougar-1988","سبک مرکوری کوگار 1988"
"light-rayen-r3","سبک رایَن ار 3"
"light-mg-360","سبک ام‌جی 360"
"light-toyota-tacoma-1996","سبک تویوتا تاکوما 1996"
"light-chevrolet-corvair-1964","سبک شورلت کروِر 1964"
"light-buick-regal-2013","سبک بیوک ریگال 2013"
"light-ford-taurus-2007","سبک فورد تورس 2007"
"light-volkswagen-passat-wagon-2009","سبک فولکس واگن پاسات واگن 2009"
"light-dodge-stealth-1994","سبک دوج استیلث 1994"
"light-toyota-rav4-2005","سبک تویوتا راو 4 2005"
"light-lincoln-continental-1978","سبک لینکلن کانتیننتال 1978"
"light-jeep-liberty-2012","سبک جیپ لیبرتی 2012"
"light-eagle-talon-1990","سبک ایگل تلون 1990"
"light-subaru-impreza-wagon-2010","سبک سوبارو ایمپرزا واگن 2010"
"light-triumph-tr-1975","سبک تریومف تی‌آر 1975"
"light-scion-xa-2006","سبک سایون ایکس‌ای 2006"
"light-hyundai-sonata-2012","سبک هیوندای سوناتا 2012"
"light-acura-mdx-2004","سبک آکورا ام‌دی‌ایکس 2004"
"light-volkswagen-beetle-2012","سبک فولکس واگن بیتل 2012"
"light-brilliance-van","سبک برلیانس ون"
"light-pontiac-transam-1981","سبک پونتیاک ترانس‌ام 1981"
"light-chrysler-200-2011","سبک کرایسلر 200 2011"
"light-volvo-xc60-2010","سبک ولوو ایکس‌سی 60 2010"
"light-ford-f150-2003","سبک فورد اف 150 2003"
"light-bmw-330ci-2006","سبک بی‌ام‌دبلیو 330 سی‌آی 2006"
"light-ford-e150-1992","سبک فورد ای 150 1992"
"light-buick-skylark-1964","سبک بیوک اسکایلارک 1964"
"light-volkswagen-cabrio-2000","سبک فولکس واگن کابریو 2000"
"light-volvo-c70","سبک ولوو سی 70"
"light-lexus-sc430-2005","سبک لکسوس اس‌سی 430 2005"
"light-ford-thunderbird-1963","سبک فورد تاندر‌برد 1963"
"light-saturn-vue-2003","سبک ساترن ویو 2003"
"light-nissan-cube-2009","سبک نیسان کیوب 2009"
"light-gmc-c6500-1996","سبک جی‌ام‌سی سی 6500 1996"
"light-chevrolet-c65-1979","سبک شورلت سی 65 1979"
"light-honda-city-2004","سبک هوندا سیتی 2004"
"light-ford-mustang-gt-convertible-1995","سبک فورد ماستانگ جی‌تی کروک 1995"
"light-chrysler-voyager-2000","سبک کرایسلر وویجر 2000"
"light-chevrolet-cheyenne-1975","سبک شورلت شاین 1975"
"light-mazda-626-2006","سبک مزدا 626 2006"
"light-chevrolet-malibu-1976","سبک شورلت مالیبو 1976"
"light-toyota-hilux-2014","سبک تویوتا هیلوکس 2014"
"light-porsche-cayenne-2003","سبک پورشه کایین 2003"
"light-chrysler-newport-1953","سبک کرایسلر نیوپورت 1953"
"light-chevrolet-avalanche-2009","سبک شورلت آوالانچ 2009"
"light-irankhodro-van-vana","سبک ایران‌خودرو ون وانا"
"light-cadillac-cts-2010","سبک کادیلاک سی‌تی‌اس 2010"
"light-fiat-500x","سبک فیات 500 ایکس"
"light-chrysler-lhs-2002","سبک کرایسلر ال‌اچ‌اس 2002"
"light-chevrolet-express-2012","سبک شورلت اکسپرس 2012"
"light-volkswagen-jetta-2009","سبک فولکس واگن جتا 2009"
"light-ram-3500-2008","سبک رم 3500 2008"
"light-renault-captur-2015","سبک رنو کپچر 2015"
"light-jeep-wrangler-unlimited-2011","سبک جیپ رنگلر آنلیمیتد 2011"
"light-volkswagen-beetle-1968","سبک فولکس واگن بیتل 1968"
"light-lexus-gs300-2005","سبک لکسوس جی‌اس 300 2005"
"light-gmc-savana-2008","سبک جی‌ام‌سی ساوانا 2008"
"light-gac-gonow-pickup","سبک گاک گونو پیکاپ"
"light-toyota-echo-2000","سبک تویوتا اکو 2000"
"light-fiat-spider-1977","سبک فیات اسپایدر 1977"
"light-chrysler-concorde-2001","سبک کرایسلر کانکورد 2001"
"light-nissan-altima-2002","سبک نیسان آلتیما 2002"
"light-chevrolet-montecarlo-1983","سبک شورلت مونت‌کارلو 1983"
"light-chevrolet-malibu-2010","سبک شورلت مالیبو 2010"
"light-buick-lesabre-2002","سبک بیوک لسبر 2002"
"light-kia-cerato-ir","سبک کیا سراتو ای ار"
"light-lexus-sc400-1998","سبک لکسوس اس‌سی 400 1998"
"light-cadillac-eldorado-1983","سبک کادیلاک الدورادو 1983"
"light-bmw-525i-2001","سبک بی‌ام‌دبلیو 525 ای 2001"
"light-volvo-c70-1998","سبک ولوو سی 70 1998"
"light-plymouth-barracuda-1965","سبک پلیموت باراکودا 1965"
"light-ford-f100-1964","سبک فورد اف 100 1964"
"light-ford-e350-2011","سبک فورد ای 350 2011"
"light-audi-s4-1993","سبک آئودی اس 4 1993"
"light-suzuki-aerio-2006","سبک سوزوکی آریو 2006"
"light-subaru-outback-1998","سبک سوبارو آوت‌بک 1998"
"light-subaru-legacy-2008","سبک سوبارو لگاسی 2008"
"light-mazda-protege-1999","سبک مزدا پروتژه 1999"
"light-porsche-928-1985","سبک پورشه 928 1985"
"light-dodge-viper-2008","سبک دوج وایپر 2008"
"light-bmw-330i-2006","سبک بی‌ام‌دبلیو 330 ای 2006"
"light-chevrolet-cruze-2015","سبک شورلت کروز 2015"
"light-gmc-sierra-2500-1992","سبک جی‌ام‌سی سیرا 2500 1992"
"light-chevrolet-classic-1967","سبک شورلت کلاسیک 1967"
"light-mercury-grandmarquis-1996","سبک مرکوری گرند مارکویس 1996"
"light-ford-thunderbird-1956","سبک فورد تاندر‌برد 1956"
"light-kia-sportage-2005","سبک کیا اسپورتیج 2005"
"light-chevrolet-traverse-2011","سبک شورلت ترورس 2011"
"light-mercedes-benz-a180","سبک مرسدس بنز ای 180"
"light-honda-accord-1992","سبک هوندا آکورد 1992"
"light-subaru-legacy-2001","سبک سوبارو لگاسی 2001"
"light-gmc-safari-2003","سبک جی‌ام‌سی سافاری 2003"
"light-ford-bronco-1980","سبک فورد برانکو 1980"
"light-hyundai-elantra-2011","سبک هیوندای الانترا 2011"
"light-scion-tc-2005","سبک سایون تی‌سی 2005"
"light-bmw-328i-2012","سبک بی‌ام‌دبلیو 328 ای 2012"
"light-mercury-grandmarquis-1987","سبک مرکوری گرند مارکویس 1987"
"light-mercury-mariner-2005","سبک مرکوری مارینر 2005"
"light-mercedes benz-e300-1993","سبک مرسدس بنز ای 300 1993"
"light-oldsmobile-eightyeight-1999","سبک اولدزموبیل ایتیتیایت 1999"
"light-chevrolet-suburban-1988","سبک شورلت سابربن 1988"
"light-isuzu-axiom-2003","سبک ایسوزو اکسیوم 2003"
"light-toyota-supra-1986","سبک تویوتا سوپرا 1986"
"light-gmc-safari-1994","سبک جی‌ام‌سی سافاری 1994"
"light-plymouth-sundance-1991","سبک پلیموت سان‌دَنس 1991"
"light-mitsubishi-pajero-4-door","سبک میتسوبیشی پاجِرو 4 درب"
"light-chevrolet-sierra-2007","سبک شورلت سیرا 2007"
"light-honda-civic-2004","سبک هوندا سیویک 2004"
"light-chevrolet-suburban-1990","سبک شورلت سابربن 1990"
"light-bmw-325e-1986","سبک بی‌ام‌دبلیو 325 ای 1986"
"light-jeep-wrangler-unlimited-2013","سبک جیپ رنگلر آنلیمیتد 2013"
"light-bmw-323i-2007","سبک بی‌ام‌دبلیو 323 ای 2007"
"light-toyota-camry-1999","سبک تویوتا کمری 1999"
"light-kia-rio-2013","سبک کیا ریو 2013"
"light-chevrolet-corvette-2006","سبک شورلت کوروت 2006"
"light-infiniti-m35-2011","سبک اینفینیتی ام 35 2011"
"light-ssangyong-new-actyon","سبک سانگ‌یانگ جدید اکتیون"
"light-toyota-corolla-ce-1998","سبک تویوتا کرولا سی‌ئی 1998"
"light-mercedes benz-s500-1998","سبک مرسدس بنز اس 500 1998"
"light-jeep-wrangler-2016","سبک جیپ رنگلر 2016"
"light-honda-passport-1996","سبک هوندا پاسپورت 1996"
"light-mercury-grandmarquis-2005","سبک مرکوری گرند مارکویس 2005"
"light-gmc-sonoma-2006","سبک جی‌ام‌سی سوناما 2006"
"light-ford-f150-2005","سبک فورد اف 150 2005"
"light-gmc-savana-2007","سبک جی‌ام‌سی ساوانا 2007"
"light-dodge-cummins-2012","سبک دوج کامینز 2012"
"light-pontiac-transam-1989","سبک پونتیاک ترانس‌ام 1989"
"light-toyota-highlander-2011","سبک تویوتا های‌لندر 2011"
"light-jeep-grand-cherokee-2012","سبک جیپ گرند چروکی 2012"
"light-volvo-xc90-2011","سبک ولوو ایکس‌سی 90 2011"
"light-gmc-safari-2002","سبک جی‌ام‌سی سافاری 2002"
"light-lincoln-navigator-2001","سبک لینکلن نویگیتور 2001"
"light-plymouth-duster-1993","سبک پلیموت داستر 1993"
"light-kia-soul-2013","سبک کیا سول 2013"
"light-chrysler-300-2009","سبک کرایسلر 300 2009"
"light-mazda-mx6-1996","سبک مزدا ام ایکس 6 1996"
"light-ford-transit-2015","سبک فورد ترانزیت 2015"
"light-dodge-w150-2005","سبک دوج دبلیو 150 2005"
"light-chevrolet-pickup-1937","سبک شورلت پیکاپ 1937"
"light-subaru-legacy-2007","سبک سوبارو لگاسی 2007"
"light-lincoln-towncar-2005","سبک لینکلن تاون‌کار 2005"
"light-volvo-960-1997","سبک ولوو 960 1997"
"light-lexus-is350-2015","سبک لکسوس ای اس 350 2015"
"light-scion-tc-2011","سبک سایون تی‌سی 2011"
"light-cadillac-srx-2004","سبک کادیلاک اس‌آر‌ایکس 2004"
"light-honda-accord-2007","سبک هوندا آکورد 2007"
"light-ford-f350-1969","سبک فورد اف 350 1969"
"light-ford-e350-2008","سبک فورد ای 350 2008"
"light-tara-v1-plus","سبک تارا وی 1 پلاس"
"light-lexus-gx470-2008","سبک لکسوس جی‌ایکس 470 2008"
"light-dongfeng-s30","سبک دونگ‌فنگ اس 30"
"light-maserati-quattroporte","سبک مازراتی کواتروپورته"
"light-nissan-rogue-2010","سبک نیسان روگ 2010"
"light-chrysler-sebring-2006","سبک کرایسلر سبرینگ 2006"
"light-chevrolet-suburban-1987","سبک شورلت سابربن 1987"
"light-chevrolet-g20-1983","سبک شورلت جی 20 1983"
"light-ford-transit-2013","سبک فورد ترانزیت 2013"
"light-dodge-stratus-2004","سبک دوج استراتوس 2004"
"light-toyota-landcruiser-2015","سبک تویوتا لندکروز 2015"
"light-saturn-sl2-1995","سبک ساترن اس‌ال 2 1995"
"light-ford-f350-2013","سبک فورد اف 350 2013"
"light-ford-f250-2011","سبک فورد اف 250 2011"
"light-chrysler-cordoba-1976","سبک کرایسلر کوردوبا 1976"
"light-chevrolet-c10-1986","سبک شورلت سی 10 1986"
"light-chrysler-lebaron-1987","سبک کرایسلر لبران 1987"
"light-toyota-prius","سبک تویوتا پریوس"
"light-chevrolet-vega-1976","سبک شورلت وگا 1976"
"light-hummer-h2-2007","سبک هامر اچ 2 2007"
"light-chevrolet-corvette-1968","سبک شورلت کوروت 1968"
"light-chevrolet-c20-1988","سبک شورلت سی 20 1988"
"light-nash-metropolitan-1961","سبک نَش متروپولیتن 1961"
"light-nissan-370z-2011","سبک نیسان 370 زد 2011"
"light-plymouth-neon-1998","سبک پلیموت نون 1998"
"light-mercedes benz-240d-1979","سبک مرسدس بنز 240 دی 1979"
"light-mercury-cougar-1999","سبک مرکوری کوگار 1999"
"light-chevrolet-cheyenne-1988","سبک شورلت شاین 1988"
"light-bmw-750i-1998","سبک بی‌ام‌دبلیو 750 ای 1998"
"light-isuzu-trooper-1990","سبک ایسوزو تروپر 1990"
"light-chevrolet-malibu-2005","سبک شورلت مالیبو 2005"
"light-volkswagen-golf-2004","سبک فولکس واگن گلف 2004"
"light-gmc-suburban-2500-1996","سبک جی‌ام‌سی سابربن 2500 1996"
"light-ford-expedition-2005","سبک فورد اکسپدیشن 2005"
"light-honda-civic-hatchback-1986","سبک هوندا سیویک هاتچ‌بک 1986"
"light-kia-rondo-2003","سبک کیا روندو 2003"
"light-chrysler-pt cruiser-2008","سبک کرایسلر pt کروزر 2008"
"light-honda-cr-v-2007","سبک هوندا سی ار وی 2007"
"heavy-dayun","سنگین دایون"
"light-ford-expedition-2009","سبک فورد اکسپدیشن 2009"
"light-honda-insight-2012","سبک هوندا اینسایت 2012"
"light-pontiac-vibe-2006","سبک پونتیاک وایب 2006"
"light-volvo-xc90-2012","سبک ولوو ایکس‌سی 90 2012"
"light-plymouth-sundance-1987","سبک پلیموت سان‌دَنس 1987"
"light-buick-regal-2011","سبک بیوک ریگال 2011"
"light-mercedes benz-cla250-2014","سبک مرسدس بنز سی‌ال‌ای 250 2014"
"light-jeep-cj7-1981","سبک جیپ سی‌جی 7 1981"
"light-jeep-wagoneer-1989","سبک جیپ واگنییر 1989"
"light-chevrolet-el camino-1997","سبک شورلت ال camino 1997"
"light-chevrolet-el camino-1959","سبک شورلت ال camino 1959"
"light-daewoo-leganza-2001","سبک دوو لگانزا 2001"
"light-nissan-altima-2009","سبک نیسان آلتیما 2009"
"light-ford-fusion-2004","سبک فورد فیوژن 2004"
"light-cadillac-sts-1994","سبک کادیلاک اس‌تی‌اس 1994"
"light-nissan-cube-2010","سبک نیسان کیوب 2010"
"light-chevrolet-montecarlo-1970","سبک شورلت مونت‌کارلو 1970"
"light-nissan-370z-2014","سبک نیسان 370 زد 2014"
"light-dodge-d100-1967","سبک دوج دی 100 1967"
"light-xtrim-xtrim-exeed-lx","سبک ایکس‌ترم ایکس‌ترم اکسید ال‌ایکس"
"light-mercedes benz-240d-1982","سبک مرسدس بنز 240 دی 1982"
"light-toyota-corolla-1992","سبک تویوتا کرولا 1992"
"light-ford-mustang-convertible-2006","سبک فورد ماستانگ کروک 2006"
"light-subaru-outback-2008","سبک سوبارو آوت‌بک 2008"
"light-mercedes benz-e550-2007","سبک مرسدس بنز ای 550 2007"
"light-dodge-challenger-1973","سبک دوج چلنجر 1973"
"light-honda-vezel","سبک هوندا وزل"
"light-oldsmobile-cutlass-1983","سبک اولدزموبیل کاتلاس 1983"
"light-jaguar-xj-2011","سبک جگوار ایکس‌جی 2011"
"light-ford-f450-2012","سبک فورد اف 450 2012"
"light-subaru-outback-2002","سبک سوبارو آوت‌بک 2002"
"light-nissan-300zx-1996","سبک نیسان 300 زد‌ایکس 1996"
"light-landrover-lr2-2008","سبک لندروور ال‌آر 2 2008"
"light-chrysler-concorde-2002","سبک کرایسلر کانکورد 2002"
"light-buick-enclave-2012","سبک بیوک انکلیو 2012"
"light-audi-s4-2005","سبک آئودی اس 4 2005"
"light-honda-cr-z-2011","سبک هوندا سی ار زد 2011"
"light-hyundai-genesis-coupe-2015","سبک هیوندای جنسیس کوپه 2015"
"light-nissan-versa-2006","سبک نیسان ورسا 2006"
"light-dodge-ram-1500-1990","سبک دوج رم 1500 1990"
"light-chevrolet-montecarlo-1981","سبک شورلت مونت‌کارلو 1981"
"light-saab-9-5-2003","سبک ساب 9 5 2003"
"light-mazda-323-1993","سبک مزدا 323 1993"
"light-oldsmobile-eightyeight-1952","سبک اولدزموبیل ایتیتیایت 1952"
"light-chevrolet-c10-1987","سبک شورلت سی 10 1987"
"light-cadillac-escalade-2001","سبک کادیلاک اسکالید 2001"
"light-bmw-325e-1984","سبک بی‌ام‌دبلیو 325 ای 1984"
"light-hyundai-tiburon-2008","سبک هیوندای تیبورون 2008"
"light-honda-accord-2000","سبک هوندا آکورد 2000"
"light-pontiac-grandam-1994","سبک پونتیاک گرند ام 1994"
"light-bmw-e36-1998","سبک بی‌ام‌دبلیو ای 36 1998"
"light-mercury-cougar-1979","سبک مرکوری کوگار 1979"
"light-volkswagen-golf","سبک فولکس واگن گلف"
"light-pontiac-sunfire-2005","سبک پونتیاک سان‌فایر 2005"
"light-ford-roadster-1930","سبک فورد رودستر 1930"
"light-hyundai-tiburon-1998","سبک هیوندای تیبورون 1998"
"light-dodge-grand caravan-2002","سبک دوج گرند caravan 2002"
"light-jeep-grand-cherokee-1992","سبک جیپ گرند چروکی 1992"
"light-gmc-sonoma-1996","سبک جی‌ام‌سی سوناما 1996"
"light-cadillac-escalade-2007","سبک کادیلاک اسکالید 2007"
"light-mercedes benz-clk550-2007","سبک مرسدس بنز سی‌ال‌کا 550 2007"
"light-chevrolet-tracker-1997","سبک شورلت تراکِر 1997"
"light-toyota-4runner-2004","سبک تویوتا 4 رانر 2004"
"light-dodge-viper-1996","سبک دوج وایپر 1996"
"light-honda-civic-coupe-2008","سبک هوندا سیویک کوپه 2008"
"light-volkswagen-touareg-2005","سبک فولکس واگن توارگ 2005"
"light-mercedes benz-e430-2002","سبک مرسدس بنز ای 430 2002"
"light-mazda-b2300-1997","سبک مزدا بی 2300 1997"
"light-chevrolet-express-1998","سبک شورلت اکسپرس 1998"
"light-nissan-pathfinder-2014","سبک نیسان پث‌فایندر 2014"
"light-mazda-mx3-2006","سبک مزدا ام ایکس 3 2006"
"light-dodge-journey-2013","سبک دوج جرنی 2013"
"light-chevrolet-blazer-2000","سبک شورلت بلیزر 2000"
"light-baic-x25","سبک بایک ایکس 25"
"light-volvo-670-2008","سبک ولوو 670 2008"
"light-gmc-suburban-2500-1994","سبک جی‌ام‌سی سابربن 2500 1994"
"light-kia-optima-2008","سبک کیا اپتیما 2008"
"light-buick-regal-1987","سبک بیوک ریگال 1987"
"light-acura-tsx-2013","سبک آکورا تی‌اس‌ایکس 2013"
"light-subaru-impreza-wagon-2004","سبک سوبارو ایمپرزا واگن 2004"
"light-mitsubishi-eclipse-convertible-2007","سبک میتسوبیشی اکلیپس کروک 2007"
"light-chevrolet-caprice-1993","سبک شورلت کاپریس 1993"
"light-pontiac-grandprix-1967","سبک پونتیاک گرند پریکس 1967"
"light-plymouth-scamp-1972","سبک پلیموت اسکمپ 1972"
"light-chevrolet-impala-1964","سبک شورلت ایمپالا 1964"
"light-ford-explorer-2004","سبک فورد اکسپلورر 2004"
"light-acura-integra-2000","سبک آکورا اینتگرا 2000"
"light-volkswagen-golf-2010","سبک فولکس واگن گلف 2010"
"light-gmc-yukon-1500-1995","سبک جی‌ام‌سی یوکون 1500 1995"
"light-chevrolet-silverado-2008","سبک شورلت سیلورادو 2008"
"light-chevrolet-c30-1986","سبک شورلت سی 30 1986"
"light-nissan-pathfinder-1988","سبک نیسان پث‌فایندر 1988"
"light-mitsubishi-raider-2007","سبک میتسوبیشی رِیدر 2007"
"light-chevrolet-camaro-1957","سبک شورلت کامارو 1957"
"light-chevrolet-montecarlo-1974","سبک شورلت مونت‌کارلو 1974"
"light-cadillac-eldorado-1987","سبک کادیلاک الدورادو 1987"
"light-mazda-tribute-2008","سبک مزدا تریبیوت 2008"
"light-hyundai-hyundai-elantra-1600","سبک هیوندای هیوندای الانترا 1600"
"light-chevrolet-v20-1971","سبک شورلت وی 20 1971"
"light-chevrolet-traverse-2014","سبک شورلت ترورس 2014"
"light-buick-regal-1978","سبک بیوک ریگال 1978"
"light-suzuki-grand-vitara-2000","سبک سوزوکی گرند ویتارا 2000"
"light-ford-fairlane-1964","سبک فورد فیرلین 1964"
"light-chevrolet-prizm-1997","سبک شورلت پریزم 1997"
"light-chevrolet-suburban-1983","سبک شورلت سابربن 1983"
"light-acura-mdx-2012","سبک آکورا ام‌دی‌ایکس 2012"
"light-mercedes benz-gl550-2010","سبک مرسدس بنز جی‌ال 550 2010"
"light-suzuki-baleno","سبک سوزوکی بالنو"
"light-dodge-avenger-2011","سبک دوج اونجر 2011"
"light-chevrolet-el camino-1973","سبک شورلت ال camino 1973"
"light-lexus-is350-2008","سبک لکسوس ای اس 350 2008"
"light-mazda-mx5-miata-2012","سبک مزدا ام ایکس 5 میاتا 2012"
"light-audi-cabaret-1996","سبک آئودی کاباره 1996"
"light-brilliance-h320","سبک برلیانس اچ 320"
"light-gmc-sierra-3500-1993","سبک جی‌ام‌سی سیرا 3500 1993"
"light-chevrolet-c-k1500-1993","سبک شورلت سی کی 1500 1993"
"light-cadillac-seville-1990","سبک کادیلاک سویل 1990"
"light-mercedes benz-e420-1997","سبک مرسدس بنز ای 420 1997"
"light-gmc-sierra-1500-2006","سبک جی‌ام‌سی سیرا 1500 2006"
"light-honda-accord-2 door-1999","سبک هوندا آکورد 2 درب 1999"
"light-infiniti-qx56-2011","سبک اینفینیتی کیو ایکس 56 2011"
"light-ford-f100-1965","سبک فورد اف 100 1965"
"light-chevrolet-silverado-1981","سبک شورلت سیلورادو 1981"
"light-renault-pickup","سبک رنو پیکاپ"
"light-volvo-s40-1993","سبک ولوو اس 40 1993"
"light-dodge-durango-2008","سبک دوج دورانگو 2008"
"light-chevrolet-spark-2014","سبک شورلت اسپارک 2014"
"light-chevrolet-beretta-1994","سبک شورلت برتا 1994"
"light-jeep-wrangler-2009","سبک جیپ رنگلر 2009"
"light-bmw-525i-2006","سبک بی‌ام‌دبلیو 525 ای 2006"
"light-buick-riviera-1982","سبک بیوک ریویرا 1982"
"light-bmw-e30-1990","سبک بی‌ام‌دبلیو ای 30 1990"
"light-lincoln-mkx-2010","سبک لینکلن ام‌کی‌ایکس 2010"
"light-ford-ranger-1992","سبک فورد رینجر 1992"
"light-cadillac-allante-1987","سبک کادیلاک الانته 1987"
"light-mercedes benz-slk230-2001","سبک مرسدس بنز اس‌ال‌کی 230 2001"
"light-chevrolet-deluxe-1941","سبک شورلت دلوکس 1941"
"light-kia-optima-2005","سبک کیا اپتیما 2005"
"light-mercedes benz-s550-2011","سبک مرسدس بنز اس 550 2011"
"light-volvo-940-1995","سبک ولوو 940 1995"
"light-gmc-acadia-2012","سبک جی‌ام‌سی آکادیا 2012"
"light-dodge-polara-1971","سبک دوج پولارا 1971"
"light-chrysler-sebring-2008","سبک کرایسلر سبرینگ 2008"
"light-saturn-sl2-1994","سبک ساترن اس‌ال 2 1994"
"light-infiniti-i35-2004","سبک اینفینیتی ای 35 2004"
"light-gmc-sierra-1500-2013","سبک جی‌ام‌سی سیرا 1500 2013"
"light-hyundai-centennial","سبک هیوندای سنتنیال"
"light-chevrolet-impala-2014","سبک شورلت ایمپالا 2014"
"light-toyota-bz4x","سبک تویوتا بی زد 4 ایکس"
"light-bmw-735i-1988","سبک بی‌ام‌دبلیو 735 ای 1988"
"light-bmw-320i-2004","سبک بی‌ام‌دبلیو 320 ای 2004"
"light-chevrolet-caprice-1983","سبک شورلت کاپریس 1983"
"light-volkswagen-routan-2009","سبک فولکس واگن روتان 2009"
"light-saturn-outlook-2009","سبک ساترن آوتلوک 2009"
"light-lexus-is350-2011","سبک لکسوس ای اس 350 2011"
"light-buick-lesabre-1969","سبک بیوک لسبر 1969"
"light-chevrolet-c-k1500-1998","سبک شورلت سی کی 1500 1998"
"light-pontiac-lemans-1967","سبک پونتیاک لومانس 1967"
"light-dodge-cummins-2003","سبک دوج کامینز 2003"
"light-plymouth-laser-1994","سبک پلیموت لیزر 1994"
"light-jaguar-vandenplas-2001","سبک جگوار وندن‌پلاس 2001"
"light-lexus-lx470-2006","سبک لکسوس ال‌ایکس 470 2006"
"light-lincoln-mark-iv-1974","سبک لینکلن مارک آی‌وی 1974"
"light-ford-windstar-1999","سبک فورد وینداستار 1999"
"light-daewoo-leganza-1998","سبک دوو لگانزا 1998"
"light-kia-rio-wagon-2003","سبک کیا ریو واگن 2003"
"light-volvo-xc60","سبک ولوو ایکس‌سی 60"
"light-toyota-sequoia-2001","سبک تویوتا سکویا 2001"
"light-ford-f350-1977","سبک فورد اف 350 1977"
"light-dodge-ram-5500-2012","سبک دوج رم 5500 2012"
"light-nissan-pathfinder-2010","سبک نیسان پث‌فایندر 2010"
"light-mg-4-ev-xpower","سبک ام‌جی 4 الکتریکی ایکس‌پاور"
"light-mercedes benz-e300-1989","سبک مرسدس بنز ای 300 1989"
"light-volkswagen-golf-1987","سبک فولکس واگن گلف 1987"
"light-mercedes benz-sl550-2011","سبک مرسدس بنز اس‌ال 550 2011"
"light-ford-edge-2012","سبک فورد ادج 2012"
"light-toyota-scion-2016","سبک تویوتا سایون 2016"
"light-bmw-645i-2004","سبک بی‌ام‌دبلیو 645 ای 2004"
"light-infiniti-qx30-2015","سبک اینفینیتی کیو ایکس 30 2015"
"light-toyota-mr2-2002","سبک تویوتا ام آر 2 2002"
"light-chevrolet-suburban-1991","سبک شورلت سابربن 1991"
"light-chevrolet-k20-1972","سبک شورلت کی 20 1972"
"light-gmc-denali-2009","سبک جی‌ام‌سی دنالی 2009"
"light-oldsmobile-cutlass-1987","سبک اولدزموبیل کاتلاس 1987"
"light-mazda-323-1988","سبک مزدا 323 1988"
"light-chevrolet-silverado-3500-2007","سبک شورلت سیلورادو 3500 2007"
"light-oldsmobile-ninetyeight-1965","سبک اولدزموبیل ناین‌تی‌اییت 1965"
"light-ford-mustang-gt-1994","سبک فورد ماستانگ جی‌تی 1994"
"light-lexus-lx470-1999","سبک لکسوس ال‌ایکس 470 1999"
"light-chevrolet-pickup-1957","سبک شورلت پیکاپ 1957"
"light-geely-emgrand-x7","سبک جیلی ام‌گرند ایکس 7"
"light-toyota-tercel-1988","سبک تویوتا ترسل 1988"
"light-mercedes benz-sl600-2000","سبک مرسدس بنز اس‌ال 600 2000"
"light-volkswagen-passat-wagon-2003","سبک فولکس واگن پاسات واگن 2003"
"light-audi-a4-2013","سبک آئودی ای 4 2013"
"light-toyota-solara-2006","سبک تویوتا سولارا 2006"
"light-toyota-camry-se-1994","سبک تویوتا کمری اس‌ای 1994"
"light-toyota-camry-2001","سبک تویوتا کمری 2001"
"light-volvo-v40-2000","سبک ولوو وی 40 2000"
"light-chevrolet-tahoe-1999","سبک شورلت تاهو 1999"
"light-chevrolet-camaro-1992","سبک شورلت کامارو 1992"
"light-suzuki-grand-vitara-ir","سبک سوزوکی گرند ویتارا ای ار"
"light-bmw-745i-1995","سبک بی‌ام‌دبلیو 745 ای 1995"
"light-mazda-mx5-miata-2008","سبک مزدا ام ایکس 5 میاتا 2008"
"light-honda-civic-coupe-1988","سبک هوندا سیویک کوپه 1988"
"light-mercedes benz-e320-wagon-1997","سبک مرسدس بنز ای 320 واگن 1997"
"light-ford-thunderbird-1967","سبک فورد تاندر‌برد 1967"
"light-ford-f100-1955","سبک فورد اف 100 1955"
"light-chevrolet-cobalt-2013","سبک شورلت کبالت 2013"
"light-honda-civic-2015","سبک هوندا سیویک 2015"
"light-honda-accord-2 door-1998","سبک هوندا آکورد 2 درب 1998"
"light-ford-flex-2007","سبک فورد فلکس 2007"
"light-subaru-outback-2006","سبک سوبارو آوت‌بک 2006"
"light-bmw-2-series-coupe","سبک بی‌ام‌دبلیو 2 سری کوپه"
"light-chrysler-aspen-2009","سبک کرایسلر اسپن 2009"
"light-mercedes benz-cl550-2007","سبک مرسدس بنز سی‌ال 550 2007"
"light-acura-tl-2003","سبک آکورا تی‌ال 2003"
"light-toyota-avalon-2001","سبک تویوتا اوالون 2001"
"light-toyota-4runner-2011","سبک تویوتا 4 رانر 2011"
"light-chrysler-concorde-1995","سبک کرایسلر کانکورد 1995"
"light-chevrolet-k10-1982","سبک شورلت کی 10 1982"
"light-chevrolet-impala-2004","سبک شورلت ایمپالا 2004"
"light-pontiac-bonneville-1963","سبک پونتیاک بانوویل 1963"
"light-jeep-wrangler-1988","سبک جیپ رنگلر 1988"
"light-nissan-maxima-2001","سبک نیسان ماکسیما 2001"
"light-lincoln-mkz-2011","سبک لینکلن ام‌کی‌زد 2011"
"light-dodge-dakota-2005","سبک دوج داکوتا 2005"
"light-audi-a6-1995","سبک آئودی ای 6 1995"
"light-oldsmobile-cutlass-1998","سبک اولدزموبیل کاتلاس 1998"
"light-bmw-320i-2014","سبک بی‌ام‌دبلیو 320 ای 2014"
"light-lincoln-towncar-1999","سبک لینکلن تاون‌کار 1999"
"light-nissan-pathfinder-2004","سبک نیسان پث‌فایندر 2004"
"light-maserati-biturbo-1985","سبک مازراتی بیتوربو 1985"
"light-hyundai-sonata-2015","سبک هیوندای سوناتا 2015"
"light-gmc-sonoma-1994","سبک جی‌ام‌سی سوناما 1994"
"light-chevrolet-c10-1979","سبک شورلت سی 10 1979"
"light-changan-cs35","سبک چانگان سی‌اس 35"
"light-chevrolet-avalanche-2013","سبک شورلت آوالانچ 2013"
"light-acura-legend-1994","سبک آکورا افسانه 1994"
"light-subaru-outback-2011","سبک سوبارو آوت‌بک 2011"
"light-mitsubishi-lancer-2010","سبک میتسوبیشی لنسر 2010"
"light-bmw-128i-2009","سبک بی‌ام‌دبلیو 128 ای 2009"
"light-volvo-s40-2001","سبک ولوو اس 40 2001"
"light-dodge-grand caravan-2007","سبک دوج گرند caravan 2007"
"light-ford-ranger-1978","سبک فورد رینجر 1978"
"light-buick-special-1952","سبک بیوک اسپشیال 1952"
"light-honda-fit-2008","سبک هوندا فیت 2008"
"light-chrysler-300-2006","سبک کرایسلر 300 2006"
"light-kia-spectra-2008","سبک کیا اسپکترا 2008"
"light-dodge-ram-1500-2015","سبک دوج رم 1500 2015"
"light-ds-5ls","سبک دی‌اس 5 ال‌اس"
"light-hyundai-elantra-ir","سبک هیوندای الانترا ای ار"
"light-mazda-mpv-1995","سبک مزدا ام‌پی‌وی 1995"
"light-toyota-mr2-1988","سبک تویوتا ام آر 2 1988"
"light-audi-tt-2002","سبک آئودی تی‌تی 2002"
"light-toyota-landcruiser-2009","سبک تویوتا لندکروز 2009"
"light-saab-9-5-2001","سبک ساب 9 5 2001"
"light-willys-cj3b-1953","سبک ویلیز سی‌جی 3 بی 1953"
"light-nissan-altima-2013","سبک نیسان آلتیما 2013"
"light-lexus-ls430-2005","سبک لکسوس ال‌اس 430 2005"
"light-chevrolet-metro-1995","سبک شورلت مترو 1995"
"light-mitsubishi-diamante-2001","سبک میتسوبیشی دیامانته 2001"
"light-volkswagen-jetta-vs5","سبک فولکس واگن جتا وی‌اس 5"
"light-ford-taurus-2013","سبک فورد تورس 2013"
"light-chevrolet-impala-1959","سبک شورلت ایمپالا 1959"
"light-nissan-altima","سبک نیسان آلتیما"
"light-chevrolet-equinox-2015","سبک شورلت اکوینوکس 2015"
"light-mercury-grandmarquis-1984","سبک مرکوری گرند مارکویس 1984"
"light-saturn-sl-1997","سبک ساترن اس‌ال 1997"
"light-mazda-6-2003","سبک مزدا 6 2003"
"heavy-alvand","سنگین الوند"
"light-volkswagen-gti-1987","سبک فولکس واگن جی‌تی‌آی 1987"
"light-pontiac-firebird-2001","سبک پونتیاک فایربرد 2001"
"light-dodge-intrepid-1993","سبک دوج اینترپید 1993"
"light-pontiac-grandprix-1964","سبک پونتیاک گرند پریکس 1964"
"light-pontiac-g6-2016","سبک پونتیاک جی 6 2016"
"light-chevrolet-montecarlo-1982","سبک شورلت مونت‌کارلو 1982"
"light-audi-a4-1900","سبک آئودی ای 4 1900"
"light-pontiac-transam-1994","سبک پونتیاک ترانس‌ام 1994"
"light-infiniti-i30-1999","سبک اینفینیتی ای 30 1999"
"light-honda-civic-2002","سبک هوندا سیویک 2002"
"light-ford-e350-2012","سبک فورد ای 350 2012"
"light-mercury-cougar-2014","سبک مرکوری کوگار 2014"
"light-hyundai-veracruz-2007","سبک هیوندای ورا کراس 2007"
"light-ford-crown victoria-1986","سبک فورد کراون victoria 1986"
"light-buick-century-1999","سبک بیوک سنتوری 1999"
"light-alfa romeo-alfetta-gt-1977","سبک آلفا رومئو آلفتا جی‌تی 1977"
"light-opel-insignia","سبک اوپل اینسگنیا"
"light-mazda-b2500-2000","سبک مزدا بی 2500 2000"
"light-ford-ranchero-1965","سبک فورد رانچرو 1965"
"light-mazda-626-1987","سبک مزدا 626 1987"
"light-chevrolet-hhr-2007","سبک شورلت اچ‌اچ‌آر 2007"
"light-bmw-750i-2009","سبک بی‌ام‌دبلیو 750 ای 2009"
"light-renault-safrane","سبک رنو سفران"
"light-nissan-xterra-2012","سبک نیسان اکستررا 2012"
"light-ford-e250-2005","سبک فورد ای 250 2005"
"light-nissan-murano-2013","سبک نیسان مورانو 2013"
"light-audi-a4-2002","سبک آئودی ای 4 2002"
"light-mercedes benz-e55-2000","سبک مرسدس بنز ای 55 2000"
"light-haval-h6-ir","سبک هول اچ 6 ای ار"
"light-gmc-yukon-1500-1998","سبک جی‌ام‌سی یوکون 1500 1998"
"light-audi-a4-avant-2006","سبک آئودی ای 4 آوانت 2006"
"light-cadillac-cts-2014","سبک کادیلاک سی‌تی‌اس 2014"
"light-chevrolet-c-k3500-2000","سبک شورلت سی کی 3500 2000"
"light-bmw-525i-1995","سبک بی‌ام‌دبلیو 525 ای 1995"
"light-lexus-nx-200t","سبک لکسوس ان‌ایکس 200 تی"
"light-ford-mustang-1984","سبک فورد ماستانگ 1984"
"light-ford-fiesta-2016","سبک فورد فیستا 2016"
"light-honda-civic-coupe-2011","سبک هوندا سیویک کوپه 2011"
"light-mercury-sable-2005","سبک مرکوری سیبل 2005"
"light-chrysler-conquest-1989","سبک کرایسلر کانکوئست 1989"
"light-toyota-pickup-1985","سبک تویوتا پیکاپ 1985"
"light-gmc-envoy-2006","سبک جی‌ام‌سی انوی 2006"
"light-mercury-capri-1993","سبک مرکوری کاپری 1993"
"light-nissan-sentra-1991","سبک نیسان سنترا 1991"
"light-saipa-shahin-plus","سبک سایپا شاهین پلاس"
"light-volkswagen-passat-2006","سبک فولکس واگن پاسات 2006"
"light-ford-fiesta-1999","سبک فورد فیستا 1999"
"light-samand-soren-plus","سبک سمند سورن پلاس"
"light-mercedes benz-r350-2008","سبک مرسدس بنز ار 350 2008"
"light-cadillac-fleetwood-1972","سبک کادیلاک فلیت‌وود 1972"
"light-nissan-maxima-1986","سبک نیسان ماکسیما 1986"
"light-ford-mustang-1975","سبک فورد ماستانگ 1975"
"light-pontiac-transam-1978","سبک پونتیاک ترانس‌ام 1978"
"light-volkswagen-newbeetle-2000","سبک فولکس واگن نیو بیتل 2000"
"light-mercury-villager-1997","سبک مرکوری ویلیجر 1997"
"light-ford-aerostar-2002","سبک فورد ایرواستار 2002"
"light-chevrolet-corvette-1993","سبک شورلت کوروت 1993"
"light-cadillac-eldorado-1990","سبک کادیلاک الدورادو 1990"
"light-toyota-landcruiser-2door","سبک تویوتا لندکروز 2 درب"
"light-lexus-sc430-2006","سبک لکسوس اس‌سی 430 2006"
"light-dodge-ram-3500-2005","سبک دوج رم 3500 2005"
"light-suzuki-kizashi-2013","سبک سوزوکی کیزاشی 2013"
"light-mitsubishi-eclipse-1985","سبک میتسوبیشی اکلیپس 1985"
"light-saturn-sl2-1999","سبک ساترن اس‌ال 2 1999"
"light-bmw-3-series-gt","سبک بی‌ام‌دبلیو 3 سری جی‌تی"
"light-ford-excursion-2004","سبک فورد اکسکرژن 2004"
"light-bmw-330ci-2002","سبک بی‌ام‌دبلیو 330 سی‌آی 2002"
"light-volvo-xc90-2003","سبک ولوو ایکس‌سی 90 2003"
"light-nissan-armada-2009","سبک نیسان آرمادا 2009"
"light-mercedes benz-s600-2003","سبک مرسدس بنز اس 600 2003"
"light-bmw-730i-2005","سبک بی‌ام‌دبلیو 730 ای 2005"
"light-honda-civic-1994","سبک هوندا سیویک 1994"
"light-mercury-grandmarquis-1993","سبک مرکوری گرند مارکویس 1993"
"light-jaguar-s-type-2004","سبک جگوار اس تایپ 2004"
"light-toyota-camry-le-2003","سبک تویوتا کمری ال‌ای 2003"
"light-ford-mustang-1986","سبک فورد ماستانگ 1986"
"light-mitsubishi-outlander-2012","سبک میتسوبیشی آوتلندر 2012"
"light-dodge-ram-2500-2014","سبک دوج رم 2500 2014"
"light-hyundai-veloster-2015","سبک هیوندای ولستر 2015"
"light-buick-terraza-2006","سبک بیوک ترازا 2006"
"light-alfa romeo-spider-1978","سبک آلفا رومئو اسپایدر 1978"
"light-jeep-mute","سبک جیپ بی‌صدا"
"light-fownix-tiggo-7-pro-e-plus-plugin-hybrid","سبک فونییکس تیگو 7 پرو ای پلاس پلاگین هیبرید"
"light-audi-s4-2011","سبک آئودی اس 4 2011"
"light-tesla-s-2013","سبک تسلا اس 2013"
"light-nissan-frontier-2009","سبک نیسان فرانتیر 2009"
"light-jeep-grand-cherokee-1997","سبک جیپ گرند چروکی 1997"
"light-kia-rio-wagon-2008","سبک کیا ریو واگن 2008"
"light-acura-rsx-2013","سبک آکورا آر‌اس‌ایکس 2013"
"light-volkswagen-jetta-2008","سبک فولکس واگن جتا 2008"
"light-toyota-landcruiser-2002","سبک تویوتا لندکروز 2002"
"light-oldsmobile-intrigue-2001","سبک اولدزموبیل اینتریگ 2001"
"light-mitsubishi-mirage-2002","سبک میتسوبیشی میرَج 2002"
"light-pontiac-grandam-1988","سبک پونتیاک گرند ام 1988"
"light-chevrolet-colorado-2007","سبک شورلت کلرادو 2007"
"light-bmw-525i-2002","سبک بی‌ام‌دبلیو 525 ای 2002"
"light-volkswagen-golf-1999","سبک فولکس واگن گلف 1999"
"light-gmc-suburban-1500-1991","سبک جی‌ام‌سی سابربن 1500 1991"
"light-ford-coupe-1950","سبک فورد کوپه 1950"
"light-dodge-caliber-2009","سبک دوج کالیبر 2009"
"light-isuzu-pickup-2007","سبک ایسوزو پیکاپ 2007"
"light-dodge-dakota-1989","سبک دوج داکوتا 1989"
"light-kia-sedona-2001","سبک کیا سدونا 2001"
"light-dodge-durango-2007","سبک دوج دورانگو 2007"
"light-mini-cooper-countryman-2012","سبک مینی کوپر کانتری‌من 2012"
"light-hyundai-tiburon-2005","سبک هیوندای تیبورون 2005"
"light-mercedes benz-sd300-1984","سبک مرسدس بنز اس‌دی 300 1984"
"light-chevrolet-beretta-1995","سبک شورلت برتا 1995"
"light-ford-excursion-2005","سبک فورد اکسکرژن 2005"
"light-pontiac-grandprix-2003","سبک پونتیاک گرند پریکس 2003"
"light-volkswagen-golf-1985","سبک فولکس واگن گلف 1985"
"light-toyota-fjcruiser-2008","سبک تویوتا اف‌جی کروزر 2008"
"light-infiniti-qx56-2010","سبک اینفینیتی کیو ایکس 56 2010"
"light-volkswagen-beetle-2005","سبک فولکس واگن بیتل 2005"
"light-toyota-prius-2004","سبک تویوتا پریوس 2004"
"light-gmc-safari-2001","سبک جی‌ام‌سی سافاری 2001"
"light-ford-f100-1958","سبک فورد اف 100 1958"
"light-nissan-quest-2005","سبک نیسان کوئست 2005"
"light-isuzu-rodeo-1987","سبک ایسوزو رودئو 1987"
"light-chrysler-new yorker-1986","سبک کرایسلر جدید yorker 1986"
"light-volkswagen-passat-1996","سبک فولکس واگن پاسات 1996"
"light-dodge-ram-2500-2006","سبک دوج رم 2500 2006"
"light-chrysler-crossfire-2007","سبک کرایسلر کراس‌فایر 2007"
"light-chevrolet-blazer-2003","سبک شورلت بلیزر 2003"
"light-audi-q4-e-tron","سبک آئودی کیو 4 ای ترون"
"light-bmw-335i-2009","سبک بی‌ام‌دبلیو 335 ای 2009"
"light-voyah-free-phev","سبک ویا فری پی‌اچ‌ای‌وی"
"light-hyundai-tiburon-2004","سبک هیوندای تیبورون 2004"
"light-bmw-635csi-1978","سبک بی‌ام‌دبلیو 635 سی‌اس‌آی 1978"
"light-volvo-740-wagon-1992","سبک ولوو 740 واگن 1992"
"light-bmw-325i-1989","سبک بی‌ام‌دبلیو 325 ای 1989"
"light-mitsubishi-mirage-1995","سبک میتسوبیشی میرَج 1995"
"light-dodge-cummins-1996","سبک دوج کامینز 1996"
"light-jaguar-xk-2011","سبک جگوار ایکس‌کی 2011"
"light-dodge-ram-2500-2011","سبک دوج رم 2500 2011"
"light-chevrolet-hhr-2011","سبک شورلت اچ‌اچ‌آر 2011"
"light-volvo-s60-2015","سبک ولوو اس 60 2015"
"light-bmw-523i-2008","سبک بی‌ام‌دبلیو 523 ای 2008"
"light-toyota-supra-2000","سبک تویوتا سوپرا 2000"
"light-toyota-corolla-s-2012","سبک تویوتا کرولا اس 2012"
"light-plymouth-sundance-1992","سبک پلیموت سان‌دَنس 1992"
"light-acura-rl-1996","سبک آکورا آر ال 1996"
"light-ford-escape-2009","سبک فورد اسکیپ 2009"
"light-lexus-sc300-1996","سبک لکسوس اس‌سی 300 1996"
"light-kia-soul-2014","سبک کیا سول 2014"
"light-ford-f150-1994","سبک فورد اف 150 1994"
"light-honda-cr-z-2013","سبک هوندا سی ار زد 2013"
"light-kia-sportage-2009","سبک کیا اسپورتیج 2009"
"light-lexus-es300-2013","سبک لکسوس ای اس 300 2013"
"light-ford-taurus-2008","سبک فورد تورس 2008"
"light-lotus-elise","سبک لوتوس الیزه"
"light-volvo-244-1986","سبک ولوو 244 1986"
"light-dodge-spirit-1996","سبک دوج اسپریت 1996"
"light-mg-gt","سبک ام‌جی جی‌تی"
"light-ford-mustang-convertible-1990","سبک فورد ماستانگ کروک 1990"
"light-ford-f250-1992","سبک فورد اف 250 1992"
"light-audi-r8-2009","سبک آئودی ار 8 2009"
"light-buick-riviera-1997","سبک بیوک ریویرا 1997"
"light-toyota-camry-1992","سبک تویوتا کمری 1992"
"light-ford-excursion-2001","سبک فورد اکسکرژن 2001"
"light-pontiac-bonneville-1999","سبک پونتیاک بانوویل 1999"
"light-subaru-impreza-2001","سبک سوبارو ایمپرزا 2001"
"light-mvm-315-hatchback","سبک ام‌وی‌ام 315 هاتچ‌بک"
"light-nissan-720-1985","سبک نیسان 720 1985"
"light-maserati-ghibli-2014","سبک مازراتی گیبلی 2014"
"light-peugeot-206-sd","سبک پژو 206 اس‌دی"
"light-mercedes benz-slk320-2003","سبک مرسدس بنز اس‌ال‌کی 320 2003"
"light-volkswagen-cc-2013","سبک فولکس واگن سی‌سی 2013"
"light-pontiac-firebird-1999","سبک پونتیاک فایربرد 1999"
"light-honda-prelude-1990","سبک هوندا پرلود 1990"
"light-mazda-323-2000","سبک مزدا 323 2000"
"light-nissan-sentra-1993","سبک نیسان سنترا 1993"
"light-mercedes benz-sl500-1995","سبک مرسدس بنز اس‌ال 500 1995"
"light-jeep-compass-2013","سبک جیپ کامپس 2013"
"light-bmw-528i-1998","سبک بی‌ام‌دبلیو 528 ای 1998"
"light-saturn-aura-2009","سبک ساترن آورا 2009"
"light-dodge-avenger-2007","سبک دوج اونجر 2007"
"light-dodge-avenger-1995","سبک دوج اونجر 1995"
"light-ford-f250-2009","سبک فورد اف 250 2009"
"light-ford-ranger-2003","سبک فورد رینجر 2003"
"light-ford-focus-2015","سبک فورد فوکوس 2015"
"light-buick-lacrosse-2006","سبک بیوک لاکراس 2006"
"light-chevrolet-camaro-2013","سبک شورلت کامارو 2013"
"light-suzuki-sidekick-1995","سبک سوزوکی سایدکیک 1995"
"light-mitsubishi-montero-1991","سبک میتسوبیشی مونترو 1991"
"light-ford-freestyle-2006","سبک فورد فری‌استایل 2006"
"light-ford-fairlane-1970","سبک فورد فیرلین 1970"
"light-volkswagen-rabbit-1979","سبک فولکس واگن رابیت 1979"
"light-mercedes benz-ml430-2000","سبک مرسدس بنز ام‌ال 430 2000"
"light-dayun-y5","سبک دایون وای 5"
"light-chevrolet-tahoe-2010","سبک شورلت تاهو 2010"
"light-ford-ranger-2009","سبک فورد رینجر 2009"
"light-jeep-wagoneer-1972","سبک جیپ واگنییر 1972"
"light-suzuki-esteem-1998","سبک سوزوکی استیم 1998"
"light-dodge-grand caravan-2015","سبک دوج گرند caravan 2015"
"light-chevrolet-c-k2500-1994","سبک شورلت سی کی 2500 1994"
"light-toyota-corolla-le-1998","سبک تویوتا کرولا ال‌ای 1998"
"light-toyota-1-ton truck-1988","سبک تویوتا 1 تن کامیون 1988"
"light-eagle-talon-1992","سبک ایگل تلون 1992"
"light-honda-civic-2003","سبک هوندا سیویک 2003"
"light-mitsubishi-diamante-1997","سبک میتسوبیشی دیامانته 1997"
"light-mercedes benz-gl450-2007","سبک مرسدس بنز جی‌ال 450 2007"
"light-bmw-325i-2009","سبک بی‌ام‌دبلیو 325 ای 2009"
"light-jeep-cherokee-1991","سبک جیپ چروکی 1991"
"light-saab-9-3-2008","سبک ساب 9 3 2008"
"light-ford-ranger-1999","سبک فورد رینجر 1999"
"light-infiniti-qx4-1999","سبک اینفینیتی کیو ایکس 4 1999"
"light-chery-tiggo-5","سبک چری تیگو 5"
"light-lexus-is350-2010","سبک لکسوس ای اس 350 2010"
"light-saturn-l100-2001","سبک ساترن ال 100 2001"
"light-buick-lucerne-2011","سبک بیوک لوسرن 2011"
"light-chevrolet-corvette-1970","سبک شورلت کوروت 1970"
"light-chevrolet-impala-1972","سبک شورلت ایمپالا 1972"
"light-suzuki-verona-2004","سبک سوزوکی ورونا 2004"
"light-hyundai-santafe-ix45","سبک هیوندای سانتافه آی‌ایکس 45"
"light-chevrolet-montecarlo-1997","سبک شورلت مونت‌کارلو 1997"
"light-oldsmobile-cutlass-1997","سبک اولدزموبیل کاتلاس 1997"
"light-nissan-300zx-1988","سبک نیسان 300 زد‌ایکس 1988"
"light-landrover-rangerover-2006","سبک لندروور رِنج روور 2006"
"light-chevrolet-suburban-1976","سبک شورلت سابربن 1976"
"light-volkswagen-cabriolet-1987","سبک فولکس واگن کابریولت 1987"
"light-suzuki-sx4-2013","سبک سوزوکی اس‌ایکس 4 2013"
"light-honda-pilot-2011","سبک هوندا پایلوت 2011"
"light-ford-galaxie-1960","سبک فورد گالکسی 1960"
"light-jeep-wrangler-2004","سبک جیپ رنگلر 2004"
"light-toyota-supra-1900","سبک تویوتا سوپرا 1900"
"light-cadillac-eldorado-2002","سبک کادیلاک الدورادو 2002"
"light-jeep-cj7-1977","سبک جیپ سی‌جی 7 1977"
"light-mercedes benz-clk55-2004","سبک مرسدس بنز سی‌ال‌کا 55 2004"
"light-chevrolet-cavalier-1984","سبک شورلت کاوالیر 1984"
"light-mercedes benz-slk230-1998","سبک مرسدس بنز اس‌ال‌کی 230 1998"
"light-toyota-corolla-2015","سبک تویوتا کرولا 2015"
"light-chrysler-lhs-1996","سبک کرایسلر ال‌اچ‌اس 1996"
"light-jeep-wrangler-2011","سبک جیپ رنگلر 2011"
"light-ford-e350-1997","سبک فورد ای 350 1997"
"light-pontiac-aztek-2000","سبک پونتیاک آزتک 2000"
"light-toyota-supra-1989","سبک تویوتا سوپرا 1989"
"light-bmw-7series-2002","سبک بی‌ام‌دبلیو 7 سری 2002"
"light-lincoln-mark-viii-1993","سبک لینکلن مارک هشت 1993"
"light-chevrolet-suburban-1992","سبک شورلت سابربن 1992"
"light-kia-rondo-2008","سبک کیا روندو 2008"
"light-audi-a8-2004","سبک آئودی ای 8 2004"
"light-gmc-jimmy-1977","سبک جی‌ام‌سی جیمی 1977"
"light-chevrolet-metro-1996","سبک شورلت مترو 1996"
"light-buick-regal-1983","سبک بیوک ریگال 1983"
"light-mercury-mystique-1998","سبک مرکوری میستیک 1998"
"light-honda-accord-2 door-2003","سبک هوندا آکورد 2 درب 2003"
"light-pontiac-gto-1968","سبک پونتیاک جی‌تی‌او 1968"
"light-honda-prelude-1999","سبک هوندا پرلود 1999"
"light-mercedes benz-s420-2001","سبک مرسدس بنز اس 420 2001"
"light-mazda-6-wagon-2005","سبک مزدا 6 واگن 2005"
"light-ssangyong-kyron","سبک سانگ‌یانگ کی‌ران"
"light-toyota-camry-1938","سبک تویوتا کمری 1938"
"light-gmc-k1500-2004","سبک جی‌ام‌سی کی 1500 2004"
"light-jeep-wrangler-unlimited-2008","سبک جیپ رنگلر آنلیمیتد 2008"
"light-ford-mustang-convertible-2005","سبک فورد ماستانگ کروک 2005"
"light-nissan-pathfinder-1989","سبک نیسان پث‌فایندر 1989"
"light-mercedes benz-e420-1995","سبک مرسدس بنز ای 420 1995"
"light-saipa-atlas-g","سبک سایپا اطلس جی"
"light-ford-bronco-1984","سبک فورد برانکو 1984"
"light-dodge-w250-1996","سبک دوج دبلیو 250 1996"
"light-jeep-cherokee-2015","سبک جیپ چروکی 2015"
"light-pontiac-firebird-2000","سبک پونتیاک فایربرد 2000"
"light-mazda-mpv-1997","سبک مزدا ام‌پی‌وی 1997"
"light-pontiac-lemans-1969","سبک پونتیاک لومانس 1969"
"light-lexus-sc430-2009","سبک لکسوس اس‌سی 430 2009"
"light-mercedes benz-sl560-1988","سبک مرسدس بنز اس‌ال 560 1988"
"light-cadillac-deville-1957","سبک کادیلاک دویل 1957"
"light-pontiac-bonneville-2003","سبک پونتیاک بانوویل 2003"
"light-lexus-sc300-2000","سبک لکسوس اس‌سی 300 2000"
"light-volvo-xc90","سبک ولوو ایکس‌سی 90"
"light-nissan-patrol-2-door","سبک نیسان پاترول 2 درب"
"light-dodge-ram-1500-2008","سبک دوج رم 1500 2008"
"light-fiat-doblo-2011","سبک فیات دوبلو 2011"
"light-dodge-ram-2500-2012","سبک دوج رم 2500 2012"
"light-jeep-renegade","سبک جیپ رینیگید"
"light-mazda-mpv-1996","سبک مزدا ام‌پی‌وی 1996"
"light-ford-aspire-1998","سبک فورد اسپایر 1998"
"light-mercury-sable-2003","سبک مرکوری سیبل 2003"
"light-volkswagen-beetle-1977","سبک فولکس واگن بیتل 1977"
"light-mazda-3-hatchback-2011","سبک مزدا 3 هاتچ‌بک 2011"
"light-honda-civic-hatchback-1994","سبک هوندا سیویک هاتچ‌بک 1994"
"light-mercedes benz-e300-1999","سبک مرسدس بنز ای 300 1999"
"light-chevrolet-stepside-1993","سبک شورلت استپساید 1993"
"light-mercedes benz-300d-1977","سبک مرسدس بنز 300 دی 1977"
"light-honda-accord-2 door-2004","سبک هوندا آکورد 2 درب 2004"
"light-volvo-v40-2011","سبک ولوو وی 40 2011"
"light-mitsubishi-fuso-2005","سبک میتسوبیشی فوسو 2005"
"light-buick-roadmaster-1995","سبک بیوک رودمستر 1995"
"light-toyota-highlander-hybrid","سبک تویوتا های‌لندر هیبرید"
"light-ford-f450-2004","سبک فورد اف 450 2004"
"light-buick-regal-2012","سبک بیوک ریگال 2012"
"light-bmw-m3-1995","سبک بی‌ام‌دبلیو ام 3 1995"
"light-oldsmobile-ninetyeight-1993","سبک اولدزموبیل ناین‌تی‌اییت 1993"
"light-chevrolet-c20-1987","سبک شورلت سی 20 1987"
"light-buick-roadmaster-2002","سبک بیوک رودمستر 2002"
"light-mini-cooper-2010","سبک مینی کوپر 2010"
"light-volkswagen-bug-2012","سبک فولکس واگن بگ 2012"
"light-mercury-grandmarquis-2000","سبک مرکوری گرند مارکویس 2000"
"light-dodge-coronet-1950","سبک دوج کورونت 1950"
"light-pontiac-transam-1993","سبک پونتیاک ترانس‌ام 1993"
"light-honda-prelude-2001","سبک هوندا پرلود 2001"
"light-infiniti-i30-2001","سبک اینفینیتی ای 30 2001"
"light-dodge-durango-2012","سبک دوج دورانگو 2012"
"light-volkswagen-jetta-2006","سبک فولکس واگن جتا 2006"
"light-jeep-grand-cherokee-1987","سبک جیپ گرند چروکی 1987"
"light-lincoln-mark-v-1977","سبک لینکلن مارک وی 1977"
"light-dodge-ram-3500-2014","سبک دوج رم 3500 2014"
"light-audi-100-1994","سبک آئودی 100 1994"
"light-mazda-speed3-2011","سبک مزدا اسپید 3 2011"
"light-hyundai-sonata-2001","سبک هیوندای سوناتا 2001"
"light-bmw-330xi-2006","سبک بی‌ام‌دبلیو 330 ایکس‌آی 2006"
"light-hyundai-santafe-2014","سبک هیوندای سانتافه 2014"
"light-mitsubishi-galant-1996","سبک میتسوبیشی گالانت 1996"
"light-ford-mustang-1978","سبک فورد ماستانگ 1978"
"light-volkswagen-id4","سبک فولکس واگن آی‌دی 4"
"light-volkswagen-bug-2001","سبک فولکس واگن بگ 2001"
"light-ford-f100-1962","سبک فورد اف 100 1962"
"light-volkswagen-bug-1969","سبک فولکس واگن بگ 1969"
"light-chevrolet-uplander-2005","سبک شورلت آپ‌لندر 2005"
"light-chevrolet-cavalier-1989","سبک شورلت کاوالیر 1989"
"light-honda-crx-1986","سبک هوندا سی‌آر‌ایکس 1986"
"light-honda-cr-v-2009","سبک هوندا سی ار وی 2009"
"light-nissan-300zx-1994","سبک نیسان 300 زد‌ایکس 1994"
"light-ford-bronco-1982","سبک فورد برانکو 1982"
"light-infiniti-i35-2002","سبک اینفینیتی ای 35 2002"
"light-volvo-xc70-2010","سبک ولوو ایکس‌سی 70 2010"
"light-toyota-tercel-1982","سبک تویوتا ترسل 1982"
"light-pontiac-transam-1982","سبک پونتیاک ترانس‌ام 1982"
"light-chevrolet-avalanche-2005","سبک شورلت آوالانچ 2005"
"light-ford-mustang-1982","سبک فورد ماستانگ 1982"
"light-ford-f150-2010","سبک فورد اف 150 2010"
"light-honda-accord-2 door-1991","سبک هوندا آکورد 2 درب 1991"
"light-chevrolet-delray-1958","سبک شورلت دِلری 1958"
"light-saturn-l200-1999","سبک ساترن ال 200 1999"
"light-dodge-w150-2006","سبک دوج دبلیو 150 2006"
"light-ford-mustang-2004","سبک فورد ماستانگ 2004"
"light-toyota-pickup-1990","سبک تویوتا پیکاپ 1990"
"light-kia-amanti-2007","سبک کیا آمانتی 2007"
"light-toyota-mr2-1900","سبک تویوتا ام آر 2 1900"
"light-ford-aspire-1995","سبک فورد اسپایر 1995"
"light-mazda-tribute-2009","سبک مزدا تریبیوت 2009"
"light-nissan-altima-2008","سبک نیسان آلتیما 2008"
"light-ford-f250-1975","سبک فورد اف 250 1975"
"light-nissan-maxima-2007","سبک نیسان ماکسیما 2007"
"light-toyota-scion-2007","سبک تویوتا سایون 2007"
"light-toyota-rav4-hybrid","سبک تویوتا راو 4 هیبرید"
"light-lexus-ls","سبک لکسوس ال‌اس"
"light-ford-f350-1996","سبک فورد اف 350 1996"
"light-mitsubishi-lancer-2006","سبک میتسوبیشی لنسر 2006"
"light-buick-lesabre-1999","سبک بیوک لسبر 1999"
"light-mercedes benz-sl500-2003","سبک مرسدس بنز اس‌ال 500 2003"
"light-oldsmobile-ninetyeight-1998","سبک اولدزموبیل ناین‌تی‌اییت 1998"
"light-toyota-camry-xle-1993","سبک تویوتا کمری ایکس ال ای 1993"
"light-saab-900-1997","سبک ساب 900 1997"
"light-pontiac-grandprix-1986","سبک پونتیاک گرند پریکس 1986"
"light-chevrolet-camaro-1973","سبک شورلت کامارو 1973"
"light-ford-crown victoria-2010","سبک فورد کراون victoria 2010"
"light-chevrolet-montecarlo-2008","سبک شورلت مونت‌کارلو 2008"
"light-acura-integra-1998","سبک آکورا اینتگرا 1998"
"light-ford-mustang-convertible-1997","سبک فورد ماستانگ کروک 1997"
"light-ford-fiesta-2015","سبک فورد فیستا 2015"
"light-dodge-w250-1985","سبک دوج دبلیو 250 1985"
"light-volkswagen-passat-2012","سبک فولکس واگن پاسات 2012"
"light-pontiac-montana-2004","سبک پونتیاک مونتانا 2004"
"light-scion-iq-2012","سبک سایون آی‌کیو 2012"
"light-toyota-camry-solara-1999","سبک تویوتا کمری سولارا 1999"
"light-infiniti-m35-2003","سبک اینفینیتی ام 35 2003"
"light-ford-f250-2001","سبک فورد اف 250 2001"
"light-volvo-s40-2011","سبک ولوو اس 40 2011"
"light-acura-integra-1997","سبک آکورا اینتگرا 1997"
"light-hyundai-sonata-2011","سبک هیوندای سوناتا 2011"
"light-chevrolet-beretta-1988","سبک شورلت برتا 1988"
"light-honda-civic-1979","سبک هوندا سیویک 1979"
"light-bmw-528i-2003","سبک بی‌ام‌دبلیو 528 ای 2003"
"light-bmw-7series-1996","سبک بی‌ام‌دبلیو 7 سری 1996"
"light-subaru-impreza-wagon-2012","سبک سوبارو ایمپرزا واگن 2012"
"light-honda-accord-wagon-1997","سبک هوندا آکورد واگن 1997"
"light-chevrolet-stepside-1967","سبک شورلت استپساید 1967"
"light-chrysler-town&country-2007","سبک کرایسلر town country 2007"
"light-ford-fusion-2015","سبک فورد فیوژن 2015"
"light-bmw-335i-2007","سبک بی‌ام‌دبلیو 335 ای 2007"
"light-acura-zdx-2011","سبک آکورا زد‌ایکس 2011"
"light-lincoln-mkt-2013","سبک لینکلن ام‌کی‌تی 2013"
"light-gmc-suburban-2500-1972","سبک جی‌ام‌سی سابربن 2500 1972"
"light-toyota-hilux-double-cabin","سبک تویوتا هیلوکس دوگانه کابین"
"light-chevrolet-c-k1500-1988","سبک شورلت سی کی 1500 1988"
"light-chevrolet-camaro-1983","سبک شورلت کامارو 1983"
"light-pontiac-grandprix-1989","سبک پونتیاک گرند پریکس 1989"
"light-chevrolet-tracker-1999","سبک شورلت تراکِر 1999"
"light-bmw-m5-2013","سبک بی‌ام‌دبلیو ام 5 2013"
"light-chevrolet-bel air-1965","سبک شورلت بل هوا 1965"
"light-toyota-landcruiser-2016","سبک تویوتا لندکروز 2016"
"light-oldsmobile-eightyeight-1973","سبک اولدزموبیل ایتیتیایت 1973"
"light-mercedes benz-s420-1998","سبک مرسدس بنز اس 420 1998"
"light-infiniti-qx56-2006","سبک اینفینیتی کیو ایکس 56 2006"
"light-ford-crown victoria-1992","سبک فورد کراون victoria 1992"
"light-ford-crown victoria-1984","سبک فورد کراون victoria 1984"
"light-kia-optima-2004","سبک کیا اپتیما 2004"
"light-venucia-d60ev-plus","سبک ونوسیا دی 60 الکتریکی پلاس"
"light-jeep-grand-cherokee-2011","سبک جیپ گرند چروکی 2011"
"light-honda-prelude-1997","سبک هوندا پرلود 1997"
"light-audi-a6-1996","سبک آئودی ای 6 1996"
"light-chevrolet-colorado-2016","سبک شورلت کلرادو 2016"
"light-nissan-sentra-1998","سبک نیسان سنترا 1998"
"light-mercedes benz-s500-2002","سبک مرسدس بنز اس 500 2002"
"light-plymouth-horizon-1988","سبک پلیموت هورایزن 1988"
"light-dodge-charger-2009","سبک دوج شارجر 2009"
"light-chevrolet-silverado-1977","سبک شورلت سیلورادو 1977"
"light-mercedes benz-clk500-2008","سبک مرسدس بنز سی‌ال‌کا 500 2008"
"light-ford-mustang-gt-convertible-2005","سبک فورد ماستانگ جی‌تی کروک 2005"
"light-volvo-s60-2013","سبک ولوو اس 60 2013"
"light-ford-aspire-1994","سبک فورد اسپایر 1994"
"light-ford-f350-1976","سبک فورد اف 350 1976"
"light-chevrolet-caprice-1982","سبک شورلت کاپریس 1982"
"light-suzuki-grand-vitara-2007","سبک سوزوکی گرند ویتارا 2007"
"light-mercury-mountaineer-1999","سبک مرکوری مونتینیر 1999"
"light-cadillac-sts-1995","سبک کادیلاک اس‌تی‌اس 1995"
"light-byd-f3","سبک بی‌وای‌دی اف 3"
"light-subaru-impreza-2010","سبک سوبارو ایمپرزا 2010"
"light-honda-insight-2011","سبک هوندا اینسایت 2011"
"light-ford-bronco-1983","سبک فورد برانکو 1983"
"light-dodge-avenger-2014","سبک دوج اونجر 2014"
"light-bmw-750i-2013","سبک بی‌ام‌دبلیو 750 ای 2013"
"light-jeep-cherokee-1994","سبک جیپ چروکی 1994"
"light-kia-optima-2009","سبک کیا اپتیما 2009"
"light-pontiac-g5-2007","سبک پونتیاک جی 5 2007"
"light-chevrolet-tahoe-1997","سبک شورلت تاهو 1997"
"heavy-faw","سنگین فاو"
"light-ford-thunderbird-1977","سبک فورد تاندر‌برد 1977"
"light-chevrolet-cavalier-2005","سبک شورلت کاوالیر 2005"
"light-ford-fairlane-1957","سبک فورد فیرلین 1957"
"light-volkswagen-r32-2004","سبک فولکس واگن ار 32 2004"
"light-mazda-6-2004","سبک مزدا 6 2004"
"light-lexus-ls400-1996","سبک لکسوس ال‌اس 400 1996"
"light-ford-crown victoria-1997","سبک فورد کراون victoria 1997"
"light-chevrolet-camaro-1989","سبک شورلت کامارو 1989"
"light-pontiac-bonneville-1991","سبک پونتیاک بانوویل 1991"
"light-toyota-tercel-2000","سبک تویوتا ترسل 2000"
"light-jeep-liberty-2008","سبک جیپ لیبرتی 2008"
"light-jaguar-xf-2008","سبک جگوار ایکس اف 2008"
"light-bmw-528i-1999","سبک بی‌ام‌دبلیو 528 ای 1999"
"light-volvo-s60-2004","سبک ولوو اس 60 2004"
"light-chevrolet-express-2000","سبک شورلت اکسپرس 2000"
"light-chevrolet-nova","سبک شورلت نوا"
"light-ford-maverick-1973","سبک فورد ماوریک 1973"
"light-gmc-sierra-2500-2006","سبک جی‌ام‌سی سیرا 2500 2006"
"light-pontiac-g6-2006","سبک پونتیاک جی 6 2006"
"light-cadillac-brougham-1990","سبک کادیلاک براگام 1990"
"light-jaguar-xk-1954","سبک جگوار ایکس‌کی 1954"
"light-gmc-k3500-1996","سبک جی‌ام‌سی کی 3500 1996"
"light-buick-lucerne-2006","سبک بیوک لوسرن 2006"
"light-honda-civic-2000","سبک هوندا سیویک 2000"
"light-bmw-325i-1987","سبک بی‌ام‌دبلیو 325 ای 1987"
"light-mazda-mx6-2004","سبک مزدا ام ایکس 6 2004"
"light-ford-t-1926","سبک فورد تی 1926"
"light-pontiac-bonneville-1998","سبک پونتیاک بانوویل 1998"
"light-iveco-van","سبک ایویکو ون"
"light-bmw-7series-2003","سبک بی‌ام‌دبلیو 7 سری 2003"
"light-bmw-530i-1988","سبک بی‌ام‌دبلیو 530 ای 1988"
"light-subaru-legacy-2000","سبک سوبارو لگاسی 2000"
"light-mercedes benz-e63-2011","سبک مرسدس بنز ای 63 2011"
"light-honda-passport-2000","سبک هوندا پاسپورت 2000"
"light-bac-x3-pro","سبک باک ایکس 3 پرو"
"light-pontiac-grandprix-2004","سبک پونتیاک گرند پریکس 2004"
"light-oldsmobile-bravada-1999","سبک اولدزموبیل براوادا 1999"
"light-jeep-wrangler-2002","سبک جیپ رنگلر 2002"
"light-chevrolet-yukon-1991","سبک شورلت یوکون 1991"
"light-toyota-tacoma-1999","سبک تویوتا تاکوما 1999"
"light-pontiac-aztek-2002","سبک پونتیاک آزتک 2002"
"light-saturn-sc1-1996","سبک ساترن اس‌سی 1 1996"
"light-nissan-sentra-1995","سبک نیسان سنترا 1995"
"light-bmw-128i-2012","سبک بی‌ام‌دبلیو 128 ای 2012"
"light-dodge-dakota-1997","سبک دوج داکوتا 1997"
"light-fiat-r500","سبک فیات ار 500"
"light-volkswagen-passat-2014","سبک فولکس واگن پاسات 2014"
"light-infiniti-g35-coupe-2007","سبک اینفینیتی جی 35 کوپه 2007"
"light-honda-ridgeline-2011","سبک هوندا ریج‌لاین 2011"
"light-chevrolet-cavalier-1994","سبک شورلت کاوالیر 1994"
"light-porsche-997-2008","سبک پورشه 997 2008"
"light-mercedes benz-300d-1984","سبک مرسدس بنز 300 دی 1984"
"light-ford-flex-2009","سبک فورد فلکس 2009"
"light-dodge-charger-1986","سبک دوج شارجر 1986"
"light-mercedes benz-e320-wagon-1994","سبک مرسدس بنز ای 320 واگن 1994"
"light-landrover-freelander-2005","سبک لندروور فری‌لندر 2005"
"light-chevrolet-silverado-3500-1988","سبک شورلت سیلورادو 3500 1988"
"light-ford-aerostar-1993","سبک فورد ایرواستار 1993"
"light-chevrolet-nova-1967","سبک شورلت نوا 1967"
"light-volkswagen-beetle-2010","سبک فولکس واگن بیتل 2010"
"light-pontiac-grandprix-1995","سبک پونتیاک گرند پریکس 1995"
"light-plymouth-breeze-1999","سبک پلیموت بریز 1999"
"light-lexus-sc300-1993","سبک لکسوس اس‌سی 300 1993"
"light-isuzu-ascender-2006","سبک ایسوزو اسندر 2006"
"light-ford-mustang-1964","سبک فورد ماستانگ 1964"
"light-ford-ranger-2007","سبک فورد رینجر 2007"
"light-audi-s6-1995","سبک آئودی اس 6 1995"
"light-oldsmobile-eightyeight-1979","سبک اولدزموبیل ایتیتیایت 1979"
"light-hyundai-genesis-coupe-2013","سبک هیوندای جنسیس کوپه 2013"
"light-kia-opirus","سبک کیا اوپیرس"
"light-honda-accord-1989","سبک هوندا آکورد 1989"
"light-haval-h8","سبک هول اچ 8"
"light-ford-f100-1963","سبک فورد اف 100 1963"
"light-subaru-legacy-2015","سبک سوبارو لگاسی 2015"
"light-isuzu-trooper-1988","سبک ایسوزو تروپر 1988"
"light-honda-civic-coupe-2000","سبک هوندا سیویک کوپه 2000"
"light-bmw-m5-2003","سبک بی‌ام‌دبلیو ام 5 2003"
"light-lexus-gs300-2006","سبک لکسوس جی‌اس 300 2006"
"light-mazda-b2200-1988","سبک مزدا بی 2200 1988"
"light-buick-roadmaster-1951","سبک بیوک رودمستر 1951"
"light-ford-ranchero-1963","سبک فورد رانچرو 1963"
"light-lincoln-ls-2000","سبک لینکلن ال‌اس 2000"
"light-bmw-3series-2013","سبک بی‌ام‌دبلیو 3 سری 2013"
"light-mercury-marauder-2004","سبک مرکوری مارودر 2004"
"light-pontiac-catalina-1975","سبک پونتیاک کاتالینا 1975"
"light-mazda-rx7-1986","سبک مزدا آرایکس 7 1986"
"light-toyota-celica-1976","سبک تویوتا سلیکا 1976"
"light-chevrolet-montecarlo-1977","سبک شورلت مونت‌کارلو 1977"
"light-suzuki-xl7-2007","سبک سوزوکی ایکس‌ال 7 2007"
"light-peugeot-301","سبک پژو 301"
"light-toyota-corolla-2004","سبک تویوتا کرولا 2004"
"light-saipa-atlas-e","سبک سایپا اطلس ای"
"light-mazda-3-hatchback-2005","سبک مزدا 3 هاتچ‌بک 2005"
"light-jeep-wrangler-1987","سبک جیپ رنگلر 1987"
"light-bmw-3series-1995","سبک بی‌ام‌دبلیو 3 سری 1995"
"light-renault-megan-ir","سبک رنو مگان ای ار"
"light-chrysler-lhs-2000","سبک کرایسلر ال‌اچ‌اس 2000"
"light-bmw-530i-2007","سبک بی‌ام‌دبلیو 530 ای 2007"
"light-saturn-lw200-2003","سبک ساترن اِل‌دبلیو 200 2003"
"light-nissan-370z-2015","سبک نیسان 370 زد 2015"
"light-mercury-cougar-1987","سبک مرکوری کوگار 1987"
"light-nissan-240sx-1997","سبک نیسان 240 اس‌ایکس 1997"
"light-cadillac-sts-2010","سبک کادیلاک اس‌تی‌اس 2010"
"light-ram-1500-2011","سبک رم 1500 2011"
"light-chevrolet-k10-1977","سبک شورلت کی 10 1977"
"light-subaru-brat-1978","سبک سوبارو برات 1978"
"light-volkswagen-gti-1995","سبک فولکس واگن جی‌تی‌آی 1995"
"light-toyota-corolla-1500","سبک تویوتا کرولا 1500"
"light-nissan-sentra-2006","سبک نیسان سنترا 2006"
"light-gmc-sierra-1500-1979","سبک جی‌ام‌سی سیرا 1500 1979"
"light-chevrolet-caprice-1988","سبک شورلت کاپریس 1988"
"light-ford-mustang-convertible-2009","سبک فورد ماستانگ کروک 2009"
"light-chevrolet-corvette-1967","سبک شورلت کوروت 1967"
"light-volkswagen-gti-1984","سبک فولکس واگن جی‌تی‌آی 1984"
"light-ford-f250-1991","سبک فورد اف 250 1991"
"light-mercury-mariner-2011","سبک مرکوری مارینر 2011"
"light-ford-taurus-2012","سبک فورد تورس 2012"
"light-dodge-ram-3500-2009","سبک دوج رم 3500 2009"
"light-chevrolet-c10-1971","سبک شورلت سی 10 1971"
"light-gmc-envoy-2009","سبک جی‌ام‌سی انوی 2009"
"light-toyota-tacoma-2011","سبک تویوتا تاکوما 2011"
"light-plymouth-belvedere-1955","سبک پلیموت بلودِر 1955"
"light-cadillac-deville-1995","سبک کادیلاک دویل 1995"
"light-mercedes benz-cl500-2001","سبک مرسدس بنز سی‌ال 500 2001"
"light-scion-xb-2012","سبک سایون ایکس‌بی 2012"
"light-toyota-avalon-2003","سبک تویوتا اوالون 2003"
"light-chevrolet-nomad-1956","سبک شورلت نوما 1956"
"light-gmc-sonoma-1999","سبک جی‌ام‌سی سوناما 1999"
"light-chevrolet-chevelle-1965","سبک شورلت چول 1965"
"light-nissan-maxima-1993","سبک نیسان ماکسیما 1993"
"light-nissan-frontier-2002","سبک نیسان فرانتیر 2002"
"light-mercury-cougar-1974","سبک مرکوری کوگار 1974"
"light-dodge-caliber-2011","سبک دوج کالیبر 2011"
"light-chevrolet-blazer-2002","سبک شورلت بلیزر 2002"
"light-acura-tsx-2008","سبک آکورا تی‌اس‌ایکس 2008"
"light-lexus-es","سبک لکسوس ای اس"
"light-kia-optima","سبک کیا اپتیما"
"light-chevrolet-astro-1999","سبک شورلت آسترو 1999"
"light-chevrolet-caprice-1991","سبک شورلت کاپریس 1991"
"light-mercedes-benz-e-class-ir","سبک مرسدس بنز ای کلاس ای ار"
"light-lexus-hs250h-2010","سبک لکسوس hs 250 اچ 2010"
"light-cadillac-fleetwood-1976","سبک کادیلاک فلیت‌وود 1976"
"light-chevrolet-blazer-1994","سبک شورلت بلیزر 1994"
"light-volvo-142-1971","سبک ولوو 142 1971"
"light-gmc-sierra-3500-1998","سبک جی‌ام‌سی سیرا 3500 1998"
"light-chevrolet-nova-1977","سبک شورلت نوا 1977"
"light-dodge-w200-1989","سبک دوج دبلیو 200 1989"
"light-volkswagen-beetle-1998","سبک فولکس واگن بیتل 1998"
"light-chevrolet-impala-2010","سبک شورلت ایمپالا 2010"
"light-bmw-740i-2011","سبک بی‌ام‌دبلیو 740 ای 2011"
"light-mitsubishi-montero-2005","سبک میتسوبیشی مونترو 2005"
"light-buick-wildcat-1964","سبک بیوک وایلدکت 1964"
"light-qingling-taga-pick-up","سبک کینگ‌لینگ تاگا پیک آپ"
"light-ford-crown victoria-1998","سبک فورد کراون victoria 1998"
"light-acura-mdx-2010","سبک آکورا ام‌دی‌ایکس 2010"
"light-renault-arkana-xm3","سبک رنو آرکانا ایکس‌ام 3"
"light-dodge-d150-1984","سبک دوج دی 150 1984"
"light-audi-a4-cabriolet-1996","سبک آئودی ای 4 کابریولت 1996"
"light-oldsmobile-toronado-1981","سبک اولدزموبیل تورونادو 1981"
"light-volkswagen-golf-1998","سبک فولکس واگن گلف 1998"
"light-saturn-ls-1999","سبک ساترن ال‌اس 1999"
"light-porsche-930-1982","سبک پورشه 930 1982"
"light-hyundai-accent-2009","سبک هیوندای اکسنت 2009"
"light-ford-aerostar-1995","سبک فورد ایرواستار 1995"
"light-toyota-camry-2008","سبک تویوتا کمری 2008"
"light-kia-sportage-2006","سبک کیا اسپورتیج 2006"
"light-nissan-maxima-2010","سبک نیسان ماکسیما 2010"
"light-dodge-polara-1966","سبک دوج پولارا 1966"
"light-bmw-325xi-wagon-2002","سبک بی‌ام‌دبلیو 325 ایکس‌آی واگن 2002"
"light-mercury-cougar-2001","سبک مرکوری کوگار 2001"
"light-pontiac-pursuit-2006","سبک پونتیاک  2006"
"light-mercury-cougar-1969","سبک مرکوری کوگار 1969"
"light-acura-mdx-1996","سبک آکورا ام‌دی‌ایکس 1996"
"light-isuzu-nqr-2007","سبک ایسوزو ان‌کیوآر 2007"
"light-ford-windstar-2008","سبک فورد وینداستار 2008"
"light-ford-bronco-1971","سبک فورد برانکو 1971"
"light-lincoln-limousine-2006","سبک لینکلن لیموزین 2006"
"light-chevrolet-el camino-1960","سبک شورلت ال camino 1960"
"light-pride-automatic","سبک پراید اتوماتیک"
"light-honda-accord-1984","سبک هوندا آکورد 1984"
"light-lexus-rx350-2010","سبک لکسوس آرایکس 350 2010"
"light-ford-taurus-wagon-2005","سبک فورد تورس واگن 2005"
"light-pontiac-sunbird-1977","سبک پونتیاک سان‌برد 1977"
"light-mitsubishi-galant-1990","سبک میتسوبیشی گالانت 1990"
"light-kia-sedona-2004","سبک کیا سدونا 2004"
"light-oldsmobile-ninetyeight-1981","سبک اولدزموبیل ناین‌تی‌اییت 1981"
"light-toyota-landcruiser-2000","سبک تویوتا لندکروز 2000"
"light-ford-explorer-1992","سبک فورد اکسپلورر 1992"
"light-chevrolet-styleline-1950","سبک شورلت استایلاین 1950"
"light-bmw-x3-2007","سبک بی‌ام‌دبلیو ایکس 3 2007"
"light-volkswagen-jetta-wagon-2004","سبک فولکس واگن جتا واگن 2004"
"light-mercedes benz-ml320-1999","سبک مرسدس بنز ام‌ال 320 1999"
"light-samand-se","سبک سمند اس‌ای"
"light-ford-mustang-gt-convertible-1999","سبک فورد ماستانگ جی‌تی کروک 1999"
"light-pontiac-bonneville-1993","سبک پونتیاک بانوویل 1993"
"light-mazda-626-1988","سبک مزدا 626 1988"
"light-toyota-prius-2013","سبک تویوتا پریوس 2013"
"light-volkswagen-fox-1993","سبک فولکس واگن فاکس 1993"
"light-chevrolet-equinox-2011","سبک شورلت اکوینوکس 2011"
"light-ford-f150-2014","سبک فورد اف 150 2014"
"light-jeep-wrangler-unlimited-2010","سبک جیپ رنگلر آنلیمیتد 2010"
"light-plymouth-sundance-1989","سبک پلیموت سان‌دَنس 1989"
"light-gmc-envoy-2001","سبک جی‌ام‌سی انوی 2001"
"light-chevrolet-c-k1500-1996","سبک شورلت سی کی 1500 1996"
"light-buick-regal-1990","سبک بیوک ریگال 1990"
"light-mazda-5-2012","سبک مزدا 5 2012"
"light-lexus-is350-2007","سبک لکسوس ای اس 350 2007"
"light-gmc-denali-2007","سبک جی‌ام‌سی دنالی 2007"
"light-dodge-stealth-1992","سبک دوج استیلث 1992"
"light-chevrolet-malibu-2009","سبک شورلت مالیبو 2009"
"light-suzuki-grand-vitara","سبک سوزوکی گرند ویتارا"
"light-buick-lacrosse-2008","سبک بیوک لاکراس 2008"
"light-ford-f250-1964","سبک فورد اف 250 1964"
"light-mercury-grandmarquis-2011","سبک مرکوری گرند مارکویس 2011"
"light-ford-focus-2005","سبک فورد فوکوس 2005"
"light-gmc-vandura-1991","سبک جی‌ام‌سی وندورا 1991"
"light-toyota-pickup-1989","سبک تویوتا پیکاپ 1989"
"light-chrysler-pacifica-2000","سبک کرایسلر پاسفیکا 2000"
"light-mercedes benz-cl500-2002","سبک مرسدس بنز سی‌ال 500 2002"
"light-ford-coupe-1934","سبک فورد کوپه 1934"
"light-gmc-acadia-2009","سبک جی‌ام‌سی آکادیا 2009"
"light-ford-windstar-1998","سبک فورد وینداستار 1998"
"light-toyota-landcruiser-1991","سبک تویوتا لندکروز 1991"
"light-kia-spectra-2009","سبک کیا اسپکترا 2009"
"light-ford-escort-wagon-1992","سبک فورد اسکورت واگن 1992"
"light-dodge-intrepid-2003","سبک دوج اینترپید 2003"
"light-bmw-750i-2012","سبک بی‌ام‌دبلیو 750 ای 2012"
"light-buick-parkavenue-1983","سبک بیوک پارک اونیو 1983"
"light-volkswagen-dunebuggy-1961","سبک فولکس واگن دون‌باگی 1961"
"light-nissan-sentra-2012","سبک نیسان سنترا 2012"
"light-ford-escort-1996","سبک فورد اسکورت 1996"
"light-hyundai-accent","سبک هیوندای اکسنت"
"light-nissan-versa-2008","سبک نیسان ورسا 2008"
"light-nissan-rogue-2015","سبک نیسان روگ 2015"
"light-gmc-k2500-1990","سبک جی‌ام‌سی کی 2500 1990"
"light-toyota-rav4-2009","سبک تویوتا راو 4 2009"
"light-nissan-pickup","سبک نیسان پیکاپ"
"light-mercury-cougar-2004","سبک مرکوری کوگار 2004"
"light-dodge-ram-3500-2003","سبک دوج رم 3500 2003"
"light-bmw-328is-2008","سبک بی‌ام‌دبلیو 328 ای اس 2008"
"light-ford-festiva-1988","سبک فورد فستیوا 1988"
"light-nissan-pathfinder","سبک نیسان پث‌فایندر"
"light-pontiac-firebird-1968","سبک پونتیاک فایربرد 1968"
"light-ford-e350-1992","سبک فورد ای 350 1992"
"light-lincoln-towncar-1992","سبک لینکلن تاون‌کار 1992"
"light-buick-rainier-2005","سبک بیوک رِینیِر 2005"
"light-cadillac-catera-1999","سبک کادیلاک کاترا 1999"
"light-alfa-romeo-mito","سبک آلفا رومئو میتو"
"light-ford-f450-2006","سبک فورد اف 450 2006"
"light-ford-e250-2003","سبک فورد ای 250 2003"
"light-ford-windstar-2003","سبک فورد وینداستار 2003"
"light-chevrolet-silverado-1984","سبک شورلت سیلورادو 1984"
"light-audi-s6-2013","سبک آئودی اس 6 2013"
"light-toyota-corona","سبک تویوتا کرونا"
"light-plymouth-duster-1972","سبک پلیموت داستر 1972"
"light-jeep-cherokee-1974","سبک جیپ چروکی 1974"
"light-jac-s5","سبک جک اس 5"
"light-chrysler-town&country-2003","سبک کرایسلر town country 2003"
"light-volvo-c30-2011","سبک ولوو سی 30 2011"
"light-mercedes-benz-glb-200","سبک مرسدس بنز جی‌ال‌بی 200"
"light-chevrolet-3100-1956","سبک شورلت 3100 1956"
"light-oldsmobile-cutlass-1969","سبک اولدزموبیل کاتلاس 1969"
"light-gmc-sierra-1500-2003","سبک جی‌ام‌سی سیرا 1500 2003"
"light-dodge-ram-3500-2011","سبک دوج رم 3500 2011"
"light-porsche-944-1987","سبک پورشه 944 1987"
"light-ferrari-dino-1973","سبک فراری دینو 1973"
"light-peugeot-rd","سبک پژو آر‌دی"
"light-kia-spectra-2004","سبک کیا اسپکترا 2004"
"light-honda-cr-v-2016","سبک هوندا سی ار وی 2016"
"light-infiniti-qx4-2001","سبک اینفینیتی کیو ایکس 4 2001"
"light-gmc-sierra-1500-1997","سبک جی‌ام‌سی سیرا 1500 1997"
"light-cadillac-sts-2000","سبک کادیلاک اس‌تی‌اس 2000"
"light-chevrolet-stepside-1976","سبک شورلت استپساید 1976"
"light-chevrolet-impala-2005","سبک شورلت ایمپالا 2005"
"light-isuzu-rodeo-1999","سبک ایسوزو رودئو 1999"
"light-subaru-impreza-2008","سبک سوبارو ایمپرزا 2008"
"light-lexus-gs300-2007","سبک لکسوس جی‌اس 300 2007"
"light-volvo-240-1990","سبک ولوو 240 1990"
"light-cadillac-sts-2001","سبک کادیلاک اس‌تی‌اس 2001"
"light-toyota-rav4-2002","سبک تویوتا راو 4 2002"
"light-toyota-tacoma-2014","سبک تویوتا تاکوما 2014"
"light-swm-g01","سبک اس‌دبلیو‌ام جی 01"
"light-volkswagen-beetle-2001","سبک فولکس واگن بیتل 2001"
"light-dodge-durango-2014","سبک دوج دورانگو 2014"
"light-lincoln-towncar-1997","سبک لینکلن تاون‌کار 1997"
"light-suzuki-jimny","سبک سوزوکی جیمنی"
"light-gmc-canyon-2008","سبک جی‌ام‌سی کنیون 2008"
"light-chevrolet-blazer-1975","سبک شورلت بلیزر 1975"
"light-buick-lesabre-2004","سبک بیوک لسبر 2004"
"light-hyundai-van-h350","سبک هیوندای ون اچ 350"
"light-chrysler-new yorker-1990","سبک کرایسلر جدید yorker 1990"
"light-hyundai-sonata-2008","سبک هیوندای سوناتا 2008"
"light-daewoo-lanos-1999","سبک دوو لانس 1999"
"light-pontiac-fiero-1982","سبک پونتیاک فیرو 1982"
"light-lexus-gs300-2013","سبک لکسوس جی‌اس 300 2013"
"light-jaguar-xj-1998","سبک جگوار ایکس‌جی 1998"
"light-chevrolet-impala-1963","سبک شورلت ایمپالا 1963"
"light-chevrolet-c30-1972","سبک شورلت سی 30 1972"
"light-plymouth-belvedere-1966","سبک پلیموت بلودِر 1966"
"light-jeep-grand-cherokee-2000","سبک جیپ گرند چروکی 2000"
"light-volkswagen-gti-2000","سبک فولکس واگن جی‌تی‌آی 2000"
"light-daihatsu-yrv-2000","سبک دایهاتسو وای‌آر‌وی 2000"
"light-toyota-tercel-1994","سبک تویوتا ترسل 1994"
"light-acura-tl-2012","سبک آکورا تی‌ال 2012"
"light-mazda-cx9-2015","سبک مزدا سی‌ایکس 9 2015"
"light-volkswagen-newbeetle-2003","سبک فولکس واگن نیو بیتل 2003"
"light-buick-parkavenue-2004","سبک بیوک پارک اونیو 2004"
"light-ford-windstar-1996","سبک فورد وینداستار 1996"
"light-dodge-neon-1997","سبک دوج نون 1997"
"light-mazda-3-2015","سبک مزدا 3 2015"
"light-mercedes benz-sl320-1996","سبک مرسدس بنز اس‌ال 320 1996"
"light-lincoln-continental-1997","سبک لینکلن کانتیننتال 1997"
"light-datsun-pickup","سبک داتسون پیکاپ"
"light-jaguar-xj-1984","سبک جگوار ایکس‌جی 1984"
"light-ford-mustang-2012","سبک فورد ماستانگ 2012"
"light-dodge-d100-1966","سبک دوج دی 100 1966"
"light-ford-thunderbird-1965","سبک فورد تاندر‌برد 1965"
"light-pontiac-transam-1991","سبک پونتیاک ترانس‌ام 1991"
"light-bmw-740i-2000","سبک بی‌ام‌دبلیو 740 ای 2000"
"light-hyundai-sonata-1996","سبک هیوندای سوناتا 1996"
"light-hyundai-equus-2013","سبک هیوندای اکوس 2013"
"light-dodge-charger-1984","سبک دوج شارجر 1984"
"light-bmw-740i-1996","سبک بی‌ام‌دبلیو 740 ای 1996"
"light-dodge-stratus-1996","سبک دوج استراتوس 1996"
"light-buick-lacrosse-2010","سبک بیوک لاکراس 2010"
"light-chevrolet-montecarlo-2003","سبک شورلت مونت‌کارلو 2003"
"light-dodge-w350-1991","سبک دوج دبلیو 350 1991"
"light-bmw-325is-1987","سبک بی‌ام‌دبلیو 325 ای اس 1987"
"light-pontiac-sunbird-1995","سبک پونتیاک سان‌برد 1995"
"light-chevrolet-suburban-2009","سبک شورلت سابربن 2009"
"light-ford-f250-1997","سبک فورد اف 250 1997"
"light-ford-explorer-2012","سبک فورد اکسپلورر 2012"
"light-honda-civic-coupe-2002","سبک هوندا سیویک کوپه 2002"
"light-mercedes benz-cls500-2007","سبک مرسدس بنز سی‌ال‌اس 500 2007"
"light-bmw-x5-2006","سبک بی‌ام‌دبلیو ایکس 5 2006"
"light-mazda-5-2009","سبک مزدا 5 2009"
"light-hyundai-azera-grandeur","سبک هیوندای آزرا گراندهور"
"light-bmw-323i-1984","سبک بی‌ام‌دبلیو 323 ای 1984"
"light-porsche-cayenne-2009","سبک پورشه کایین 2009"
"light-bmw-3series-2001","سبک بی‌ام‌دبلیو 3 سری 2001"
"light-jac-j5","سبک جک جی 5"
"light-hyundai-elantra","سبک هیوندای الانترا"
"light-subaru-wrx-2004","سبک سوبارو دبلیو‌آر‌ایکس 2004"
"light-audi-a4-2003","سبک آئودی ای 4 2003"
"light-jeep-commander-2007","سبک جیپ کماندر 2007"
"light-audi-s3-2001","سبک آئودی اس 3 2001"
"light-lexus-gx470-2009","سبک لکسوس جی‌ایکس 470 2009"
"light-volvo-850-1994","سبک ولوو 850 1994"
"light-honda-city","سبک هوندا سیتی"
"light-toyota-cressida-1991","سبک تویوتا کرسیدا 1991"
"light-pontiac-montana-2001","سبک پونتیاک مونتانا 2001"
"light-mercedes benz-slk350-2005","سبک مرسدس بنز اس‌ال‌کی 350 2005"
"light-ford-f150-2015","سبک فورد اف 150 2015"
"light-dodge-stratus-1999","سبک دوج استراتوس 1999"
"light-bmw-325e-1985","سبک بی‌ام‌دبلیو 325 ای 1985"
"light-nissan-sentra-1985","سبک نیسان سنترا 1985"
"light-lincoln-continental-1995","سبک لینکلن کانتیننتال 1995"
"light-chevrolet-s10-1997","سبک شورلت اس 10 1997"
"light-toyota-estima-1995","سبک تویوتا استیما 1995"
"light-gmc-vandura-1992","سبک جی‌ام‌سی وندورا 1992"
"light-mazda-pickup","سبک مزدا پیکاپ"
"light-chevrolet-corvette-1989","سبک شورلت کوروت 1989"
"light-mercury-sable-2001","سبک مرکوری سیبل 2001"
"light-buick-regal-1982","سبک بیوک ریگال 1982"
"light-ford-focus-2011","سبک فورد فوکوس 2011"
"light-mazda-mx5-miata-2003","سبک مزدا ام ایکس 5 میاتا 2003"
"light-bmw-x3","سبک بی‌ام‌دبلیو ایکس 3"
"light-mazda-rx8-2004","سبک مزدا آرایکس 8 2004"
"light-ford-f450-2010","سبک فورد اف 450 2010"
"light-buick-century-1996","سبک بیوک سنتوری 1996"
"light-plymouth-valiant-1963","سبک پلیموت ولیانت 1963"
"light-mitsubishi-outlander-2011","سبک میتسوبیشی آوتلندر 2011"
"light-mvm-x22-pro","سبک ام‌وی‌ام ایکس 22 پرو"
"light-lincoln-mark-vii-1984","سبک لینکلن مارک وی‌ای‌ای 1984"
"light-nissan-cube-2013","سبک نیسان کیوب 2013"
"light-pontiac-sunbird-2003","سبک پونتیاک سان‌برد 2003"
"light-toyota-camry-le-2009","سبک تویوتا کمری ال‌ای 2009"
"light-mercedes benz-s320-1994","سبک مرسدس بنز اس 320 1994"
"light-nissan-frontier-2014","سبک نیسان فرانتیر 2014"
"light-toyota-4runner-2006","سبک تویوتا 4 رانر 2006"
"light-tiba-sedan","سبک تیبا سدان"
"light-ford-f350-1998","سبک فورد اف 350 1998"
"light-chevrolet-silverado-1986","سبک شورلت سیلورادو 1986"
"light-lincoln-navigator-2000","سبک لینکلن نویگیتور 2000"
"light-hyundai-tiburon-2001","سبک هیوندای تیبورون 2001"
"light-landrover-rangerover-1996","سبک لندروور رِنج روور 1996"
"light-buick-regal-1989","سبک بیوک ریگال 1989"
"light-ford-thunderbird-2002","سبک فورد تاندر‌برد 2002"
"light-hyundai-elantra-2007","سبک هیوندای الانترا 2007"
"light-gmc-yukon-1500-2013","سبک جی‌ام‌سی یوکون 1500 2013"
"light-ford-mustang-2014","سبک فورد ماستانگ 2014"
"light-ford-roadster-1935","سبک فورد رودستر 1935"
"light-ford-f250-2002","سبک فورد اف 250 2002"
"light-cadillac-escalade-2006","سبک کادیلاک اسکالید 2006"
"light-hyundai-sonata-2004","سبک هیوندای سوناتا 2004"
"light-subaru-impreza-1996","سبک سوبارو ایمپرزا 1996"
"light-mitsubishi-3000gt-1996","سبک میتسوبیشی 3000 جی‌تی 1996"
"light-bmw-840ci-1995","سبک بی‌ام‌دبلیو 840 سی‌آی 1995"
"light-chrysler-sebring-1995","سبک کرایسلر سبرینگ 1995"
"light-buick-parkavenue-1986","سبک بیوک پارک اونیو 1986"
"light-nissan-pathfinder-1991","سبک نیسان پث‌فایندر 1991"
"light-mini-cooper-2013","سبک مینی کوپر 2013"
"light-acura-legend-2002","سبک آکورا افسانه 2002"
"light-kia-soul-2015","سبک کیا سول 2015"
"light-pontiac-grandprix-1998","سبک پونتیاک گرند پریکس 1998"
"light-mercedes benz-clk350-2006","سبک مرسدس بنز سی‌ال‌کا 350 2006"
"light-porsche-911-1980","سبک پورشه 911 1980"
"light-toyota-avalon-1996","سبک تویوتا اوالون 1996"
"light-audi-s8-2014","سبک آئودی اس 8 2014"
"light-samand-el","سبک سمند ال"
"light-lincoln-mark-vii-1991","سبک لینکلن مارک وی‌ای‌ای 1991"
"light-volkswagen-beetle-1972","سبک فولکس واگن بیتل 1972"
"light-isuzu-ascender-2003","سبک ایسوزو اسندر 2003"
"light-toyota-mr2-2003","سبک تویوتا ام آر 2 2003"
"light-bmw-x3-2011","سبک بی‌ام‌دبلیو ایکس 3 2011"
"light-bmw-740i-1998","سبک بی‌ام‌دبلیو 740 ای 1998"
"light-lincoln-mkx-2008","سبک لینکلن ام‌کی‌ایکس 2008"
"light-kia-sedona-2012","سبک کیا سدونا 2012"
"light-kia-rondo-2007","سبک کیا روندو 2007"
"light-bmw-x5-2014","سبک بی‌ام‌دبلیو ایکس 5 2014"
"light-volvo-xc70-2008","سبک ولوو ایکس‌سی 70 2008"
"light-dodge-ram-2500-1988","سبک دوج رم 2500 1988"
"light-gmc-denali-2000","سبک جی‌ام‌سی دنالی 2000"
"light-volkswagen-pickup","سبک فولکس واگن پیکاپ"
"light-toyota-rav4-2008","سبک تویوتا راو 4 2008"
"light-chevrolet-corvette-1981","سبک شورلت کوروت 1981"
"light-ford-mustang-convertible-1994","سبک فورد ماستانگ کروک 1994"
"light-ford-fusion-2006","سبک فورد فیوژن 2006"
"light-jeep-patriot-2015","سبک جیپ پتریوت 2015"
"light-buick-parkavenue-2000","سبک بیوک پارک اونیو 2000"
"light-jeep-cherokee-1987","سبک جیپ چروکی 1987"
"light-mitsubishi-pajero-2-door","سبک میتسوبیشی پاجِرو 2 درب"
"light-honda-accord-2009","سبک هوندا آکورد 2009"
"light-bmw-i8","سبک بی‌ام‌دبلیو ای 8"
"light-subaru-impreza-2009","سبک سوبارو ایمپرزا 2009"
"light-lincoln-mkx-2007","سبک لینکلن ام‌کی‌ایکس 2007"
"light-gmc-caballero-1982","سبک جی‌ام‌سی کابایرو 1982"
"light-volkswagen-jetta-1987","سبک فولکس واگن جتا 1987"
"light-buick-b3-ir","سبک بیوک بی 3 ای ار"
"light-mercedes benz-slk320-1999","سبک مرسدس بنز اس‌ال‌کی 320 1999"
"light-kia-spectra-1998","سبک کیا اسپکترا 1998"
"light-dodge-journey-2012","سبک دوج جرنی 2012"
"light-toyota-celica-1986","سبک تویوتا سلیکا 1986"
"light-subaru-impreza-wagon-2005","سبک سوبارو ایمپرزا واگن 2005"
"light-jeep-cherokee-1980","سبک جیپ چروکی 1980"
"light-kia-rio-1996","سبک کیا ریو 1996"
"light-infiniti-m30-1991","سبک اینفینیتی ام 30 1991"
"light-volkswagen-gti-2013","سبک فولکس واگن جی‌تی‌آی 2013"
"light-infiniti-g37-2013","سبک اینفینیتی جی 37 2013"
"light-ford-f100-1969","سبک فورد اف 100 1969"
"light-chevrolet-tahoe-2012","سبک شورلت تاهو 2012"
"light-toyota-4runner-1994","سبک تویوتا 4 رانر 1994"
"light-jeep-compass-2008","سبک جیپ کامپس 2008"
"light-infiniti-g35-2007","سبک اینفینیتی جی 35 2007"
"light-ford-f150-1975","سبک فورد اف 150 1975"
"light-ford-escort-wagon-1997","سبک فورد اسکورت واگن 1997"
"light-buick-lesabre-2000","سبک بیوک لسبر 2000"
"light-bmw-735i-1985","سبک بی‌ام‌دبلیو 735 ای 1985"
"light-toyota-corolla-s-2015","سبک تویوتا کرولا اس 2015"
"light-mercedes-benz-slc-class","سبک مرسدس بنز اس‌ال‌سی کلاس"
"light-toyota-matrix-2005","سبک تویوتا ماتریکس 2005"
"light-buick-enclave-2011","سبک بیوک انکلیو 2011"
"light-mercury-grandmarquis-1994","سبک مرکوری گرند مارکویس 1994"
"light-volvo-s70-2002","سبک ولوو اس 70 2002"
"light-volvo-670-2007","سبک ولوو 670 2007"
"light-mitsubishi-fuso-2006","سبک میتسوبیشی فوسو 2006"
"light-nissan-pathfinder-1994","سبک نیسان پث‌فایندر 1994"
"light-ford-mustang-1969","سبک فورد ماستانگ 1969"
"light-nissan-rogue-2013","سبک نیسان روگ 2013"
"light-am general-jeep-dj-5-1978","سبک am general جیپ دی‌جی 5 1978"
"light-mercedes benz-e320-2003","سبک مرسدس بنز ای 320 2003"
"light-gmc-sonoma-1991","سبک جی‌ام‌سی سوناما 1991"
"light-chrysler-sebring-2007","سبک کرایسلر سبرینگ 2007"
"light-bmw-328ic-2010","سبک بی‌ام‌دبلیو 328 آی‌سی 2010"
"light-porsche-911-1982","سبک پورشه 911 1982"
"light-dodge-ram-3500-1994","سبک دوج رم 3500 1994"
"light-toyota-highlander-2013","سبک تویوتا های‌لندر 2013"
"light-ferrari-360 modena-2002","سبک فراری 360 مودنا 2002"
"light-toyota-carina","سبک تویوتا کارینا"
"light-nissan-maxima-im","سبک نیسان ماکسیما آی‌ام"
"light-cadillac-catera-2000","سبک کادیلاک کاترا 2000"
"light-volvo-850-1996","سبک ولوو 850 1996"
"light-mercury-grandmarquis-1969","سبک مرکوری گرند مارکویس 1969"
"light-dodge-ram-1500-1985","سبک دوج رم 1500 1985"
"light-isuzu-rodeo-2001","سبک ایسوزو رودئو 2001"
"light-dodge-ram-2500-2008","سبک دوج رم 2500 2008"
"light-nissan-titan-2010","سبک نیسان تایتان 2010"
"light-ford-focus-2004","سبک فورد فوکوس 2004"
"light-mercedes-benz-cl-class","سبک مرسدس بنز سی‌ال کلاس"
"light-nissan-maxima-1996","سبک نیسان ماکسیما 1996"
"light-ford-f250-1994","سبک فورد اف 250 1994"
"light-mercedes benz-sprinter-2008","سبک مرسدس بنز اسپرینتر 2008"
"light-ford-ranger-1984","سبک فورد رینجر 1984"
"light-chevrolet-camaro-1994","سبک شورلت کامارو 1994"
"light-bmw-7series-1999","سبک بی‌ام‌دبلیو 7 سری 1999"
"light-mercedes benz-s600-2005","سبک مرسدس بنز اس 600 2005"
"light-chrysler-300-2000","سبک کرایسلر 300 2000"
"light-volkswagen-bus-1984","سبک فولکس واگن اتوبوس 1984"
"light-can am-outlander-2013","سبک can am آوتلندر 2013"
"light-oldsmobile-alero-2010","سبک اولدزموبیل الرو 2010"
"light-nissan-hardbody-1987","سبک نیسان هارد‌بادی 1987"
"light-chevrolet-prizm-1994","سبک شورلت پریزم 1994"
"light-studebaker-champion-1953","سبک استادیبیکر چمپیون 1953"
"light-ford-expedition-1999","سبک فورد اکسپدیشن 1999"
"light-volkswagen-golf-1996","سبک فولکس واگن گلف 1996"
"light-saab-900-1990","سبک ساب 900 1990"
"light-saab-9-3-convertible-2000","سبک ساب 9 3 کروک 2000"
"light-audi-s5-2012","سبک آئودی اس 5 2012"
"light-chrysler-concorde-2003","سبک کرایسلر کانکورد 2003"
"light-chevrolet-chevelle-1972","سبک شورلت چول 1972"
"light-toyota-corolla-1986","سبک تویوتا کرولا 1986"
"light-ford-contour-1993","سبک فورد کنتور 1993"
"light-dodge-stealth-1993","سبک دوج استیلث 1993"
"light-subaru-svx-1996","سبک سوبارو اس‌وی‌ایکس 1996"
"light-dodge-w150-1978","سبک دوج دبلیو 150 1978"
"light-audi-allroad-2013","سبک آئودی آل‌رود 2013"
"light-lincoln-continental-2001","سبک لینکلن کانتیننتال 2001"
"light-toyota-corolla","سبک تویوتا کرولا"
"light-renault-laguna","سبک رنو لاگونا"
"light-bmw-3series-1996","سبک بی‌ام‌دبلیو 3 سری 1996"
"light-ford-bronco-1995","سبک فورد برانکو 1995"
"light-gmc-suburban-1500-1989","سبک جی‌ام‌سی سابربن 1500 1989"
"light-honda-civic-hatchback-1998","سبک هوندا سیویک هاتچ‌بک 1998"
"light-ford-f100-1980","سبک فورد اف 100 1980"
"light-porsche-boxster-2006","سبک پورشه باکستر 2006"
"light-oldsmobile-ninetyeight-1994","سبک اولدزموبیل ناین‌تی‌اییت 1994"
"light-cadillac-deville-1979","سبک کادیلاک دویل 1979"
"light-nissan-quest-1994","سبک نیسان کوئست 1994"
"light-pontiac-transam-1996","سبک پونتیاک ترانس‌ام 1996"
"light-suzuki-xl7-2004","سبک سوزوکی ایکس‌ال 7 2004"
"light-kia-sportage-1997","سبک کیا اسپورتیج 1997"
"light-honda-accord-2 door-2005","سبک هوندا آکورد 2 درب 2005"
"light-mazda-mx6-2001","سبک مزدا ام ایکس 6 2001"
"light-chevrolet-el camino-1980","سبک شورلت ال camino 1980"
"light-mercedes benz-e420-1998","سبک مرسدس بنز ای 420 1998"
"light-chevrolet-astro-1989","سبک شورلت آسترو 1989"
"light-lexus-es350-2011","سبک لکسوس ای اس 350 2011"
"light-chrysler-sebring-2009","سبک کرایسلر سبرینگ 2009"
"light-cadillac-sts-2002","سبک کادیلاک اس‌تی‌اس 2002"
"light-honda-cr-v-2015","سبک هوندا سی ار وی 2015"
"light-toyota-solara-2001","سبک تویوتا سولارا 2001"
"light-suzuki-fronx-glx","سبک سوزوکی فرانکس جی‌ال‌ایکس"
"light-plymouth-roadrunner-1969","سبک پلیموت رودرانر 1969"
"light-chevrolet-sonic-2013","سبک شورلت سونیک 2013"
"light-chevrolet-c30-1996","سبک شورلت سی 30 1996"
"light-chevrolet-3100-1950","سبک شورلت 3100 1950"
"light-oldsmobile-ninetyeight-1957","سبک اولدزموبیل ناین‌تی‌اییت 1957"
"light-mercedes benz-300d-1990","سبک مرسدس بنز 300 دی 1990"
"light-chevrolet-corvair-1962","سبک شورلت کروِر 1962"
"light-ford-falcon-1961","سبک فورد فالکون 1961"
"light-saab-9-5-2004","سبک ساب 9 5 2004"
"light-jeep-cj5-1979","سبک جیپ سی‌جی 5 1979"
"light-saturn-sc2-1992","سبک ساترن اس‌سی 2 1992"
"light-infiniti-g20-1995","سبک اینفینیتی جی 20 1995"
"light-nissan-sentra-2010","سبک نیسان سنترا 2010"
"light-volvo-xc90-2005","سبک ولوو ایکس‌سی 90 2005"
"light-mercedes benz-se400-1992","سبک مرسدس بنز اس‌ای 400 1992"
"light-ford-bronco-1966","سبک فورد برانکو 1966"
"light-toyota-corolla-ce-2010","سبک تویوتا کرولا سی‌ئی 2010"
"light-ford-super deluxe-1948","سبک فورد سوپر دلوکس 1948"
"light-peugeot-207i-sd","سبک پژو 207 ای اس‌دی"
"light-mazda-mx6-2007","سبک مزدا ام ایکس 6 2007"
"light-saina-manual","سبک ساینا دستی"
"light-mazda-3-2010","سبک مزدا 3 2010"
"light-kia-sportage-2012","سبک کیا اسپورتیج 2012"
"light-ram-1500-2014","سبک رم 1500 2014"
"light-jeep-wrangler-rubicon-2003","سبک جیپ رنگلر روبی‌کان 2003"
"light-mazda-cx7-2009","سبک مزدا سی‌ایکس 7 2009"
"light-volkswagen-newbeetle-2012","سبک فولکس واگن نیو بیتل 2012"
"light-cadillac-deville-1997","سبک کادیلاک دویل 1997"
"heavy-khavar-truck","سنگین خاور کامیون"
"light-oldsmobile-achieva-1993","سبک اولدزموبیل آچیوا 1993"
"light-toyota-supra-1998","سبک تویوتا سوپرا 1998"
"light-chevrolet-blazer-1984","سبک شورلت بلیزر 1984"
"light-ford-fairlane-1958","سبک فورد فیرلین 1958"
"light-isuzu-amigo-1992","سبک ایسوزو آمیگو 1992"
"light-zamyad-karoon","سبک زامیاد کارون"
"light-chevrolet-camaro-1981","سبک شورلت کامارو 1981"
"light-acura-rdx-2009","سبک آکورا آر‌دی‌ایکس 2009"
"light-isuzu-npr-2000","سبک ایسوزو ان‌پی‌آر 2000"
"light-kia-sedona-2006","سبک کیا سدونا 2006"
"light-amc-eagle-wagon-1980","سبک ای‌ام‌سی ایگل واگن 1980"
"heavy-sitrak","سنگین سیتراک"
"light-maserati-spyder-2002","سبک مازراتی اسپایدر 2002"
"light-renault-koleos","سبک رنو کولیوس"
"light-oldsmobile-cutlass-2000","سبک اولدزموبیل کاتلاس 2000"
"light-mazda-rx7-1982","سبک مزدا آرایکس 7 1982"
"light-gmc-sierra-1500-1993","سبک جی‌ام‌سی سیرا 1500 1993"
"light-chevrolet-avalanche-2011","سبک شورلت آوالانچ 2011"
"light-acura-cl-2002","سبک آکورا سی‌ال 2002"
"light-pontiac-sunfire-2003","سبک پونتیاک سان‌فایر 2003"
"light-ford-f100-1968","سبک فورد اف 100 1968"
"light-subaru-forester-2016","سبک سوبارو فورستر 2016"
"light-gmc-caballero-1986","سبک جی‌ام‌سی کابایرو 1986"
"light-chevrolet-malibu-1995","سبک شورلت مالیبو 1995"
"light-renault-pars-tondar","سبک رنو پارس تندر"
"light-lexus-ct-2011","سبک لکسوس سی‌تی 2011"
"light-pontiac-bonneville-1996","سبک پونتیاک بانوویل 1996"
"light-chevrolet-camaro-1996","سبک شورلت کامارو 1996"
"light-bmw-3-series-sedan","سبک بی‌ام‌دبلیو 3 سری سدان"
"light-lincoln-ls-1900","سبک لینکلن ال‌اس 1900"
"light-dodge-dart-1975","سبک دوج دارت 1975"
"light-datsun-nissan-1982","سبک داتسون نیسان 1982"
"light-subaru-legacy-1990","سبک سوبارو لگاسی 1990"
"light-mazda-cx9-2007","سبک مزدا سی‌ایکس 9 2007"
"light-chevrolet-nova-ir","سبک شورلت نوا ای ار"
"light-mercedes benz-e320-2002","سبک مرسدس بنز ای 320 2002"
"light-infiniti-g35-2006","سبک اینفینیتی جی 35 2006"
"light-oldsmobile-achieva-1998","سبک اولدزموبیل آچیوا 1998"
"light-cadillac-brougham-1988","سبک کادیلاک براگام 1988"
"light-pontiac-firebird-1969","سبک پونتیاک فایربرد 1969"
"light-volvo-s60-2012","سبک ولوو اس 60 2012"
"light-lexus-rx400h-2007","سبک لکسوس آرایکس 400 اچ 2007"
"light-hyundai-accent-2005","سبک هیوندای اکسنت 2005"
"light-ford-crown victoria-1989","سبک فورد کراون victoria 1989"
"light-bmw-530i-2004","سبک بی‌ام‌دبلیو 530 ای 2004"
"light-toyota-sienna-2012","سبک تویوتا سیِنا 2012"
"light-quick-automatic-full","سبک کوئیک اتوماتیک فول"
"light-ford-galaxie-1965","سبک فورد گالکسی 1965"
"light-mercedes-benz-cla-class","سبک مرسدس بنز سی‌ال‌ای کلاس"
"light-jaguar-xk-1999","سبک جگوار ایکس‌کی 1999"
"light-hyundai-accent-1998","سبک هیوندای اکسنت 1998"
"light-dodge-journey-2011","سبک دوج جرنی 2011"
"light-pontiac-bonneville-2005","سبک پونتیاک بانوویل 2005"
"light-chrysler-town&country-2005","سبک کرایسلر town country 2005"
"light-cadillac-brougham-1986","سبک کادیلاک براگام 1986"
"light-volvo-v50-2007","سبک ولوو وی 50 2007"
"light-toyota-camry-solara-2004","سبک تویوتا کمری سولارا 2004"
"light-oldsmobile-eightyeight-1970","سبک اولدزموبیل ایتیتیایت 1970"
"light-ford-escape-2007","سبک فورد اسکیپ 2007"
"light-dodge-colt-1994","سبک دوج کولت 1994"
"light-honda-civic-hatchback-1988","سبک هوندا سیویک هاتچ‌بک 1988"
"light-chevrolet-bel air-1962","سبک شورلت بل هوا 1962"
"light-buick-riviera-1978","سبک بیوک ریویرا 1978"
"light-dodge-journey-2016","سبک دوج جرنی 2016"
"light-ford-freestyle-2005","سبک فورد فری‌استایل 2005"
"light-chrysler-town&country-1997","سبک کرایسلر town country 1997"
"light-volkswagen-passat-1999","سبک فولکس واگن پاسات 1999"
"light-chevrolet-uplander-1997","سبک شورلت آپ‌لندر 1997"
"light-kmc-x5","سبک کی‌ام‌سی ایکس 5"
"light-mazda-626-1990","سبک مزدا 626 1990"
"light-lexus-sc300-1999","سبک لکسوس اس‌سی 300 1999"
"light-chevrolet-c10-1982","سبک شورلت سی 10 1982"
"light-mercedes benz-c230-2000","سبک مرسدس بنز سی 230 2000"
"light-mercedes benz-ml350-2012","سبک مرسدس بنز ام‌ال 350 2012"
"light-saturn-sl2-1996","سبک ساترن اس‌ال 2 1996"
"light-jeep-grand-cherokee-2010","سبک جیپ گرند چروکی 2010"
"light-chevrolet-malibu-2000","سبک شورلت مالیبو 2000"
"light-toyota-camry-2010","سبک تویوتا کمری 2010"
"light-subaru-wrx-2006","سبک سوبارو دبلیو‌آر‌ایکس 2006"
"light-ford-escort-2003","سبک فورد اسکورت 2003"
"light-volvo-240-wagon-1990","سبک ولوو 240 واگن 1990"
"light-mercury-mariner-2010","سبک مرکوری مارینر 2010"
"light-hyundai-sonata-1993","سبک هیوندای سوناتا 1993"
"light-ford-galaxie-1969","سبک فورد گالکسی 1969"
"light-mercedes benz-slk280-1995","سبک مرسدس بنز اس‌ال‌کی 280 1995"
"light-bmw-733i-1984","سبک بی‌ام‌دبلیو 733 ای 1984"
"light-mercedes benz-e430-1998","سبک مرسدس بنز ای 430 1998"
"light-bmw-4-series-coupe","سبک بی‌ام‌دبلیو 4 سری کوپه"
"light-subaru-legacy-1999","سبک سوبارو لگاسی 1999"
"light-mazda-b2500-1998","سبک مزدا بی 2500 1998"
"light-dodge-grand caravan-2012","سبک دوج گرند caravan 2012"
"light-chery-viana-a15","سبک چری ویانا ای 15"
"light-oldsmobile-cutlass-1962","سبک اولدزموبیل کاتلاس 1962"
"light-lincoln-mark-viii-1997","سبک لینکلن مارک هشت 1997"
"light-honda-accord-1991","سبک هوندا آکورد 1991"
"light-pontiac-parisienne-1984","سبک پونتیاک پاریژین 1984"
"light-chevrolet-montecarlo-1980","سبک شورلت مونت‌کارلو 1980"
"light-infiniti-g20-2002","سبک اینفینیتی جی 20 2002"
"light-mini-cooper-2008","سبک مینی کوپر 2008"
"light-toyota-solara-convertible-2007","سبک تویوتا سولارا کروک 2007"
"light-nissan-altima-2001","سبک نیسان آلتیما 2001"
"light-pride-hatchback","سبک پراید هاتچ‌بک"
"light-chevrolet-210-1953","سبک شورلت 210 1953"
"light-mercedes benz-e300-1995","سبک مرسدس بنز ای 300 1995"
"light-ford-f450-1999","سبک فورد اف 450 1999"
"light-mercedes benz-e500-2006","سبک مرسدس بنز ای 500 2006"
"light-nissan-d21-1993","سبک نیسان دی 21 1993"
"light-porsche-cayenne-2012","سبک پورشه کایین 2012"
"light-ford-lincoln-1988","سبک فورد لینکلن 1988"
"light-mercury-sable-1996","سبک مرکوری سیبل 1996"
"light-mercedes benz-c350-2006","سبک مرسدس بنز سی 350 2006"
"light-ford-explorer-2011","سبک فورد اکسپلورر 2011"
"light-ford-mustang-gt-convertible-1998","سبک فورد ماستانگ جی‌تی کروک 1998"
"light-toyota-sequoia-2010","سبک تویوتا سکویا 2010"
"light-opel-vectra","سبک اوپل وکترا"
"light-mitsubishi-outlander-2013","سبک میتسوبیشی آوتلندر 2013"
"light-pontiac-grandam-2004","سبک پونتیاک گرند ام 2004"
"light-ford-taurus-2011","سبک فورد تورس 2011"
"light-chrysler-sebring-2000","سبک کرایسلر سبرینگ 2000"
"light-mitsubishi-outlander-2007","سبک میتسوبیشی آوتلندر 2007"
"light-chevrolet-corvette-1998","سبک شورلت کوروت 1998"
"light-toyota-sequoia-2006","سبک تویوتا سکویا 2006"
"light-peugeot-rdi","سبک پژو آر‌دی‌آی"
"light-gmc-yukon-1500-2008","سبک جی‌ام‌سی یوکون 1500 2008"
"light-landrover-freelander-2003","سبک لندروور فری‌لندر 2003"
"light-jeep-grand-cherokee-1999","سبک جیپ گرند چروکی 1999"
"light-lexus-rx330-2006","سبک لکسوس آرایکس 330 2006"
"light-kia-sorento-2009","سبک کیا سورنتو 2009"
"light-volkswagen-passat-2015","سبک فولکس واگن پاسات 2015"
"light-honda-fit-2013","سبک هوندا فیت 2013"
"light-nissan-altima-2010","سبک نیسان آلتیما 2010"
"light-chrysler-town&country-2006","سبک کرایسلر town country 2006"
"light-gmc-yukon-1500-2002","سبک جی‌ام‌سی یوکون 1500 2002"
"light-honda-accord-1997","سبک هوندا آکورد 1997"
"light-chevrolet-impala-1966","سبک شورلت ایمپالا 1966"
"light-hyundai-santafe-2006","سبک هیوندای سانتافه 2006"
"light-mitsubishi-montero-1994","سبک میتسوبیشی مونترو 1994"
"light-volvo-740-wagon-1990","سبک ولوو 740 واگن 1990"
"light-ford-taurus-2009","سبک فورد تورس 2009"
"light-volvo-cx90-2003","سبک ولوو سی‌ایکس 90 2003"
"light-gmc-suburban-2500-1995","سبک جی‌ام‌سی سابربن 2500 1995"
"light-pontiac-firebird-1991","سبک پونتیاک فایربرد 1991"
"light-toyota-previa-1997","سبک تویوتا پرویا 1997"
"light-jaguar-xj-1996","سبک جگوار ایکس‌جی 1996"
"light-ford-windstar-2007","سبک فورد وینداستار 2007"
"light-ford-thunderbird-1989","سبک فورد تاندر‌برد 1989"
"light-chrysler-300-2013","سبک کرایسلر 300 2013"
"light-gmc-sierra-1500-1968","سبک جی‌ام‌سی سیرا 1500 1968"
"light-landrover-lr3-2006","سبک لندروور ال‌آر 3 2006"
"light-chevrolet-impala-1967","سبک شورلت ایمپالا 1967"
"light-nissan-truck-1990","سبک نیسان کامیون 1990"
"light-kia-optima-2003","سبک کیا اپتیما 2003"
"light-gmc-jimmy-1999","سبک جی‌ام‌سی جیمی 1999"
"light-bmw-x3-2012","سبک بی‌ام‌دبلیو ایکس 3 2012"
"light-chevrolet-g10-1968","سبک شورلت جی 10 1968"
"light-citroen-c3","سبک سیتروئن سی 3"
"light-nissan-370z-2010","سبک نیسان 370 زد 2010"
"light-chevrolet-camaro-1990","سبک شورلت کامارو 1990"
"light-bmw-650i-2006","سبک بی‌ام‌دبلیو 650 ای 2006"
"light-ford-taurus-1994","سبک فورد تورس 1994"
"light-ford-anglia-1948","سبک فورد آنگلیا 1948"
"light-volkswagen-passat-1995","سبک فولکس واگن پاسات 1995"
"light-isuzu-hombre-1998","سبک ایسوزو آمبری 1998"
"light-suzuki-kizashi-2012","سبک سوزوکی کیزاشی 2012"
"light-volvo-s40-2007","سبک ولوو اس 40 2007"
"light-toyota-tacoma-2013","سبک تویوتا تاکوما 2013"
"light-plymouth-acclaim-1991","سبک پلیموت اکلیم 1991"
"light-dodge-ramcharger-1979","سبک دوج رم‌چارجر 1979"
"light-honda-accord-wagon-1994","سبک هوندا آکورد واگن 1994"
"light-mercedes benz-300d-1978","سبک مرسدس بنز 300 دی 1978"
"light-infiniti-g35-2003","سبک اینفینیتی جی 35 2003"
"light-mercedes benz-190d-1987","سبک مرسدس بنز 190 دی 1987"
"light-chevrolet-impala-1997","سبک شورلت ایمپالا 1997"
"light-mazda-millenia-1995","سبک مزدا میلینیا 1995"
"light-jeep-wrangler-unlimited-2009","سبک جیپ رنگلر آنلیمیتد 2009"
"light-toyota-echo-2003","سبک تویوتا اکو 2003"
"light-bmw-323i-1999","سبک بی‌ام‌دبلیو 323 ای 1999"
"light-oldsmobile-omega-1976","سبک اولدزموبیل اُمگا 1976"
"light-chevrolet-corvette-1987","سبک شورلت کوروت 1987"
"light-lincoln-mkz-2008","سبک لینکلن ام‌کی‌زد 2008"
"light-pontiac-aztek-2004","سبک پونتیاک آزتک 2004"
"light-acura-tsx-2012","سبک آکورا تی‌اس‌ایکس 2012"
"light-cadillac-fleetwood-1993","سبک کادیلاک فلیت‌وود 1993"
"light-subaru-impreza-2000","سبک سوبارو ایمپرزا 2000"
"light-audi-a8-2013","سبک آئودی ای 8 2013"
"light-oldsmobile-cutlass-1968","سبک اولدزموبیل کاتلاس 1968"
"light-gac-gs3","سبک گاک جی‌اس 3"
"light-mazda-mx5-miata-2000","سبک مزدا ام ایکس 5 میاتا 2000"
"light-jeep-patriot-2016","سبک جیپ پتریوت 2016"
"light-chevrolet-aveo-2009","سبک شورلت آویو 2009"
"light-chevrolet-k10-1972","سبک شورلت کی 10 1972"
"light-cadillac-deville-1968","سبک کادیلاک دویل 1968"
"light-mitsubishi-eclipse-convertible-2005","سبک میتسوبیشی اکلیپس کروک 2005"
"light-suzuki-grand-vitara-2010","سبک سوزوکی گرند ویتارا 2010"
"light-plymouth-prowler-2000","سبک پلیموت پراولر 2000"
"light-mitsubishi-eclipse-2000","سبک میتسوبیشی اکلیپس 2000"
"light-chevrolet-montecarlo-1979","سبک شورلت مونت‌کارلو 1979"
"light-chevrolet-k10-1979","سبک شورلت کی 10 1979"
"light-nissan-murano-2014","سبک نیسان مورانو 2014"
"light-bmw-e36-1999","سبک بی‌ام‌دبلیو ای 36 1999"
"light-chevrolet-cheyenne-1971","سبک شورلت شاین 1971"
"light-hyundai-van","سبک هیوندای ون"
"heavy-daf","سنگین داف"
"light-ford-e350-2007","سبک فورد ای 350 2007"
"light-honda-cr-v-1997","سبک هوندا سی ار وی 1997"
"light-aston martin-db9-2005","سبک aston martin دی‌بی 9 2005"
"light-lifan-x50","سبک لیفان ایکس 50"
"light-kia-sedona-2008","سبک کیا سدونا 2008"
"light-mitsubishi-galant-2012","سبک میتسوبیشی گالانت 2012"
"light-mazda-3-hatchback-2007","سبک مزدا 3 هاتچ‌بک 2007"
"light-chevrolet-g20-1985","سبک شورلت جی 20 1985"
"light-chevrolet-c-k1500-1989","سبک شورلت سی کی 1500 1989"
"light-audi-tt-2004","سبک آئودی تی‌تی 2004"
"light-fownix-arrizo-6-pro","سبک فونییکس آریزو 6 پرو"
"light-buick-regal-1998","سبک بیوک ریگال 1998"
"light-renault-5","سبک رنو 5"
"light-mercury-montego-1976","سبک مرکوری مونتگو 1976"
"light-buick-enclave-2009","سبک بیوک انکلیو 2009"
"light-hyundai-avante","سبک هیوندای آوانته"
"light-mercedes benz-c320-2003","سبک مرسدس بنز سی 320 2003"
"light-lincoln-continental-1967","سبک لینکلن کانتیننتال 1967"
"light-toyota-tacoma-2010","سبک تویوتا تاکوما 2010"
"light-mercedes benz-slc450-1977","سبک مرسدس بنز اس‌ال‌سی 450 1977"
"light-bmw-325i-wagon-2001","سبک بی‌ام‌دبلیو 325 ای واگن 2001"
"light-mercedes-benz-slk-class","سبک مرسدس بنز اس‌ال‌کی کلاس"
"light-oldsmobile-alero-2003","سبک اولدزموبیل الرو 2003"
"light-dodge-nitro-2009","سبک دوج نیترو 2009"
"light-ford-f250-2014","سبک فورد اف 250 2014"
"light-suzuki-swift-1993","سبک سوزوکی سوئیفت 1993"
"light-mercedes benz-clk320-2003","سبک مرسدس بنز سی‌ال‌کا 320 2003"
"light-mercedes benz-clk500-2004","سبک مرسدس بنز سی‌ال‌کا 500 2004"
"light-ford-mustang-gt-2002","سبک فورد ماستانگ جی‌تی 2002"
"light-chevrolet-g30-1994","سبک شورلت جی 30 1994"
"light-ford-f350-1985","سبک فورد اف 350 1985"
"light-mitsubishi-outlander-2005","سبک میتسوبیشی آوتلندر 2005"
"light-ford-contour-1998","سبک فورد کنتور 1998"
"light-mercedes benz-slk320-1998","سبک مرسدس بنز اس‌ال‌کی 320 1998"
"light-chevrolet-chevette-1985","سبک شورلت شوت 1985"
"heavy-shiller","سنگین شیلر"
"light-bmw-328i-1997","سبک بی‌ام‌دبلیو 328 ای 1997"
"light-volkswagen-bug-1979","سبک فولکس واگن بگ 1979"
"light-audi-s8-2008","سبک آئودی اس 8 2008"
"light-audi-a5-cabriolet-2011","سبک آئودی ای 5 کابریولت 2011"
"light-mazda-626-2002","سبک مزدا 626 2002"
"light-subaru-brz-2014","سبک سوبارو بی‌آر‌زد 2014"
"light-gmc-sierra-2500-2009","سبک جی‌ام‌سی سیرا 2500 2009"
"light-mazda-mx5-miata-2016","سبک مزدا ام ایکس 5 میاتا 2016"
"light-chevrolet-impala-2003","سبک شورلت ایمپالا 2003"
"light-mitsubishi-delica-1994","سبک میتسوبیشی دلیکا 1994"
"light-volkswagen-beetle-1999","سبک فولکس واگن بیتل 1999"
"light-mercury-milan-2009","سبک مرکوری میلان 2009"
"light-mercury-mariner-2008","سبک مرکوری مارینر 2008"
"light-morris-minor-1960","سبک موریس ماینور 1960"
"light-buick-century-1995","سبک بیوک سنتوری 1995"
"light-pontiac-g6-2007","سبک پونتیاک جی 6 2007"
"light-bmw-m5-1999","سبک بی‌ام‌دبلیو ام 5 1999"
"light-toyota-corolla-dx-1997","سبک تویوتا کرولا دی‌ایکس 1997"
"light-nissan-altima-2000","سبک نیسان آلتیما 2000"
"light-nissan-pathfinder-2008","سبک نیسان پث‌فایندر 2008"
"light-mercury-grandmarquis-1997","سبک مرکوری گرند مارکویس 1997"
"light-mercedes benz-e550-2006","سبک مرسدس بنز ای 550 2006"
"light-ford-fairlane-1962","سبک فورد فیرلین 1962"
"light-ford-explorer-1998","سبک فورد اکسپلورر 1998"
"light-chevrolet-c-k3500-1990","سبک شورلت سی کی 3500 1990"
"light-jeep-gladiator-1984","سبک جیپ گلادیاتور 1984"
"light-cadillac-deville-1996","سبک کادیلاک دویل 1996"
"light-ford-edge-2008","سبک فورد ادج 2008"
"light-chevrolet-camaro-1985","سبک شورلت کامارو 1985"
"light-toyota-supra-1981","سبک تویوتا سوپرا 1981"
"light-mitsubishi-eclipse-1992","سبک میتسوبیشی اکلیپس 1992"
"light-volkswagen-rabbit-1982","سبک فولکس واگن رابیت 1982"
"light-dodge-coronet-1965","سبک دوج کورونت 1965"
"light-mercedes benz-slk350-2009","سبک مرسدس بنز اس‌ال‌کی 350 2009"
"light-cadillac-cts-2006","سبک کادیلاک سی‌تی‌اس 2006"
"light-mercury-cougar-1996","سبک مرکوری کوگار 1996"
"light-mercedes benz-sl450-1979","سبک مرسدس بنز اس‌ال 450 1979"
"light-bmw-525i-1992","سبک بی‌ام‌دبلیو 525 ای 1992"
"light-toyota-mr2-1993","سبک تویوتا ام آر 2 1993"
"light-infiniti-i30-1997","سبک اینفینیتی ای 30 1997"
"light-saturn-sw2-1994","سبک ساترن اس‌دبلیو 2 1994"
"light-dodge-cummins-2008","سبک دوج کامینز 2008"
"light-cadillac-eldorado-1976","سبک کادیلاک الدورادو 1976"
"light-subaru-crosstrek-2013","سبک سوبارو کراس‌ترک 2013"
"light-toyota-tercel-1991","سبک تویوتا ترسل 1991"
"light-nissan-maxima-2003","سبک نیسان ماکسیما 2003"
"light-mitsubishi-montero-2002","سبک میتسوبیشی مونترو 2002"
"light-saturn-outlook-2010","سبک ساترن آوتلوک 2010"
"light-nissan-sentra-1989","سبک نیسان سنترا 1989"
"light-chevrolet-c10-1965","سبک شورلت سی 10 1965"
"light-bmw-745i-2004","سبک بی‌ام‌دبلیو 745 ای 2004"
"light-ford-mustang-gt-2005","سبک فورد ماستانگ جی‌تی 2005"
"light-dodge-stratus-2001","سبک دوج استراتوس 2001"
"light-toyota-hilux-1974","سبک تویوتا هیلوکس 1974"
"light-chevrolet-deluxe-1976","سبک شورلت دلوکس 1976"
"light-landrover-discovery-2004","سبک لندروور دیسکاوری 2004"
"light-infiniti-m45-1999","سبک اینفینیتی ام 45 1999"
"light-buick-lesabre-1998","سبک بیوک لسبر 1998"
"light-chevrolet-s10-1999","سبک شورلت اس 10 1999"
"light-mercedes benz-ml550-2008","سبک مرسدس بنز ام‌ال 550 2008"
"light-smart-fortwo-2005","سبک اسمارت فورتو 2005"
"light-mitsubishi-eclipse-convertible-2004","سبک میتسوبیشی اکلیپس کروک 2004"
"light-mercedes benz-sl500-2006","سبک مرسدس بنز اس‌ال 500 2006"
"light-mazda-protege-1992","سبک مزدا پروتژه 1992"
"light-chevrolet-caprice-1992","سبک شورلت کاپریس 1992"
"light-ford-e350-1993","سبک فورد ای 350 1993"
"light-ford-f250-1984","سبک فورد اف 250 1984"
"light-dodge-viper-2002","سبک دوج وایپر 2002"
"light-jeep-grand-cherokee-2004","سبک جیپ گرند چروکی 2004"
"light-volkswagen-eurovan-2002","سبک فولکس واگن یورووان 2002"
"light-gmc-safari-1991","سبک جی‌ام‌سی سافاری 1991"
"light-volkswagen-passat-wagon-1994","سبک فولکس واگن پاسات واگن 1994"
"light-jeep-wrangler-1947","سبک جیپ رنگلر 1947"
"light-lexus-sc300-1992","سبک لکسوس اس‌سی 300 1992"
"light-ford-crown victoria-1955","سبک فورد کراون victoria 1955"
"light-bmw-318i-1995","سبک بی‌ام‌دبلیو 318 ای 1995"
"light-ford-ranchero-1955","سبک فورد رانچرو 1955"
"light-chrysler-300-2015","سبک کرایسلر 300 2015"
"light-jeep-renegade-2005","سبک جیپ رینیگید 2005"
"light-acura-zdx-2013","سبک آکورا زد‌ایکس 2013"
"light-quick-gxh","سبک کوئیک جی‌ایکس‌اچ"
"light-mercedes benz-slk320-1995","سبک مرسدس بنز اس‌ال‌کی 320 1995"
"light-isuzu-rodeo-1994","سبک ایسوزو رودئو 1994"
"light-ford-e350-1999","سبک فورد ای 350 1999"
"light-chevrolet-cavalier-1998","سبک شورلت کاوالیر 1998"
"light-mercedes benz-300d-1987","سبک مرسدس بنز 300 دی 1987"
"light-chevrolet-suburban-1998","سبک شورلت سابربن 1998"
"light-gmc-sierra-3500-1997","سبک جی‌ام‌سی سیرا 3500 1997"
"light-honda-crx-1991","سبک هوندا سی‌آر‌ایکس 1991"
"light-ford-crown victoria-2001","سبک فورد کراون victoria 2001"
"light-hyundai-kona","سبک هیوندای کونا"
"light-buick-skylark-1972","سبک بیوک اسکایلارک 1972"
"light-ford-f250-2016","سبک فورد اف 250 2016"
"light-mitsubishi-endeavor-2006","سبک میتسوبیشی اندور 2006"
"light-lexus-is250-2011","سبک لکسوس ای اس 250 2011"
"light-lexus-sc400-1992","سبک لکسوس اس‌سی 400 1992"
"light-ford-ranger-1985","سبک فورد رینجر 1985"
"light-hyundai-elantra-2016","سبک هیوندای الانترا 2016"
"light-chrysler-newport-1962","سبک کرایسلر نیوپورت 1962"
"light-ford-mustang-convertible-2007","سبک فورد ماستانگ کروک 2007"
"light-nissan-altima-2014","سبک نیسان آلتیما 2014"
"light-opel-gt-1973","سبک اوپل جی‌تی 1973"
"light-chevrolet-nova-1976","سبک شورلت نوا 1976"
"light-pontiac-lemans-1978","سبک پونتیاک لومانس 1978"
"light-volvo-c70-2007","سبک ولوو سی 70 2007"
"light-toyota-pickup-1993","سبک تویوتا پیکاپ 1993"
"light-mercury-cougar-1967","سبک مرکوری کوگار 1967"
"light-hummer-h2-2009","سبک هامر اچ 2 2009"
"light-alfa-romeo-4c","سبک آلفا رومئو 4 سی"
"light-ford-fairlane-1979","سبک فورد فیرلین 1979"
"light-subaru-legacy-2010","سبک سوبارو لگاسی 2010"
"light-cadillac-eldorado-1973","سبک کادیلاک الدورادو 1973"
"light-toyota-van","سبک تویوتا ون"
"light-toyota-corolla-le-2010","سبک تویوتا کرولا ال‌ای 2010"
"light-oldsmobile-omega-1975","سبک اولدزموبیل اُمگا 1975"
"light-plymouth-laser-1993","سبک پلیموت لیزر 1993"
"light-lotus-elise-2006","سبک لوتوس الیزه 2006"
"light-cadillac-escalade-2010","سبک کادیلاک اسکالید 2010"
"light-chevrolet-van","سبک شورلت ون"
"light-mercedes benz-ml350-2009","سبک مرسدس بنز ام‌ال 350 2009"
"light-kia-optima-hybrid","سبک کیا اپتیما هیبرید"
"light-acura-rdx-2007","سبک آکورا آر‌دی‌ایکس 2007"
"light-skywell-et5","سبک اسکای‌ول ای‌تی 5"
"light-jac-s5-new-face","سبک جک اس 5 جدید فیس"
"light-suzuki-celerio","سبک سوزوکی سلریو"
"light-plymouth-savoy-1964","سبک پلیموت ساوی 1964"
"light-toyota-corolla-le-2013","سبک تویوتا کرولا ال‌ای 2013"
"light-volkswagen-passat-1997","سبک فولکس واگن پاسات 1997"
"light-chevrolet-prizm-1995","سبک شورلت پریزم 1995"
"light-chevrolet-camaro-1984","سبک شورلت کامارو 1984"
"light-suzuki-vitara-2003","سبک سوزوکی ویتارا 2003"
"light-gmc-envoy-2000","سبک جی‌ام‌سی انوی 2000"
"light-toyota-tacoma-1990","سبک تویوتا تاکوما 1990"
"light-dodge-spirit-1994","سبک دوج اسپریت 1994"
"light-volvo-s40-2006","سبک ولوو اس 40 2006"
"light-pontiac-sunfire-2004","سبک پونتیاک سان‌فایر 2004"
"light-nissan-quest-1997","سبک نیسان کوئست 1997"
"light-jeep-wrangler-sahara-2004","سبک جیپ رنگلر صحرا 2004"
"light-mercedes benz-slk320-1994","سبک مرسدس بنز اس‌ال‌کی 320 1994"
"light-bmw-m5-2001","سبک بی‌ام‌دبلیو ام 5 2001"
"light-saturn-sw2-2001","سبک ساترن اس‌دبلیو 2 2001"
"light-nissan-altima-1995","سبک نیسان آلتیما 1995"
"light-dodge-d350-1992","سبک دوج دی 350 1992"
"light-chevrolet-colorado-2009","سبک شورلت کلرادو 2009"
"light-oldsmobile-cutlass-1965","سبک اولدزموبیل کاتلاس 1965"
"light-bmw-z3-1998","سبک بی‌ام‌دبلیو زد 3 1998"
"light-acura-tsx-2009","سبک آکورا تی‌اس‌ایکس 2009"
"light-oldsmobile-ninetyeight-1969","سبک اولدزموبیل ناین‌تی‌اییت 1969"
"light-ford-e250-2006","سبک فورد ای 250 2006"
"light-dodge-ram-5500-2008","سبک دوج رم 5500 2008"
"heavy-benz-truck","سنگین بنز کامیون"
"light-bmw-325i-wagon-2005","سبک بی‌ام‌دبلیو 325 ای واگن 2005"
"light-lincoln-mkz-2006","سبک لینکلن ام‌کی‌زد 2006"
"light-ford-freestar-2004","سبک فورد فری‌استار 2004"
"light-chevrolet-corvette-2009","سبک شورلت کوروت 2009"
"light-cadillac-cts-2011","سبک کادیلاک سی‌تی‌اس 2011"
"light-suzuki-reno-2005","سبک سوزوکی رنو 2005"
"light-nissan-xterra-2002","سبک نیسان اکستررا 2002"
"light-mercedes benz-glk350-2012","سبک مرسدس بنز جی‌ال‌کا 350 2012"
"light-cadillac-xlr-2005","سبک کادیلاک ایکس‌اِل‌آر 2005"
"light-mazda-speed3-2010","سبک مزدا اسپید 3 2010"
"light-infiniti-m45-2003","سبک اینفینیتی ام 45 2003"
"light-landrover-discovery-1994","سبک لندروور دیسکاوری 1994"
"light-lexus-rx300-1999","سبک لکسوس آرایکس 300 1999"
"light-audi-a3-2006","سبک آئودی ای 3 2006"
"light-nissan-sentra-2000","سبک نیسان سنترا 2000"
"light-zamyad-shooka","سبک زامیاد شوکاء"
"light-mini-cooper-2006","سبک مینی کوپر 2006"
"light-lincoln-navigator-1998","سبک لینکلن نویگیتور 1998"
"light-subaru-outback-1997","سبک سوبارو آوت‌بک 1997"
"light-audi-s5-2009","سبک آئودی اس 5 2009"
"light-toyota-supra","سبک تویوتا سوپرا"
"light-ford-f150-2016","سبک فورد اف 150 2016"
"light-mercedes benz-cl600-2003","سبک مرسدس بنز سی‌ال 600 2003"
"light-oldsmobile-eightyeight-1991","سبک اولدزموبیل ایتیتیایت 1991"
"light-jeep-cj7-1986","سبک جیپ سی‌جی 7 1986"
"light-jaguar-vandenplas-2006","سبک جگوار وندن‌پلاس 2006"
"light-ssangyong-rodius","سبک سانگ‌یانگ رودیوس"
"light-chrysler-town&country-1994","سبک کرایسلر town country 1994"
"light-ford-fairlane-1959","سبک فورد فیرلین 1959"
"light-acura-el-2001","سبک آکورا ال 2001"
"light-bmw-740i-1995","سبک بی‌ام‌دبلیو 740 ای 1995"
"light-foton-sauvana","سبک فوتون ساوانا"
"light-jeep-wrangler-2000","سبک جیپ رنگلر 2000"
"light-mazda-b2600-1987","سبک مزدا بی 2600 1987"
"light-plymouth-neon-2001","سبک پلیموت نون 2001"
"light-geely-emgrand-7","سبک جیلی ام‌گرند 7"
"light-pontiac-grandam-1991","سبک پونتیاک گرند ام 1991"
"light-lincoln-aviator-2004","سبک لینکلن آویاتور 2004"
"light-hyundai-santafe-2005","سبک هیوندای سانتافه 2005"
"light-ford-falcon-1966","سبک فورد فالکون 1966"
"light-mercedes benz-sl500-1999","سبک مرسدس بنز اس‌ال 500 1999"
"light-peugeot-508","سبک پژو 508"
"light-gmc-yukon-1500-2006","سبک جی‌ام‌سی یوکون 1500 2006"
"light-ford-f150-2007","سبک فورد اف 150 2007"
"light-subaru-forester-2002","سبک سوبارو فورستر 2002"
"light-mercedes benz-c230-1997","سبک مرسدس بنز سی 230 1997"
"light-kia-rio-2003","سبک کیا ریو 2003"
"light-volkswagen-bug-1958","سبک فولکس واگن بگ 1958"
"light-toyota-4runner-2016","سبک تویوتا 4 رانر 2016"
"light-gmc-c4500-2003","سبک جی‌ام‌سی سی 4500 2003"
"light-mitsubishi-3000gt-1999","سبک میتسوبیشی 3000 جی‌تی 1999"
"light-lexus-ls430-2002","سبک لکسوس ال‌اس 430 2002"
"light-volkswagen-rabbit-2009","سبک فولکس واگن رابیت 2009"
"light-chevrolet-orlando-2012","سبک شورلت اورلاندو 2012"
"light-subaru-legacy-2002","سبک سوبارو لگاسی 2002"
"light-mg-3","سبک ام‌جی 3"
"light-bmw-318i-1998","سبک بی‌ام‌دبلیو 318 ای 1998"
"light-jaguar-vandenplas-2004","سبک جگوار وندن‌پلاس 2004"
"light-bmw-335xi-2008","سبک بی‌ام‌دبلیو 335 ایکس‌آی 2008"
"light-pontiac-g6-2004","سبک پونتیاک جی 6 2004"
"light-lincoln-towncar-1985","سبک لینکلن تاون‌کار 1985"
"light-bmw-550i-2008","سبک بی‌ام‌دبلیو 550 ای 2008"
"light-nissan-frontier-2004","سبک نیسان فرانتیر 2004"
"light-volvo-s40-2002","سبک ولوو اس 40 2002"
"light-infiniti-i30-2003","سبک اینفینیتی ای 30 2003"
"light-toyota-corolla-2013","سبک تویوتا کرولا 2013"
"light-ford-mustang-gt-convertible-2004","سبک فورد ماستانگ جی‌تی کروک 2004"
"light-honda-passport-2002","سبک هوندا پاسپورت 2002"
"light-mazda-2-ir","سبک مزدا 2 ای ار"
"light-honda-civic-hatchback-1989","سبک هوندا سیویک هاتچ‌بک 1989"
"light-mvm-arizo-5-sport-fl","سبک ام‌وی‌ام آریزو 5 اسپرت اف‌ال"
"light-saturn-sl1-1998","سبک ساترن اس‌ال 1 1998"
"light-chevrolet-astro-2003","سبک شورلت آسترو 2003"
"light-buick-regal-1980","سبک بیوک ریگال 1980"
"light-mazda-mx6-1995","سبک مزدا ام ایکس 6 1995"
"light-chevrolet-lumina-1996","سبک شورلت لومینا 1996"
"light-honda-accord-1985","سبک هوندا آکورد 1985"
"light-chevrolet-montecarlo-1995","سبک شورلت مونت‌کارلو 1995"
"light-besturn-b30","سبک بسترن بی 30"
"light-acura-tsx-2006","سبک آکورا تی‌اس‌ایکس 2006"
"light-bmw-m-roadster-2000","سبک بی‌ام‌دبلیو ام رودستر 2000"
"light-ford-bronco-1974","سبک فورد برانکو 1974"
"light-nissan-quest-2013","سبک نیسان کوئست 2013"
"light-lincoln-mkx-1994","سبک لینکلن ام‌کی‌ایکس 1994"
"light-landrover-discovery-1996","سبک لندروور دیسکاوری 1996"
"light-acura-tsx-2010","سبک آکورا تی‌اس‌ایکس 2010"
"light-kia-optima-2001","سبک کیا اپتیما 2001"
"light-ford-f450-2001","سبک فورد اف 450 2001"
"light-kia-sedona-2011","سبک کیا سدونا 2011"
"light-ford-focus-2000","سبک فورد فوکوس 2000"
"light-subaru-forester-2015","سبک سوبارو فورستر 2015"
"light-nissan-xterra-2014","سبک نیسان اکستررا 2014"
"light-mitsubishi-eclipse-convertible-2008","سبک میتسوبیشی اکلیپس کروک 2008"
"light-hyundai-accent-2016","سبک هیوندای اکسنت 2016"
"light-bmw-5series-2007","سبک بی‌ام‌دبلیو 5 سری 2007"
"light-audi-90-1991","سبک آئودی 90 1991"
"light-bmw-e30-1992","سبک بی‌ام‌دبلیو ای 30 1992"
"light-acura-rl-1999","سبک آکورا آر ال 1999"
"light-chevrolet-camaro-1986","سبک شورلت کامارو 1986"
"light-toyota-camry-1990","سبک تویوتا کمری 1990"
"light-chevrolet-impala-1978","سبک شورلت ایمپالا 1978"
"light-mazda-protege-1997","سبک مزدا پروتژه 1997"
"light-subaru-svx-1994","سبک سوبارو اس‌وی‌ایکس 1994"
"light-saturn-l200-2003","سبک ساترن ال 200 2003"
"light-volvo-760-1987","سبک ولوو 760 1987"
"light-gmc-jimmy-1991","سبک جی‌ام‌سی جیمی 1991"
"light-quick-automatic-full-plus","سبک کوئیک اتوماتیک فول پلاس"
"light-pontiac-grandprix-1994","سبک پونتیاک گرند پریکس 1994"
"light-volkswagen-passat-2000","سبک فولکس واگن پاسات 2000"
"light-toyota-supra-2004","سبک تویوتا سوپرا 2004"
"light-jeep-wrangler-rubicon-2004","سبک جیپ رنگلر روبی‌کان 2004"
"light-cadillac-sts-1992","سبک کادیلاک اس‌تی‌اس 1992"
"light-mercedes benz-e320-2001","سبک مرسدس بنز ای 320 2001"
"light-bmw-4-series-convertible","سبک بی‌ام‌دبلیو 4 سری کروک"
"light-mazda-mx6-1993","سبک مزدا ام ایکس 6 1993"
"light-chevrolet-malibu-2015","سبک شورلت مالیبو 2015"
"light-suzuki-sx4-2003","سبک سوزوکی اس‌ایکس 4 2003"
"light-kia-sephia-1999","سبک کیا سفیا 1999"
"light-chevrolet-blazer-2001","سبک شورلت بلیزر 2001"
"light-dodge-attitude-2006","سبک دوج اتیچیود 2006"
"light-chevrolet-ssr-2003","سبک شورلت اس‌اس‌آر 2003"
"light-bmw-5-series-gt","سبک بی‌ام‌دبلیو 5 سری جی‌تی"
"light-mitsubishi-lancer-2009","سبک میتسوبیشی لنسر 2009"
"light-lexus-gs","سبک لکسوس جی‌اس"
"light-oldsmobile-bravada-1998","سبک اولدزموبیل براوادا 1998"
"light-bmw-328i-2013","سبک بی‌ام‌دبلیو 328 ای 2013"
"light-bmw-535i-1995","سبک بی‌ام‌دبلیو 535 ای 1995"
"light-gmc-sierra-2500-2000","سبک جی‌ام‌سی سیرا 2500 2000"
"light-dodge-avenger-2009","سبک دوج اونجر 2009"
"light-chevrolet-aveo-2007","سبک شورلت آویو 2007"
"light-nissan-xterra-2015","سبک نیسان اکستررا 2015"
"light-mercedes benz-gl450-2010","سبک مرسدس بنز جی‌ال 450 2010"
"light-ford-escort-1997","سبک فورد اسکورت 1997"
"light-toyota-rav4-2007","سبک تویوتا راو 4 2007"
"light-nissan-frontier-1997","سبک نیسان فرانتیر 1997"
"light-hyundai-veloster-2012","سبک هیوندای ولستر 2012"
"light-nissan-240sx-1991","سبک نیسان 240 اس‌ایکس 1991"
"light-toyota-yaris-2011","سبک تویوتا یاریس 2011"
"light-mazda-millenia-1999","سبک مزدا میلینیا 1999"
"light-volvo-940-1991","سبک ولوو 940 1991"
"light-subaru-impreza-2006","سبک سوبارو ایمپرزا 2006"
"light-toyota-corolla-2000","سبک تویوتا کرولا 2000"
"light-lincoln-mkz-2009","سبک لینکلن ام‌کی‌زد 2009"
"light-chevrolet-s10-1998","سبک شورلت اس 10 1998"
"light-scion-xd-2012","سبک سایون ایکس‌دی 2012"
"light-lexus-lx450-1992","سبک لکسوس ال‌ایکس 450 1992"
"light-chrysler-town&country-2013","سبک کرایسلر town country 2013"
"light-isuzu-trooper-2000","سبک ایسوزو تروپر 2000"
"light-mercedes benz-e430-2001","سبک مرسدس بنز ای 430 2001"
"light-citroen-xantia2","سبک سیتروئن زانتیا 2"
"light-mercury-tracer-1991","سبک مرکوری تریسر 1991"
"light-ford-thunderbird-1968","سبک فورد تاندر‌برد 1968"
"light-mitsubishi-lancer-2007","سبک میتسوبیشی لنسر 2007"
"light-chevrolet-v20-1987","سبک شورلت وی 20 1987"
"light-volvo-240-1992","سبک ولوو 240 1992"
"light-cadillac-seville-1979","سبک کادیلاک سویل 1979"
"light-suzuki-sidekick-1998","سبک سوزوکی سایدکیک 1998"
"light-gmc-sierra-3500-1991","سبک جی‌ام‌سی سیرا 3500 1991"
"light-mercedes-benz-c-class-coupe","سبک مرسدس بنز سی کلاس کوپه"
"light-buick-skylark-1995","سبک بیوک اسکایلارک 1995"
"light-jeep-wrangler-rubicon-2006","سبک جیپ رنگلر روبی‌کان 2006"
"light-cadillac-catera-2001","سبک کادیلاک کاترا 2001"
"light-saipa-shahin-g","سبک سایپا شاهین جی"
"light-nissan-pathfinder-2001","سبک نیسان پث‌فایندر 2001"
"light-ford-f250-2012","سبک فورد اف 250 2012"
"light-toyota-landcruiser-4door","سبک تویوتا لندکروز 4 درب"
"light-nissan-murano-2007","سبک نیسان مورانو 2007"
"light-bmw-633csi-1984","سبک بی‌ام‌دبلیو 633 سی‌اس‌آی 1984"
"light-mercury-sable-1998","سبک مرکوری سیبل 1998"
"light-mazda-mx6-1997","سبک مزدا ام ایکس 6 1997"
"light-dodge-intrepid-1999","سبک دوج اینترپید 1999"
"light-toyota-solara-2005","سبک تویوتا سولارا 2005"
"light-ford-f150-1993","سبک فورد اف 150 1993"
"light-toyota-hiace-2012","سبک تویوتا های‌اس 2012"
"light-buick-riviera-1991","سبک بیوک ریویرا 1991"
"light-toyota-landcruiser-2014","سبک تویوتا لندکروز 2014"
"light-mitsubishi-colt-2006","سبک میتسوبیشی کولت 2006"
"light-volvo-s60-1999","سبک ولوو اس 60 1999"
"light-lifan-620","سبک لیفان 620"
"light-nissan-murano-2004","سبک نیسان مورانو 2004"
"light-nissan-300zx-1987","سبک نیسان 300 زد‌ایکس 1987"
"light-mazda-b2000-1987","سبک مزدا بی 2000 1987"
"light-lotus-elan-2004","سبک لوتوس الان 2004"
"light-honda-pilot-2004","سبک هوندا پایلوت 2004"
"light-honda-accord-2 door-2010","سبک هوندا آکورد 2 درب 2010"
"light-land-rover-range-rover-evoque","سبک لند روور رنج روور ایووک"
"light-toyota-celica-1984","سبک تویوتا سلیکا 1984"
"light-toyota-sienna-2008","سبک تویوتا سیِنا 2008"
"light-nissan-300zx-1985","سبک نیسان 300 زد‌ایکس 1985"
"light-ford-escort-1982","سبک فورد اسکورت 1982"
"light-acura-tl-2010","سبک آکورا تی‌ال 2010"
"light-jeep-cherokee-1989","سبک جیپ چروکی 1989"
"light-dodge-grand caravan-1992","سبک دوج گرند caravan 1992"
"light-plymouth-voyager-2000","سبک پلیموت وویجر 2000"
"light-suzuki-swift-2004","سبک سوزوکی سوئیفت 2004"
"light-gmc-savana-2010","سبک جی‌ام‌سی ساوانا 2010"
"light-jaguar-xj-2002","سبک جگوار ایکس‌جی 2002"
"light-bmw-x5-2010","سبک بی‌ام‌دبلیو ایکس 5 2010"
"light-acura-tl-2006","سبک آکورا تی‌ال 2006"
"light-chevrolet-corvette-2008","سبک شورلت کوروت 2008"
"light-gac-emkoo-hybrid","سبک گاک ام‌کو هیبرید"
"light-honda-s2000-2003","سبک هوندا اس 2000 2003"
"light-subaru-360-1968","سبک سوبارو 360 1968"
"light-dodge-durango-1998","سبک دوج دورانگو 1998"
"light-chrysler-aspen-2008","سبک کرایسلر اسپن 2008"
"light-pontiac-g8-2009","سبک پونتیاک جی 8 2009"
"light-dodge-challenger-2008","سبک دوج چلنجر 2008"
"light-polaris-slingshot-2015","سبک پولاریس اسلینگ‌شات 2015"
"light-gac-gonow-g5","سبک گاک گونو جی 5"
"light-volkswagen-beetle-1963","سبک فولکس واگن بیتل 1963"
"light-gmc-denali-2005","سبک جی‌ام‌سی دنالی 2005"
"light-ford-f250-1966","سبک فورد اف 250 1966"
"light-chevrolet-blazer-2008","سبک شورلت بلیزر 2008"
"light-bmw-318i-convertible-1994","سبک بی‌ام‌دبلیو 318 ای کروک 1994"
"light-jeep-wrangler-sahara-1998","سبک جیپ رنگلر صحرا 1998"
"light-buick-century-1994","سبک بیوک سنتوری 1994"
"light-mazda-2-2011","سبک مزدا 2 2011"
"light-hyundai-tiburon-1997","سبک هیوندای تیبورون 1997"
"light-lexus-gx450-2003","سبک لکسوس جی‌ایکس 450 2003"
"light-ford-focus-2003","سبک فورد فوکوس 2003"
"light-saturn-sw2-2000","سبک ساترن اس‌دبلیو 2 2000"
"light-plymouth-savoy-1957","سبک پلیموت ساوی 1957"
"light-mercury-villager-1996","سبک مرکوری ویلیجر 1996"
"light-honda-ridgeline-2013","سبک هوندا ریج‌لاین 2013"
"light-landrover-rangerover-2010","سبک لندروور رِنج روور 2010"
"light-nissan-maxima-2005","سبک نیسان ماکسیما 2005"
"light-mercedes benz-c250-2013","سبک مرسدس بنز سی 250 2013"
"light-ford-f100-1977","سبک فورد اف 100 1977"
"light-volkswagen-gti-2003","سبک فولکس واگن جی‌تی‌آی 2003"
"light-ford-aerostar-1991","سبک فورد ایرواستار 1991"
"light-mazda-mx5-miata-1990","سبک مزدا ام ایکس 5 میاتا 1990"
"light-mitsubishi-diamante-2000","سبک میتسوبیشی دیامانته 2000"
"light-ford-mustang-gt-2000","سبک فورد ماستانگ جی‌تی 2000"
"light-bmw-7series-2013","سبک بی‌ام‌دبلیو 7 سری 2013"
"light-volvo-850-wagon-1994","سبک ولوو 850 واگن 1994"
"light-lincoln-towncar-2008","سبک لینکلن تاون‌کار 2008"
"light-dodge-monaco-1968","سبک دوج موناکو 1968"
"light-nissan-altima-2005","سبک نیسان آلتیما 2005"
"light-chevrolet-colorado-2008","سبک شورلت کلرادو 2008"
"light-dodge-charger-1982","سبک دوج شارجر 1982"
"light-volkswagen-jetta-1985","سبک فولکس واگن جتا 1985"
"light-subaru-legacy-1998","سبک سوبارو لگاسی 1998"
"light-pontiac-transam-2001","سبک پونتیاک ترانس‌ام 2001"
"light-subaru-wrx-2016","سبک سوبارو دبلیو‌آر‌ایکس 2016"
"light-lincoln-continental-1992","سبک لینکلن کانتیننتال 1992"
"light-cadillac-allante-1999","سبک کادیلاک الانته 1999"
"light-honda-pilot-2003","سبک هوندا پایلوت 2003"
"light-chevrolet-aveo-2004","سبک شورلت آویو 2004"
"light-honda-civic-hatchback-1992","سبک هوندا سیویک هاتچ‌بک 1992"
"light-buick-gs-1972","سبک بیوک جی‌اس 1972"
"light-acura-tl-2017","سبک آکورا تی‌ال 2017"
"light-ford-ranger-1993","سبک فورد رینجر 1993"
"light-ford-expedition-2007","سبک فورد اکسپدیشن 2007"
"light-chrysler-town&country-2010","سبک کرایسلر town country 2010"
"light-gmc-sierra-3500-1992","سبک جی‌ام‌سی سیرا 3500 1992"
"light-ford-windstar-2005","سبک فورد وینداستار 2005"
"heavy-kammiune-truck","سنگین کامیون کامیون"
"light-toyota-celica-2002","سبک تویوتا سلیکا 2002"
"light-landrover-lr3-2007","سبک لندروور ال‌آر 3 2007"
"light-gmc-sierra-1500-2014","سبک جی‌ام‌سی سیرا 1500 2014"
"light-mazda-5-2013","سبک مزدا 5 2013"
"light-volvo-960-1998","سبک ولوو 960 1998"
"light-volkswagen-jetta-2000","سبک فولکس واگن جتا 2000"
"light-ford-mustang-gt-convertible-2003","سبک فورد ماستانگ جی‌تی کروک 2003"
"light-hummer-h3-2006","سبک هامر اچ 3 2006"
"light-subaru-forester-2000","سبک سوبارو فورستر 2000"
"light-ford-galaxie-1966","سبک فورد گالکسی 1966"
"light-mazda-speed3-2008","سبک مزدا اسپید 3 2008"
"light-lexus-sc300-1998","سبک لکسوس اس‌سی 300 1998"
"light-audi-q5-2011","سبک آئودی کیو 5 2011"
"light-bmw-535i-1990","سبک بی‌ام‌دبلیو 535 ای 1990"
"light-audi-r8-2005","سبک آئودی ار 8 2005"
"light-chevrolet-malibu-1981","سبک شورلت مالیبو 1981"
"light-nissan-quest-2009","سبک نیسان کوئست 2009"
"light-pontiac-solstice-2006","سبک پونتیاک سولستیس 2006"
"light-pontiac-gto-1967","سبک پونتیاک جی‌تی‌او 1967"
"light-honda-civic-coupe-2001","سبک هوندا سیویک کوپه 2001"
"light-acura-slx-1998","سبک آکورا اس‌ال‌ایکس 1998"
"light-gmc-acadia-2015","سبک جی‌ام‌سی آکادیا 2015"
"light-subaru-forester-2003","سبک سوبارو فورستر 2003"
"light-pontiac-grandprix-2008","سبک پونتیاک گرند پریکس 2008"
"light-mazda-rx7-1985","سبک مزدا آرایکس 7 1985"
"light-oldsmobile-cutlass-1991","سبک اولدزموبیل کاتلاس 1991"
"light-acura-tlx-2015","سبک آکورا تی‌ال‌ایکس 2015"
"light-volkswagen-golf-2001","سبک فولکس واگن گلف 2001"
"light-jeep-grand-cherokee-2005","سبک جیپ گرند چروکی 2005"
"light-kia-sorento-2005","سبک کیا سورنتو 2005"
"light-mitsubishi-fuso-2007","سبک میتسوبیشی فوسو 2007"
"light-toyota-tacoma-2003","سبک تویوتا تاکوما 2003"
"light-pontiac-firebird-1983","سبک پونتیاک فایربرد 1983"
"light-chevrolet-pickup-1964","سبک شورلت پیکاپ 1964"
"light-ford-crown victoria-1999","سبک فورد کراون victoria 1999"
"light-bmw-535i-2004","سبک بی‌ام‌دبلیو 535 ای 2004"
"light-ford-f150-1988","سبک فورد اف 150 1988"
"light-nissan-xterra-2006","سبک نیسان اکستررا 2006"
"light-porsche-boxster-1997","سبک پورشه باکستر 1997"
"light-mercedes benz-sl550-2009","سبک مرسدس بنز اس‌ال 550 2009"
"light-ford-f250-1990","سبک فورد اف 250 1990"
"light-ford-falcon-1965","سبک فورد فالکون 1965"
"light-chevrolet-blazer-1985","سبک شورلت بلیزر 1985"
"light-acura-tsx-2011","سبک آکورا تی‌اس‌ایکس 2011"
"light-toyota-solara-2003","سبک تویوتا سولارا 2003"
"light-mercedes benz-e500-2005","سبک مرسدس بنز ای 500 2005"
"light-mercedes benz-b200t-2006","سبک مرسدس بنز بی 200 تی 2006"
"light-subaru-legacy","سبک سوبارو لگاسی"
"light-ford-fiesta-2011","سبک فورد فیستا 2011"
"light-toyota-tiara-1965","سبک تویوتا تیارا 1965"
"light-lincoln-continental-1994","سبک لینکلن کانتیننتال 1994"
"light-dodge-charger-1988","سبک دوج شارجر 1988"
"light-mercedes benz-sl500-2000","سبک مرسدس بنز اس‌ال 500 2000"
"light-chevrolet-g20-1991","سبک شورلت جی 20 1991"
"light-volvo-740-1987","سبک ولوو 740 1987"
"light-chevrolet-cobalt-2007","سبک شورلت کبالت 2007"
"light-audi-90-1989","سبک آئودی 90 1989"
"light-honda-hr-v-2016","سبک هوندا اچ‌آر وی 2016"
"light-dodge-dakota-2010","سبک دوج داکوتا 2010"
"light-dodge-neon-1999","سبک دوج نون 1999"
"light-volkswagen-touareg-2009","سبک فولکس واگن توارگ 2009"
"light-volvo-v50-2006","سبک ولوو وی 50 2006"
"light-chevrolet-corsica-1996","سبک شورلت کورسیکا 1996"
"light-plymouth-neon-1996","سبک پلیموت نون 1996"
"light-oldsmobile-intrigue-2000","سبک اولدزموبیل اینتریگ 2000"
"light-bmw-x5","سبک بی‌ام‌دبلیو ایکس 5"
"light-chevrolet-blazer-2005","سبک شورلت بلیزر 2005"
"light-nissan-versa-2010","سبک نیسان ورسا 2010"
"light-nissan-murano-2011","سبک نیسان مورانو 2011"
"light-toyota-landcruiser-2005","سبک تویوتا لندکروز 2005"
"light-jeep-compass-2015","سبک جیپ کامپس 2015"
"light-acura-tl-2009","سبک آکورا تی‌ال 2009"
"light-bmw-z4-2009","سبک بی‌ام‌دبلیو زد 4 2009"
"light-scion-xb-2009","سبک سایون ایکس‌بی 2009"
"light-honda-accord-2003","سبک هوندا آکورد 2003"
"light-mitsubishi-pajero-ir","سبک میتسوبیشی پاجِرو ای ار"
"light-lexus-es300-1991","سبک لکسوس ای اس 300 1991"
"light-bmw-325xi-2003","سبک بی‌ام‌دبلیو 325 ایکس‌آی 2003"
"light-chevrolet-express-2007","سبک شورلت اکسپرس 2007"
"light-mercedes benz-c300-2014","سبک مرسدس بنز سی 300 2014"
"light-audi-a4-cabriolet-2009","سبک آئودی ای 4 کابریولت 2009"
"light-acura-cl-1998","سبک آکورا سی‌ال 1998"
"light-jaguar-xk-2008","سبک جگوار ایکس‌کی 2008"
"light-chevrolet-c-k3500-1994","سبک شورلت سی کی 3500 1994"
"light-mercedes benz-sl500-1996","سبک مرسدس بنز اس‌ال 500 1996"
"light-lada-niva","سبک لادا نیوا"
"light-pontiac-montana-2005","سبک پونتیاک مونتانا 2005"
"light-mercury-mariner-2009","سبک مرکوری مارینر 2009"
"light-chevrolet-caprice-1979","سبک شورلت کاپریس 1979"
"light-mercedes benz-e350-2010","سبک مرسدس بنز ای 350 2010"
"light-plymouth-barracuda-1969","سبک پلیموت باراکودا 1969"
"light-nissan-300zx-1995","سبک نیسان 300 زد‌ایکس 1995"
"light-gmc-savana-2001","سبک جی‌ام‌سی ساوانا 2001"
"light-fownix-tiggo-8-pro-max-e-plus-plugin-hybrid","سبک فونییکس تیگو 8 پرو ماکس ای پلاس پلاگین هیبرید"
"light-bmw-320i-1981","سبک بی‌ام‌دبلیو 320 ای 1981"
"light-bmw-750i-2007","سبک بی‌ام‌دبلیو 750 ای 2007"
"light-volvo-xc70-2003","سبک ولوو ایکس‌سی 70 2003"
"light-chevrolet-scottsdale-1975","سبک شورلت اسکاتس‌دیل 1975"
"light-jaguar-xj-convertible-1991","سبک جگوار ایکس‌جی کروک 1991"
"light-audi-a8-2005","سبک آئودی ای 8 2005"
"light-mazda-b3000-2008","سبک مزدا بی 3000 2008"
"light-buick-lesabre-1979","سبک بیوک لسبر 1979"
"light-volkswagen-jetta-1994","سبک فولکس واگن جتا 1994"
"light-bmw-528i-2001","سبک بی‌ام‌دبلیو 528 ای 2001"
"light-kia-rio-2008","سبک کیا ریو 2008"
"light-chevrolet-venture-2005","سبک شورلت ونچر 2005"
"light-scion-tc-2008","سبک سایون تی‌سی 2008"
"light-buick-special-1965","سبک بیوک اسپشیال 1965"
"light-inroads-van-c35","سبک این‌رودز ون سی 35"
"light-bmw-528xi-2008","سبک بی‌ام‌دبلیو 528 ایکس‌آی 2008"
"light-ram-1500-2005","سبک رم 1500 2005"
"light-ford-f250-1978","سبک فورد اف 250 1978"
"light-acura-rsx-2006","سبک آکورا آر‌اس‌ایکس 2006"
"light-ford-mustang-2013","سبک فورد ماستانگ 2013"
"light-mazda-626","سبک مزدا 626"
"light-volvo-v40-2001","سبک ولوو وی 40 2001"
"light-volkswagen-passat-2007","سبک فولکس واگن پاسات 2007"
"light-nissan-200sx-1995","سبک نیسان 200 اس‌ایکس 1995"
"light-ford-thunderbird-1975","سبک فورد تاندر‌برد 1975"
"light-bmw-330ci-2003","سبک بی‌ام‌دبلیو 330 سی‌آی 2003"
"light-zamyad-padra-plus","سبک زامیاد پادرا پلاس"
"light-pontiac-bonneville-2004","سبک پونتیاک بانوویل 2004"
"light-toyota-tacoma-2008","سبک تویوتا تاکوما 2008"
"light-ford-taurus-2015","سبک فورد تورس 2015"
"light-toyota-scion-2004","سبک تویوتا سایون 2004"
"light-baic-u5-plus","سبک بایک یو 5 پلاس"
"light-honda-cr-v-2013","سبک هوندا سی ار وی 2013"
"light-infiniti-q45-1999","سبک اینفینیتی کیو 45 1999"
"light-chevrolet-tahoe-2004","سبک شورلت تاهو 2004"
"light-bmw-e53-2004","سبک بی‌ام‌دبلیو ای 53 2004"
"light-pontiac-vibe-2005","سبک پونتیاک وایب 2005"
"light-pontiac-transam-1990","سبک پونتیاک ترانس‌ام 1990"
"light-chevrolet-v10-1968","سبک شورلت وی 10 1968"
"light-mazda-mpv-1993","سبک مزدا ام‌پی‌وی 1993"
"light-chevrolet-montecarlo-2006","سبک شورلت مونت‌کارلو 2006"
"light-isuzu-ascender-2007","سبک ایسوزو اسندر 2007"
"light-suzuki-sx4-2007","سبک سوزوکی اس‌ایکس 4 2007"
"light-pontiac-grandam-1998","سبک پونتیاک گرند ام 1998"
"light-toyota-c-hr","سبک تویوتا سی اچ‌آر"
"light-kia-forte-2015","سبک کیا فورته 2015"
"light-chevrolet-el camino-1983","سبک شورلت ال camino 1983"
"light-buick-lesabre-1995","سبک بیوک لسبر 1995"
"light-bmw-e30-1991","سبک بی‌ام‌دبلیو ای 30 1991"
"light-porsche-911-1996","سبک پورشه 911 1996"
"light-audi-a6-2008","سبک آئودی ای 6 2008"
"light-cadillac-deville-1994","سبک کادیلاک دویل 1994"
"light-chevrolet-tracker-1996","سبک شورلت تراکِر 1996"
"light-cadillac-deville-1993","سبک کادیلاک دویل 1993"
"light-ford-f450-1989","سبک فورد اف 450 1989"
"light-saturn-outlook-2007","سبک ساترن آوتلوک 2007"
"light-opel-corsa","سبک اوپل کورسا"
"light-nissan-rogue-2009","سبک نیسان روگ 2009"
"light-dodge-cummins-1997","سبک دوج کامینز 1997"
"light-lexus-lx470-2001","سبک لکسوس ال‌ایکس 470 2001"
"light-porsche-911-2008","سبک پورشه 911 2008"
"light-pontiac-firebird-1977","سبک پونتیاک فایربرد 1977"
"light-dodge-intrepid-1995","سبک دوج اینترپید 1995"
"light-mercury-milan-2008","سبک مرکوری میلان 2008"
"light-chevrolet-chevelle-1968","سبک شورلت چول 1968"
"light-bmw-e36-1996","سبک بی‌ام‌دبلیو ای 36 1996"
"light-lexus-es350-2008","سبک لکسوس ای اس 350 2008"
"light-bmw-x5-2009","سبک بی‌ام‌دبلیو ایکس 5 2009"
"light-bmw-m3-2005","سبک بی‌ام‌دبلیو ام 3 2005"
"light-bmw-530xi-2007","سبک بی‌ام‌دبلیو 530 ایکس‌آی 2007"
"light-chevrolet-k20-1968","سبک شورلت کی 20 1968"
"light-zamyad-z-24-optional","سبک زامیاد زد 24 اختیاری"
"heavy-c-and-c","سنگین سی و سی"
"light-toyota-echo","سبک تویوتا اکو"
"light-volkswagen-bus-1962","سبک فولکس واگن اتوبوس 1962"
"light-mazda-b2200-1989","سبک مزدا بی 2200 1989"
"light-toyota-4runner-1997","سبک تویوتا 4 رانر 1997"
"light-chevrolet-nova-1998","سبک شورلت نوا 1998"
"light-ford-e150-2006","سبک فورد ای 150 2006"
"light-bmw-750i-2008","سبک بی‌ام‌دبلیو 750 ای 2008"
"light-audi-s4-2006","سبک آئودی اس 4 2006"
"light-bmw-x1","سبک بی‌ام‌دبلیو ایکس 1"
"light-mercedes benz-c230-1999","سبک مرسدس بنز سی 230 1999"
"light-honda-fit-2002","سبک هوندا فیت 2002"
"light-ford-falcon-1962","سبک فورد فالکون 1962"
"light-mercury-cyclone-1969","سبک مرکوری سایکلون 1969"
"light-mercedes-benz-gla-class","سبک مرسدس بنز جی‌ال‌ای کلاس"
"light-acura-integra-1988","سبک آکورا اینتگرا 1988"
"light-saturn-sl1-2002","سبک ساترن اس‌ال 1 2002"
"light-oldsmobile-starfire-1964","سبک اولدزموبیل استارفایر 1964"
"light-ford-f150-2008","سبک فورد اف 150 2008"
"light-ford-focus-2009","سبک فورد فوکوس 2009"
"light-mercedes benz-slk320-2002","سبک مرسدس بنز اس‌ال‌کی 320 2002"
"light-acura-tl-2005","سبک آکورا تی‌ال 2005"
"light-honda-prelude-1996","سبک هوندا پرلود 1996"
"light-honda-civic-1995","سبک هوندا سیویک 1995"
"light-lexus-gs300-2000","سبک لکسوس جی‌اس 300 2000"
"light-nissan-370z-2009","سبک نیسان 370 زد 2009"
"light-dodge-ram-2500-2009","سبک دوج رم 2500 2009"
"light-ram-1500-2016","سبک رم 1500 2016"
"light-dodge-d150-1977","سبک دوج دی 150 1977"
"light-buick-enclave-2010","سبک بیوک انکلیو 2010"
"light-chevrolet-tracker-1989","سبک شورلت تراکِر 1989"
"light-toyota-wildlander-luxury-plus","سبک تویوتا ویلد لندر لوکس پلاس"
"light-alfa romeo-spider-1986","سبک آلفا رومئو اسپایدر 1986"
"light-volkswagen-passat-wagon-2005","سبک فولکس واگن پاسات واگن 2005"
"light-honda-accord-1981","سبک هوندا آکورد 1981"
"light-gmc-yukon-2500-2008","سبک جی‌ام‌سی یوکون 2500 2008"
"light-ford-f150-1987","سبک فورد اف 150 1987"
"light-chevrolet-c10-1998","سبک شورلت سی 10 1998"
"light-dodge-ram-3500-2000","سبک دوج رم 3500 2000"
"light-audi-q7-2010","سبک آئودی کیو 7 2010"
"light-buick-regal-1977","سبک بیوک ریگال 1977"
"light-bmw-m3-1991","سبک بی‌ام‌دبلیو ام 3 1991"
"light-tigard-x35-prime","سبک تیگارد ایکس 35 پرایم"
"light-chevrolet-cheyenne-1989","سبک شورلت شاین 1989"
"light-dodge-ram-3500-2002","سبک دوج رم 3500 2002"
"light-cadillac-fleetwood-1996","سبک کادیلاک فلیت‌وود 1996"
"light-mercedes benz-ml320-2000","سبک مرسدس بنز ام‌ال 320 2000"
"light-honda-cr-v-2003","سبک هوندا سی ار وی 2003"
"light-ford-coupe-1947","سبک فورد کوپه 1947"
"light-nissan-pathfinder-1998","سبک نیسان پث‌فایندر 1998"
"light-ford-explorer-2010","سبک فورد اکسپلورر 2010"
"light-porsche-944-1986","سبک پورشه 944 1986"
"light-chevrolet-cobalt-2008","سبک شورلت کبالت 2008"
"light-nissan-titan-2009","سبک نیسان تایتان 2009"
"light-pontiac-sunbird-2004","سبک پونتیاک سان‌برد 2004"
"light-ford-e350-1991","سبک فورد ای 350 1991"
"light-chevrolet-malibu-1999","سبک شورلت مالیبو 1999"
"light-bmw-323i-1998","سبک بی‌ام‌دبلیو 323 ای 1998"
"light-gmc-k1500-1992","سبک جی‌ام‌سی کی 1500 1992"
"light-dodge-challenger-2013","سبک دوج چلنجر 2013"
"light-chevrolet-blazer-1983","سبک شورلت بلیزر 1983"
"light-jeep-cj7-1984","سبک جیپ سی‌جی 7 1984"
"light-rambler-rogue-1966","سبک رمبلر روگ 1966"
"light-toyota-venza-2013","سبک تویوتا ونزا 2013"
"light-toyota-avalon-2004","سبک تویوتا اوالون 2004"
"light-cadillac-sts-1996","سبک کادیلاک اس‌تی‌اس 1996"
"light-chevrolet-silverado-3500-1951","سبک شورلت سیلورادو 3500 1951"
"light-dodge-dart-2014","سبک دوج دارت 2014"
"light-ssangyong-musso","سبک سانگ‌یانگ موسو"
"light-mvm-x33","سبک ام‌وی‌ام ایکس 33"
"light-chevrolet-fleetline-1950","سبک شورلت فلیت‌لاین 1950"
"light-volkswagen-rabbit-2002","سبک فولکس واگن رابیت 2002"
"light-hyundai-azera-2010","سبک هیوندای آزرا 2010"
"light-mercury-monterey-1952","سبک مرکوری مانتری 1952"
"light-toyota-camry-2015","سبک تویوتا کمری 2015"
"light-mg-rx5","سبک ام‌جی آرایکس 5"
"light-ford-bronco-2000","سبک فورد برانکو 2000"
"light-honda-insight-2001","سبک هوندا اینسایت 2001"
"light-plymouth-duster-1970","سبک پلیموت داستر 1970"
"light-nissan-pathfinder-1993","سبک نیسان پث‌فایندر 1993"
"light-gmc-jimmy-1990","سبک جی‌ام‌سی جیمی 1990"
"light-morris-minor-1955","سبک موریس ماینور 1955"
"light-ford-f100-1981","سبک فورد اف 100 1981"
"light-dodge-neon-1996","سبک دوج نون 1996"
"light-volvo-xc90-2009","سبک ولوو ایکس‌سی 90 2009"
"light-chevrolet-g20-1995","سبک شورلت جی 20 1995"
"light-tiba-hatchback","سبک تیبا هاتچ‌بک"
"light-lincoln-mark-v-1978","سبک لینکلن مارک وی 1978"
"light-buick-verano-2014","سبک بیوک ورانو 2014"
"light-hyundai-azera-2014","سبک هیوندای آزرا 2014"
"light-lincoln-towncar-1990","سبک لینکلن تاون‌کار 1990"
"light-chevrolet-c-k2500-1999","سبک شورلت سی کی 2500 1999"
"light-toyota-avalon-2000","سبک تویوتا اوالون 2000"
"light-hyundai-accent-2015","سبک هیوندای اکسنت 2015"
"light-honda-prelude-2000","سبک هوندا پرلود 2000"
"light-chevrolet-prizm-1991","سبک شورلت پریزم 1991"
"light-ram-3500-2012","سبک رم 3500 2012"
"light-gmc-sierra-3500-2004","سبک جی‌ام‌سی سیرا 3500 2004"
"light-bmw-7-series","سبک بی‌ام‌دبلیو 7 سری"
"light-nissan-maxima-2011","سبک نیسان ماکسیما 2011"
"light-chevrolet-k10-1980","سبک شورلت کی 10 1980"
"light-toyota-pickup-1978","سبک تویوتا پیکاپ 1978"
"light-chrysler-300-2014","سبک کرایسلر 300 2014"
"light-oldsmobile-eightyeight-1966","سبک اولدزموبیل ایتیتیایت 1966"
"light-oldsmobile-eightyeight-1961","سبک اولدزموبیل ایتیتیایت 1961"
"light-bmw-128i-2011","سبک بی‌ام‌دبلیو 128 ای 2011"
"light-ford-woody-1936","سبک فورد وودی 1936"
"light-oldsmobile-bravada-1994","سبک اولدزموبیل براوادا 1994"
"light-mercedes benz-e63-2007","سبک مرسدس بنز ای 63 2007"
"light-ford-fusion-2011","سبک فورد فیوژن 2011"
"light-mercedes benz-gl450-2011","سبک مرسدس بنز جی‌ال 450 2011"
"light-bmw-645ci-2004","سبک بی‌ام‌دبلیو 645 سی‌آی 2004"
"light-volvo-245-1983","سبک ولوو 245 1983"
"light-subaru-tribeca-2012","سبک سوبارو تریبکا 2012"
"light-acura-rsx-2001","سبک آکورا آر‌اس‌ایکس 2001"
"light-isuzu-npr-2003","سبک ایسوزو ان‌پی‌آر 2003"
"light-gmc-sierra-3500-2003","سبک جی‌ام‌سی سیرا 3500 2003"
"light-nissan-qashqai-ir","سبک نیسان قشقایی ای ار"
"light-mazda-b2200-1990","سبک مزدا بی 2200 1990"
"light-ford-roadster-1931","سبک فورد رودستر 1931"
"light-volkswagen-bug-1976","سبک فولکس واگن بگ 1976"
"light-ford-expedition-2003","سبک فورد اکسپدیشن 2003"
"light-ford-fusion-2013","سبک فورد فیوژن 2013"
"light-toyota-t100-1998","سبک تویوتا تی 100 1998"
"light-dodge-intrepid-2001","سبک دوج اینترپید 2001"
"light-cadillac-srx-2009","سبک کادیلاک اس‌آر‌ایکس 2009"
"light-oldsmobile-achieva-1997","سبک اولدزموبیل آچیوا 1997"
"light-volvo-740-wagon-1991","سبک ولوو 740 واگن 1991"
"light-chevrolet-c10-1967","سبک شورلت سی 10 1967"
"light-cadillac-deville-2007","سبک کادیلاک دویل 2007"
"light-volkswagen-vanagon-1987","سبک فولکس واگن وناگون 1987"
"light-mercury-mystique-1997","سبک مرکوری میستیک 1997"
"light-chevrolet-lumina-1997","سبک شورلت لومینا 1997"
"light-volkswagen-gti-1986","سبک فولکس واگن جی‌تی‌آی 1986"
"light-mercury-topaz-1991","سبک مرکوری توپاز 1991"
"light-lexus-lx470-2004","سبک لکسوس ال‌ایکس 470 2004"
"light-mazda-rx7-1980","سبک مزدا آرایکس 7 1980"
"light-chevrolet-malibu-2001","سبک شورلت مالیبو 2001"
"light-chevrolet-el camino-1981","سبک شورلت ال camino 1981"
"light-kmc-eagle-ev","سبک کی‌ام‌سی ایگل الکتریکی"
"light-dodge-challenger-2012","سبک دوج چلنجر 2012"
"light-dodge-charger-2006","سبک دوج شارجر 2006"
"light-mercedes benz-c32-2003","سبک مرسدس بنز سی 32 2003"
"light-mazda-b2300-2004","سبک مزدا بی 2300 2004"
"light-chrysler-cordoba-1981","سبک کرایسلر کوردوبا 1981"
"light-ford-fusion-2010","سبک فورد فیوژن 2010"
"light-haima-s5","سبک هایما اس 5"
"light-volkswagen-bug-1957","سبک فولکس واگن بگ 1957"
"light-bmw-m3-1996","سبک بی‌ام‌دبلیو ام 3 1996"
"light-toyota-corolla-le-2011","سبک تویوتا کرولا ال‌ای 2011"
"light-nissan-murano-2012","سبک نیسان مورانو 2012"
"light-mercedes benz-ml500-2002","سبک مرسدس بنز ام‌ال 500 2002"
"light-jeep-wrangler-2005","سبک جیپ رنگلر 2005"
"light-oldsmobile-442-1969","سبک اولدزموبیل 442 1969"
"light-mercury-milan-2006","سبک مرکوری میلان 2006"
"light-jeep-wrangler-rubicon-2015","سبک جیپ رنگلر روبی‌کان 2015"
"light-nissan-nv200-2013","سبک نیسان ان وی 200 2013"
"light-saturn-ls-1998","سبک ساترن ال‌اس 1998"
"light-volkswagen-rabbit-2004","سبک فولکس واگن رابیت 2004"
"light-toyota-camry-xle-2008","سبک تویوتا کمری ایکس ال ای 2008"
"light-porsche-boxster-2001","سبک پورشه باکستر 2001"
"light-gmc-sierra-3500-1986","سبک جی‌ام‌سی سیرا 3500 1986"
"light-bradley-gt-1974","سبک برادلی جی‌تی 1974"
"light-dodge-ram-2500-1996","سبک دوج رم 2500 1996"
"light-chevrolet-silverado-2006","سبک شورلت سیلورادو 2006"
"light-ford-cabriolet-1936","سبک فورد کابریولت 1936"
"light-chevrolet-cavalier-1991","سبک شورلت کاوالیر 1991"
"light-volvo-960-1996","سبک ولوو 960 1996"
"light-ford-ranger-2000","سبک فورد رینجر 2000"
"light-chevrolet-chevelle-1971","سبک شورلت چول 1971"
"light-mazda-5-2007","سبک مزدا 5 2007"
"light-chevrolet-impala-1961","سبک شورلت ایمپالا 1961"
"light-great-wall-c30","سبک عظیم وال سی 30"
"light-mazda-323-1989","سبک مزدا 323 1989"
"light-irankhodro-van-ghazal","سبک ایران‌خودرو ون غزال"
"light-daewoo-nubira-2002","سبک دوو نوبیرا 2002"
"light-infiniti-m45-2006","سبک اینفینیتی ام 45 2006"
"light-chrysler-new yorker-1966","سبک کرایسلر جدید yorker 1966"
"light-bmw-328ic-2007","سبک بی‌ام‌دبلیو 328 آی‌سی 2007"
"light-bmw-3series-2011","سبک بی‌ام‌دبلیو 3 سری 2011"
"light-kia-optima-2007","سبک کیا اپتیما 2007"
"light-audi-s4-2010","سبک آئودی اس 4 2010"
"light-chevrolet-g10-1992","سبک شورلت جی 10 1992"
"light-jeep-wrangler-2013","سبک جیپ رنگلر 2013"
"light-ford-thunderbird-1996","سبک فورد تاندر‌برد 1996"
"light-ford-mustang-convertible-1989","سبک فورد ماستانگ کروک 1989"
"light-ford-fusion-2008","سبک فورد فیوژن 2008"
"light-suzuki-esteem-wagon-2000","سبک سوزوکی استیم واگن 2000"
"light-ford-bronco-1969","سبک فورد برانکو 1969"
"light-bmw-328i-2014","سبک بی‌ام‌دبلیو 328 ای 2014"
"light-mercedes benz-s320-1997","سبک مرسدس بنز اس 320 1997"
"light-dodge-ram-1500-2011","سبک دوج رم 1500 2011"
"light-subaru-legacy-1991","سبک سوبارو لگاسی 1991"
"light-jaguar-s-type-1982","سبک جگوار اس تایپ 1982"
"light-toyota-mr2-1994","سبک تویوتا ام آر 2 1994"
"light-toyota-fj40-1976","سبک تویوتا اف‌جی 40 1976"
"light-nissan-maxima-ir","سبک نیسان ماکسیما ای ار"
"light-chevrolet-blazer-1981","سبک شورلت بلیزر 1981"
"light-scion-xb-2005","سبک سایون ایکس‌بی 2005"
"light-honda-cr-v-2011","سبک هوندا سی ار وی 2011"
"light-bmw-x6-2012","سبک بی‌ام‌دبلیو ایکس 6 2012"
"light-ford-thunderbird-1997","سبک فورد تاندر‌برد 1997"
"light-dodge-challenger-2010","سبک دوج چلنجر 2010"
"light-chevrolet-cheyenne-1997","سبک شورلت شاین 1997"
"light-ford-super duty-1996","سبک فورد سوپر duty 1996"
"light-chevrolet-c-k3500-1997","سبک شورلت سی کی 3500 1997"
"light-volkswagen-vanagon-1983","سبک فولکس واگن وناگون 1983"
"light-buick-century-2003","سبک بیوک سنتوری 2003"
"light-ford-galaxie-1967","سبک فورد گالکسی 1967"
"light-fiat-spider-1980","سبک فیات اسپایدر 1980"
"light-dodge-charger-1977","سبک دوج شارجر 1977"
"light-chevrolet-impala-2001","سبک شورلت ایمپالا 2001"
"light-ford-mustang-1968","سبک فورد ماستانگ 1968"
"light-gmc-k2500-2012","سبک جی‌ام‌سی کی 2500 2012"
"light-saturn-sc1-1999","سبک ساترن اس‌سی 1 1999"
"light-bmw-x3-2006","سبک بی‌ام‌دبلیو ایکس 3 2006"
"light-volvo-c70-2009","سبک ولوو سی 70 2009"
"light-lexus-es300-1994","سبک لکسوس ای اس 300 1994"
"light-chevrolet-g20-1992","سبک شورلت جی 20 1992"
"light-cadillac-deville-2008","سبک کادیلاک دویل 2008"
"light-dodge-charger-1970","سبک دوج شارجر 1970"
"light-toyota-camry-solara-2002","سبک تویوتا کمری سولارا 2002"
"light-oldsmobile-cutlass-1964","سبک اولدزموبیل کاتلاس 1964"
"light-nissan-200sx-1998","سبک نیسان 200 اس‌ایکس 1998"
"light-pontiac-gto-1997","سبک پونتیاک جی‌تی‌او 1997"
"light-bmw-740i-2013","سبک بی‌ام‌دبلیو 740 ای 2013"
"light-saab-9-3-2005","سبک ساب 9 3 2005"
"light-cadillac-eldorado-1999","سبک کادیلاک الدورادو 1999"
"light-hyundai-sonata-2006","سبک هیوندای سوناتا 2006"
"light-amc-amx-1969","سبک ای‌ام‌سی ای‌ام‌ایکس 1969"
"light-ford-crown victoria-2009","سبک فورد کراون victoria 2009"
"light-dodge-challenger-2014","سبک دوج چلنجر 2014"
"light-lexus-is250-2007","سبک لکسوس ای اس 250 2007"
"light-chevrolet-camaro-1979","سبک شورلت کامارو 1979"
"light-saturn-l200-2002","سبک ساترن ال 200 2002"
"light-toyota-camry-le-2016","سبک تویوتا کمری ال‌ای 2016"
"light-toyota-celica-1992","سبک تویوتا سلیکا 1992"
"light-chevrolet-chevelle-1970","سبک شورلت چول 1970"
"light-volkswagen-bus-1955","سبک فولکس واگن اتوبوس 1955"
"light-buick-lesabre-2003","سبک بیوک لسبر 2003"
"light-nissan-altima-2006","سبک نیسان آلتیما 2006"
"light-mercury-tracer-1999","سبک مرکوری تریسر 1999"
"light-buick-rendezvous-2003","سبک بیوک رندزو 2003"
"light-toyota-tacoma-2000","سبک تویوتا تاکوما 2000"
"light-jeep-cherokee-2003","سبک جیپ چروکی 2003"
"light-dodge-intrepid-2004","سبک دوج اینترپید 2004"
"light-buick-skylark-1978","سبک بیوک اسکایلارک 1978"
"light-chevrolet-tahoe-2002","سبک شورلت تاهو 2002"
"light-mazda-cx5-2013","سبک مزدا سی‌ایکس 5 2013"
"light-ford-ranger-1986","سبک فورد رینجر 1986"
"light-renault-sandero","سبک رنو ساندرو"
"light-subaru-forester-2006","سبک سوبارو فورستر 2006"
"light-buick-apollo-1974","سبک بیوک آپولو 1974"
"light-honda-civic-1985","سبک هوندا سیویک 1985"
"light-hyundai-sonata-1999","سبک هیوندای سوناتا 1999"
"light-bmw-3series-1999","سبک بی‌ام‌دبلیو 3 سری 1999"
"light-toyota-frontlander-hybrid","سبک تویوتا فرانت‌لندر هیبرید"
"light-chrysler-pt cruiser-2005","سبک کرایسلر pt کروزر 2005"
"light-chevrolet-corvette-2010","سبک شورلت کوروت 2010"
"light-chevrolet-camaro-1971","سبک شورلت کامارو 1971"
"light-chevrolet-c-k2500-1996","سبک شورلت سی کی 2500 1996"
"light-oldsmobile-aurora-2003","سبک اولدزموبیل آرورا 2003"
"light-mercury-mystique-1999","سبک مرکوری میستیک 1999"
"light-volkswagen-dunebuggy-1970","سبک فولکس واگن دون‌باگی 1970"
"light-jeep-commander-1967","سبک جیپ کماندر 1967"
"light-ford-e150-1997","سبک فورد ای 150 1997"
"light-cadillac-sts-2011","سبک کادیلاک اس‌تی‌اس 2011"
"light-hyundai-veloster","سبک هیوندای ولستر"
"light-suzuki-vitara-2007","سبک سوزوکی ویتارا 2007"
"light-gmc-safari-1997","سبک جی‌ام‌سی سافاری 1997"
"light-oldsmobile-bravada-1988","سبک اولدزموبیل براوادا 1988"
"light-mercedes benz-ml500-2005","سبک مرسدس بنز ام‌ال 500 2005"
"light-mercedes benz-300d-1991","سبک مرسدس بنز 300 دی 1991"
"light-bmw-m5-2009","سبک بی‌ام‌دبلیو ام 5 2009"
"light-ford-e350-1996","سبک فورد ای 350 1996"
"light-chrysler-new yorker-1993","سبک کرایسلر جدید yorker 1993"
"light-subaru-legacy-2009","سبک سوبارو لگاسی 2009"
"light-mercury-villager-1994","سبک مرکوری ویلیجر 1994"
"light-ford-f100-1956","سبک فورد اف 100 1956"
"light-fiat-siena","سبک فیات سیِنا"
"light-volkswagen-passat","سبک فولکس واگن پاسات"
"light-saturn-sw2-2002","سبک ساترن اس‌دبلیو 2 2002"
"light-saturn-sc2-1995","سبک ساترن اس‌سی 2 1995"
"light-gmc-denali-2014","سبک جی‌ام‌سی دنالی 2014"
"light-toyota-camry-se-2006","سبک تویوتا کمری اس‌ای 2006"
"light-nissan-maxima-1989","سبک نیسان ماکسیما 1989"
"light-toyota-venza-2014","سبک تویوتا ونزا 2014"
"light-chevrolet-k10-1994","سبک شورلت کی 10 1994"
"light-kia-sorento","سبک کیا سورنتو"
"light-dodge-polara-1963","سبک دوج پولارا 1963"
"light-mercedes benz-s320-1999","سبک مرسدس بنز اس 320 1999"
"light-gmc-sonoma-1988","سبک جی‌ام‌سی سوناما 1988"
"light-pazhan-herour","سبک پژان هیرو"
"light-mini-cooper-2002","سبک مینی کوپر 2002"
"light-toyota-landcruiser-1965","سبک تویوتا لندکروز 1965"
"light-jeep-cj5-1976","سبک جیپ سی‌جی 5 1976"
"light-volvo-240-1993","سبک ولوو 240 1993"
"light-hyundai-accent-2001","سبک هیوندای اکسنت 2001"
"light-hyundai-entourage-2008","سبک هیوندای آنتوراج 2008"
"light-volkswagen-jetta-wagon-2002","سبک فولکس واگن جتا واگن 2002"
"light-chevrolet-c-k2500-1989","سبک شورلت سی کی 2500 1989"
"light-lincoln-continental-1960","سبک لینکلن کانتیننتال 1960"
"light-dodge-w250-1992","سبک دوج دبلیو 250 1992"
"light-pontiac-sunfire-2001","سبک پونتیاک سان‌فایر 2001"
"light-infiniti-q45-2002","سبک اینفینیتی کیو 45 2002"
"light-gmc-yukon-1500-2007","سبک جی‌ام‌سی یوکون 1500 2007"
"light-chevrolet-c-k3500-1999","سبک شورلت سی کی 3500 1999"
"light-jeep-wagoneer-1986","سبک جیپ واگنییر 1986"
"light-bmw-6-series-grancoupe","سبک بی‌ام‌دبلیو 6 سری گران‌کوپه"
"light-volkswagen-rabbit-2008","سبک فولکس واگن رابیت 2008"
"light-dodge-d100-1978","سبک دوج دی 100 1978"
"light-porsche-macan","سبک پورشه ماکان"
"light-audi-a6-2004","سبک آئودی ای 6 2004"
"light-volkswagen-beetle-1969","سبک فولکس واگن بیتل 1969"
"light-saturn-vue-2008","سبک ساترن ویو 2008"
"light-dodge-coronet-1957","سبک دوج کورونت 1957"
"light-infiniti-g20-1999","سبک اینفینیتی جی 20 1999"
"heavy-shacman","سنگین شاکمن"
"light-mazda-tribute-2002","سبک مزدا تریبیوت 2002"
"light-mercedes benz-s500-1994","سبک مرسدس بنز اس 500 1994"
"light-chevrolet-silverado-1992","سبک شورلت سیلورادو 1992"
"light-volkswagen-gti-1996","سبک فولکس واگن جی‌تی‌آی 1996"
"light-mercedes benz-cl500-2004","سبک مرسدس بنز سی‌ال 500 2004"
"light-chrysler-cirrus-1996","سبک کرایسلر سیرَس 1996"
"light-honda-civic-1996","سبک هوندا سیویک 1996"
"light-mercedes benz-c300-2012","سبک مرسدس بنز سی 300 2012"
"light-mercedes benz-e350-2016","سبک مرسدس بنز ای 350 2016"
"light-subaru-wrx-2015","سبک سوبارو دبلیو‌آر‌ایکس 2015"
"light-daihatsu-rocky-1990","سبک دایهاتسو راکی 1990"
"light-jeep-grand-wagoneer-1993","سبک جیپ گرند واگنییر 1993"
"light-saturn-sc2-1996","سبک ساترن اس‌سی 2 1996"
"light-mazda-mx3-1992","سبک مزدا ام ایکس 3 1992"
"light-gmc-sierra-2500-2008","سبک جی‌ام‌سی سیرا 2500 2008"
"light-amico-araz","سبک امیکو آراز"
"light-volvo-s80-2003","سبک ولوو اس 80 2003"
"light-toyota-landcruiser-1995","سبک تویوتا لندکروز 1995"
"light-gmc-suburban-1500-1959","سبک جی‌ام‌سی سابربن 1500 1959"
"light-chevrolet-suburban-1985","سبک شورلت سابربن 1985"
"light-hyundai-elantra-2009","سبک هیوندای الانترا 2009"
"light-lincoln-navigator-2008","سبک لینکلن نویگیتور 2008"
"light-chevrolet-trailblazer-2002","سبک شورلت تریل‌بلیزر 2002"
"light-ford-taurus-2005","سبک فورد تورس 2005"
"light-ford-f250-1985","سبک فورد اف 250 1985"
"light-bmw-m6-2010","سبک بی‌ام‌دبلیو ام 6 2010"
"light-jeep-j10-1981","سبک جیپ جی 10 1981"
"light-mini-resolute-edition","سبک مینی مصمم ادیشن"
"light-mercedes benz-sl560-1987","سبک مرسدس بنز اس‌ال 560 1987"
"light-chevrolet-s10-1992","سبک شورلت اس 10 1992"
"light-bmw-e36-1993","سبک بی‌ام‌دبلیو ای 36 1993"
"light-arisun-arisun-2","سبک آریسان آریسان 2"
"light-pontiac-sunbird-1991","سبک پونتیاک سان‌برد 1991"
"light-pontiac-g39-2009","سبک پونتیاک جی 39 2009"
"light-isuzu-npr-1996","سبک ایسوزو ان‌پی‌آر 1996"
"light-toyota-supra-1990","سبک تویوتا سوپرا 1990"
"light-mvm-550","سبک ام‌وی‌ام 550"
"light-hyundai-xg350-2004","سبک هیوندای ایکس‌جی 350 2004"
"light-ford-tempo-1992","سبک فورد تمپو 1992"
"light-mitsubishi-starion-1988","سبک میتسوبیشی استاریون 1988"
"light-infiniti-qx50-2010","سبک اینفینیتی کیو ایکس 50 2010"
"light-mitsubishi-montero-2006","سبک میتسوبیشی مونترو 2006"
"light-peugeot-roa","سبک پژو روآ"
"light-chevrolet-corvette-1988","سبک شورلت کوروت 1988"
"light-chevrolet-impala-1958","سبک شورلت ایمپالا 1958"
"light-pontiac-catalina-1966","سبک پونتیاک کاتالینا 1966"
"light-hyundai-scoupe","سبک هیوندای اسکوپه"
"light-mercedes benz-s500-2003","سبک مرسدس بنز اس 500 2003"
"light-volvo-v90-2004","سبک ولوو وی 90 2004"
"light-ford-windstar-1997","سبک فورد وینداستار 1997"
"light-gmc-jimmy-1987","سبک جی‌ام‌سی جیمی 1987"
"light-porsche-911-2000","سبک پورشه 911 2000"
"light-mercury-topaz-1989","سبک مرکوری توپاز 1989"
"light-mazda-5-2008","سبک مزدا 5 2008"
"light-toyota-landcruiser-1988","سبک تویوتا لندکروز 1988"
"light-chevrolet-silverado-1979","سبک شورلت سیلورادو 1979"
"light-lifan-520i","سبک لیفان 520 ای"
"light-chevrolet-210-1957","سبک شورلت 210 1957"
"light-subaru-forester-2012","سبک سوبارو فورستر 2012"
"light-chevrolet-apache-1957","سبک شورلت آپاش 1957"
"light-landrover-lr2-2010","سبک لندروور ال‌آر 2 2010"
"light-tigard-x35","سبک تیگارد ایکس 35"
"light-chevrolet-equinox-2007","سبک شورلت اکوینوکس 2007"
"light-mercedes benz-s600-2002","سبک مرسدس بنز اس 600 2002"
"light-volvo-vnl-2006","سبک ولوو وی‌ان‌ال 2006"
"light-toyota-corolla-2010","سبک تویوتا کرولا 2010"
"light-chevrolet-c60-1988","سبک شورلت سی 60 1988"
"light-subaru-wrx-2003","سبک سوبارو دبلیو‌آر‌ایکس 2003"
"light-suzuki-xl7-2003","سبک سوزوکی ایکس‌ال 7 2003"
"light-volvo-s60-2002","سبک ولوو اس 60 2002"
"light-dodge-neon-2005","سبک دوج نون 2005"
"light-buick-verano-2012","سبک بیوک ورانو 2012"
"light-nissan-350z-2007","سبک نیسان 350 زد 2007"
"light-honda-s2000-2008","سبک هوندا اس 2000 2008"
"light-brilliance-v5","سبک برلیانس وی 5"
"light-volvo-v70-2002","سبک ولوو وی 70 2002"
"light-chrysler-cirrus-1997","سبک کرایسلر سیرَس 1997"
"light-honda-accord-2015","سبک هوندا آکورد 2015"
"light-chevrolet-camaro-1999","سبک شورلت کامارو 1999"
"light-acura-rdx-2010","سبک آکورا آر‌دی‌ایکس 2010"
"light-subaru-outback-2007","سبک سوبارو آوت‌بک 2007"
"light-volkswagen-camper-1997","سبک فولکس واگن کمپر 1997"
"light-chevrolet-optra-2006","سبک شورلت اوپترا 2006"
"light-mercedes benz-ml320-2007","سبک مرسدس بنز ام‌ال 320 2007"
"light-lincoln-continental-1996","سبک لینکلن کانتیننتال 1996"
"light-acura-xl-1999","سبک آکورا ایکس‌ال 1999"
"light-bmw-m5-2002","سبک بی‌ام‌دبلیو ام 5 2002"
"light-toyota-4runner-2015","سبک تویوتا 4 رانر 2015"
"light-great-wall-van","سبک عظیم وال ون"
"light-volvo-xc60-2005","سبک ولوو ایکس‌سی 60 2005"
"light-ford-escape-2015","سبک فورد اسکیپ 2015"
"light-subaru-baja-2003","سبک سوبارو باها 2003"
"light-chrysler-300-1998","سبک کرایسلر 300 1998"
"light-saipa-shahin-gl","سبک سایپا شاهین جی‌ال"
"light-nissan-200sx-1997","سبک نیسان 200 اس‌ایکس 1997"
"light-jeep-sahra","سبک جیپ صحرا"
"light-audi-a6-2015","سبک آئودی ای 6 2015"
"light-gmc-k1500-1979","سبک جی‌ام‌سی کی 1500 1979"
"light-bmw-135i-2008","سبک بی‌ام‌دبلیو 135 ای 2008"
"light-suzuki-xl7-2005","سبک سوزوکی ایکس‌ال 7 2005"
"light-subaru-impreza-wagon-2008","سبک سوبارو ایمپرزا واگن 2008"
"light-kia-sorento-2014","سبک کیا سورنتو 2014"
"light-honda-fit-2010","سبک هوندا فیت 2010"
"light-ford-mustang-1967","سبک فورد ماستانگ 1967"
"light-ford-e150-1999","سبک فورد ای 150 1999"
"light-oldsmobile-442-1968","سبک اولدزموبیل 442 1968"
"light-volvo-s40-2009","سبک ولوو اس 40 2009"
"light-nissan-patrol-4-door","سبک نیسان پاترول 4 درب"
"light-audi-a3-2007","سبک آئودی ای 3 2007"
"light-toyota-sequoia-2014","سبک تویوتا سکویا 2014"
"light-chevrolet-el camino-1969","سبک شورلت ال camino 1969"
"light-geely-gc6","سبک جیلی جی 6"
"light-jeep-grand-cherokee-1995","سبک جیپ گرند چروکی 1995"
"light-cadillac-deville-1989","سبک کادیلاک دویل 1989"
"light-volkswagen-bug-1972","سبک فولکس واگن بگ 1972"
"light-lexus-is250-2010","سبک لکسوس ای اس 250 2010"
"light-toyota-camry-1998","سبک تویوتا کمری 1998"
"light-toyota-camry-se-2012","سبک تویوتا کمری اس‌ای 2012"
"light-honda-accord-1990","سبک هوندا آکورد 1990"
"light-ford-bronco-1986","سبک فورد برانکو 1986"
"light-dodge-cummins-2004","سبک دوج کامینز 2004"
"light-jeep-compass-2009","سبک جیپ کامپس 2009"
"light-renault-sepand","سبک رنو سپند"
"light-saturn-sl2-wagon-2000","سبک ساترن اس‌ال 2 واگن 2000"
"light-mazda-cx9-2011","سبک مزدا سی‌ایکس 9 2011"
"light-buick-terraza-2005","سبک بیوک ترازا 2005"
"light-gmc-yukon-1500-2015","سبک جی‌ام‌سی یوکون 1500 2015"
"light-mitsubishi-eclipse-1998","سبک میتسوبیشی اکلیپس 1998"
"light-daewoo-espero","سبک دوو اسپرو"
"light-buick-electra-1970","سبک بیوک الکترا 1970"
"light-volkswagen-jetta-1989","سبک فولکس واگن جتا 1989"
"light-eagle-talon-1998","سبک ایگل تلون 1998"
"light-acura-rsx-2005","سبک آکورا آر‌اس‌ایکس 2005"
"light-toyota-avalon-2010","سبک تویوتا اوالون 2010"
"light-ram-2500-2014","سبک رم 2500 2014"
"light-mazda-323-1991","سبک مزدا 323 1991"
"light-honda-accord-1995","سبک هوندا آکورد 1995"
"light-toyota-4runner-2013","سبک تویوتا 4 رانر 2013"
"light-chevrolet-c10-1981","سبک شورلت سی 10 1981"
"light-subaru-svx-1997","سبک سوبارو اس‌وی‌ایکس 1997"
"light-mazda-6-2011","سبک مزدا 6 2011"
"light-dodge-dart-1973","سبک دوج دارت 1973"
"light-kia-rio-ir","سبک کیا ریو ای ار"
"light-dodge-stratus-1998","سبک دوج استراتوس 1998"
"light-chevrolet-vega-1972","سبک شورلت وگا 1972"
"light-bmw-335i-2012","سبک بی‌ام‌دبلیو 335 ای 2012"
"light-mercedes benz-sl450-1973","سبک مرسدس بنز اس‌ال 450 1973"
"light-chevrolet-tahoe-2001","سبک شورلت تاهو 2001"
"light-chevrolet-blazer-2007","سبک شورلت بلیزر 2007"
"light-gmc-jimmy-2010","سبک جی‌ام‌سی جیمی 2010"
"light-gmc-yukon-1500-2014","سبک جی‌ام‌سی یوکون 1500 2014"
"light-dodge-nitro-2011","سبک دوج نیترو 2011"
"light-chevrolet-camaro-2002","سبک شورلت کامارو 2002"
"light-ford-f100-1978","سبک فورد اف 100 1978"
"light-kia-sportage-2000","سبک کیا اسپورتیج 2000"
"light-chevrolet-c-k2500-1993","سبک شورلت سی کی 2500 1993"
"light-dodge-grand caravan-1997","سبک دوج گرند caravan 1997"
"light-audi-tt-2016","سبک آئودی تی‌تی 2016"
"light-dodge-grand caravan-2010","سبک دوج گرند caravan 2010"
"light-toyota-highlander-2010","سبک تویوتا های‌لندر 2010"
"light-lexus-sc400-1997","سبک لکسوس اس‌سی 400 1997"
"light-gmc-acadia-2010","سبک جی‌ام‌سی آکادیا 2010"
"light-bmw-320i-1982","سبک بی‌ام‌دبلیو 320 ای 1982"
"light-nissan-sentra-1992","سبک نیسان سنترا 1992"
"light-chevrolet-el camino-1967","سبک شورلت ال camino 1967"
"light-bmw-5series-1999","سبک بی‌ام‌دبلیو 5 سری 1999"
"light-mitsubishi-montero-1998","سبک میتسوبیشی مونترو 1998"
"light-buick-verano-2013","سبک بیوک ورانو 2013"
"light-ford-pinto-1972","سبک فورد پینتو 1972"
"light-jaguar-xj-1974","سبک جگوار ایکس‌جی 1974"
"light-landrover-lr4-2010","سبک لندروور ال‌آر 4 2010"
"light-chevrolet-colorado-2004","سبک شورلت کلرادو 2004"
"light-infiniti-g37-2012","سبک اینفینیتی جی 37 2012"
"light-bmw-128i-2010","سبک بی‌ام‌دبلیو 128 ای 2010"
"light-chevrolet-caprice-1989","سبک شورلت کاپریس 1989"
"light-chevrolet-silverado-2011","سبک شورلت سیلورادو 2011"
"light-pontiac-firebird-1976","سبک پونتیاک فایربرد 1976"
"light-mazda-protege-1994","سبک مزدا پروتژه 1994"
"light-dodge-dart-1966","سبک دوج دارت 1966"
"light-gmc-sierra-1500-1978","سبک جی‌ام‌سی سیرا 1500 1978"
"light-mvm-110s","سبک ام‌وی‌ام 110 اس"
"light-infiniti-q45-1997","سبک اینفینیتی کیو 45 1997"
"light-landrover-rangerover-1991","سبک لندروور رِنج روور 1991"
"light-chevrolet-yukon-2001","سبک شورلت یوکون 2001"
"light-fownix-fx-ev","سبک فونییکس اف‌ایکس الکتریکی"
"light-honda-crx-1990","سبک هوندا سی‌آر‌ایکس 1990"
"light-daewoo-leganza-2002","سبک دوو لگانزا 2002"
"light-mercury-grandmarquis-2009","سبک مرکوری گرند مارکویس 2009"
"light-toyota-fj40-1967","سبک تویوتا اف‌جی 40 1967"
"light-lincoln-continental-1970","سبک لینکلن کانتیننتال 1970"
"light-dodge-w250-1990","سبک دوج دبلیو 250 1990"
"light-toyota-rav4-1996","سبک تویوتا راو 4 1996"
"light-kia-amanti-2005","سبک کیا آمانتی 2005"
"light-honda-civic-2007","سبک هوندا سیویک 2007"
"light-mercedes benz-c320-2006","سبک مرسدس بنز سی 320 2006"
"light-hyundai-sonata-2005","سبک هیوندای سوناتا 2005"
"light-ford-probe-1996","سبک فورد پروب 1996"
"light-mg-550","سبک ام‌جی 550"
"light-jeep-wagoneer-1997","سبک جیپ واگنییر 1997"
"light-chevrolet-express-2011","سبک شورلت اکسپرس 2011"
"light-volvo-xc90-2004","سبک ولوو ایکس‌سی 90 2004"
"light-chevrolet-caprice-1970","سبک شورلت کاپریس 1970"
"light-chevrolet-corvette-1964","سبک شورلت کوروت 1964"
"light-porsche-cayman-2009","سبک پورشه کایمن 2009"
"light-chrysler-sebring-1999","سبک کرایسلر سبرینگ 1999"
"light-lexus-gs350-2015","سبک لکسوس جی‌اس 350 2015"
"light-chevrolet-v10-2003","سبک شورلت وی 10 2003"
"light-baic-beijing-x7","سبک بایک پکن ایکس 7"
"light-toyota-previa-1996","سبک تویوتا پرویا 1996"
"light-bmw-635csi-1985","سبک بی‌ام‌دبلیو 635 سی‌اس‌آی 1985"
"light-dodge-charger-1990","سبک دوج شارجر 1990"
"light-mitsubishi-eclipse-2006","سبک میتسوبیشی اکلیپس 2006"
"light-chevrolet-el camino-1986","سبک شورلت ال camino 1986"
"light-toyota-mr2-1989","سبک تویوتا ام آر 2 1989"
"light-acura-rl-2009","سبک آکورا آر ال 2009"
"light-mercedes benz-s500-1993","سبک مرسدس بنز اس 500 1993"
"light-chevrolet-astro-2001","سبک شورلت آسترو 2001"
"light-cadillac-escalade-2008","سبک کادیلاک اسکالید 2008"
"light-acura-rsx-2004","سبک آکورا آر‌اس‌ایکس 2004"
"light-nissan-xterra-2000","سبک نیسان اکستررا 2000"
"light-infiniti-qx4-2003","سبک اینفینیتی کیو ایکس 4 2003"
"light-honda-civic-1986","سبک هوندا سیویک 1986"
"light-chevrolet-express-2005","سبک شورلت اکسپرس 2005"
"light-mitsubishi-lancer","سبک میتسوبیشی لنسر"
"light-chevrolet-tahoe-1994","سبک شورلت تاهو 1994"
"light-dodge-d100-1971","سبک دوج دی 100 1971"
"light-dodge-stratus-2012","سبک دوج استراتوس 2012"
"light-dodge-ram-2500-1994","سبک دوج رم 2500 1994"
"light-mercedes benz-e320-1996","سبک مرسدس بنز ای 320 1996"
"light-dodge-ram-1500-2005","سبک دوج رم 1500 2005"
"light-gmc-envoy-2014","سبک جی‌ام‌سی انوی 2014"
"light-ford-f350-2010","سبک فورد اف 350 2010"
"light-ford-fairlane-1969","سبک فورد فیرلین 1969"
"light-dodge-cummins-1999","سبک دوج کامینز 1999"
"light-ford-taurus-1995","سبک فورد تورس 1995"
"light-jaguar-xk-2007","سبک جگوار ایکس‌کی 2007"
"light-chevrolet-suburban-1999","سبک شورلت سابربن 1999"
"light-chevrolet-malibu-1969","سبک شورلت مالیبو 1969"
"light-dodge-durango-2013","سبک دوج دورانگو 2013"
"light-chevrolet-trailblazer-2004","سبک شورلت تریل‌بلیزر 2004"
"light-mitsubishi-eclipse-1991","سبک میتسوبیشی اکلیپس 1991"
"light-ford-f250-1967","سبک فورد اف 250 1967"
"light-subaru-legacy-1993","سبک سوبارو لگاسی 1993"
"light-bmw-x5-2011","سبک بی‌ام‌دبلیو ایکس 5 2011"
"light-bmw-525i-1991","سبک بی‌ام‌دبلیو 525 ای 1991"
"light-saturn-sc1-1998","سبک ساترن اس‌سی 1 1998"
"light-chevrolet-metro-1991","سبک شورلت مترو 1991"
"light-mercedes benz-gl450-2012","سبک مرسدس بنز جی‌ال 450 2012"
"light-ford-thunderbird-1964","سبک فورد تاندر‌برد 1964"
"light-nissan-720-1983","سبک نیسان 720 1983"
"light-mazda-626-1999","سبک مزدا 626 1999"
"light-chevrolet-c20-1972","سبک شورلت سی 20 1972"
"light-mercedes benz-s430-2005","سبک مرسدس بنز اس 430 2005"
"light-ford-ranger-1989","سبک فورد رینجر 1989"
"light-chevrolet-3600-1954","سبک شورلت 3600 1954"
"light-mitsubishi-eclipse-convertible-2001","سبک میتسوبیشی اکلیپس کروک 2001"
"light-jeep-cj5-1973","سبک جیپ سی‌جی 5 1973"
"light-lifan-820","سبک لیفان 820"
"light-infiniti-fx45-2003","سبک اینفینیتی اف‌ایکس 45 2003"
"light-acura-mdx-2003","سبک آکورا ام‌دی‌ایکس 2003"
"light-dodge-durango-2004","سبک دوج دورانگو 2004"
"light-mitsubishi-mighty max-1992","سبک میتسوبیشی mighty ماکس 1992"
"light-mercedes benz-se450-1975","سبک مرسدس بنز اس‌ای 450 1975"
"light-mazda-mx5-miata-2010","سبک مزدا ام ایکس 5 میاتا 2010"
"light-chrysler-town&country-2011","سبک کرایسلر town country 2011"
"light-nissan-240sx-1996","سبک نیسان 240 اس‌ایکس 1996"
"light-mercedes benz-slk230-2006","سبک مرسدس بنز اس‌ال‌کی 230 2006"
"light-lexus-lx470-2002","سبک لکسوس ال‌ایکس 470 2002"
"light-toyota-mr2-2000","سبک تویوتا ام آر 2 2000"
"light-dodge-journey-2006","سبک دوج جرنی 2006"
"light-buick-lesabre-1994","سبک بیوک لسبر 1994"
"light-pontiac-transam-1987","سبک پونتیاک ترانس‌ام 1987"
"light-oldsmobile-silhouette-1997","سبک اولدزموبیل سیلوئت 1997"
"light-suzuki-swift","سبک سوزوکی سوئیفت"
"light-buick-skylark-1975","سبک بیوک اسکایلارک 1975"
"light-gmc-sierra-3500-1995","سبک جی‌ام‌سی سیرا 3500 1995"
"light-ford-bronco-1976","سبک فورد برانکو 1976"
"light-dodge-dakota-1988","سبک دوج داکوتا 1988"
"light-chrysler-fifth avenue-1988","سبک کرایسلر fifth avenue 1988"
"light-mercedes benz-190d-1961","سبک مرسدس بنز 190 دی 1961"
"light-pontiac-grandam-1987","سبک پونتیاک گرند ام 1987"
"light-toyota-echo-2004","سبک تویوتا اکو 2004"
"light-saturn-ion-2004","سبک ساترن آیون 2004"
"light-acura-tsx-wagon-2011","سبک آکورا تی‌اس‌ایکس واگن 2011"
"light-volkswagen-bug-2002","سبک فولکس واگن بگ 2002"
"light-volkswagen-bug-1968","سبک فولکس واگن بگ 1968"
"light-isuzu-trooper-1995","سبک ایسوزو تروپر 1995"
"light-chevrolet-impala-2009","سبک شورلت ایمپالا 2009"
"light-chevrolet-malibu-2002","سبک شورلت مالیبو 2002"
"light-toyota-corolla-2005","سبک تویوتا کرولا 2005"
"light-mazda-3n-hatchback-ir","سبک مزدا 3 ان هاتچ‌بک ای ار"
"light-pontiac-grandprix-2006","سبک پونتیاک گرند پریکس 2006"
"light-kia-rio","سبک کیا ریو"
"light-volkswagen-beetle-1967","سبک فولکس واگن بیتل 1967"
"light-mercury-grandmarquis-2006","سبک مرکوری گرند مارکویس 2006"
"light-lincoln-towncar-2011","سبک لینکلن تاون‌کار 2011"
"light-nissan-maxima-1988","سبک نیسان ماکسیما 1988"
"light-dodge-dakota-1991","سبک دوج داکوتا 1991"
"light-toyota-sienna-2000","سبک تویوتا سیِنا 2000"
"light-volvo-xc70-2007","سبک ولوو ایکس‌سی 70 2007"
"light-hyundai-fx-coupe","سبک هیوندای اف‌ایکس کوپه"
"light-ford-ranger-1998","سبک فورد رینجر 1998"
"light-jeep-comanche-1988","سبک جیپ کُمانچی 1988"
"light-lincoln-mark-iv-1975","سبک لینکلن مارک آی‌وی 1975"
"light-bmw-525xi-2006","سبک بی‌ام‌دبلیو 525 ایکس‌آی 2006"
"light-oldsmobile-cutlass-1984","سبک اولدزموبیل کاتلاس 1984"
"light-cadillac-eldorado-1993","سبک کادیلاک الدورادو 1993"
"light-mercedes benz-e320-1991","سبک مرسدس بنز ای 320 1991"
"light-toyota-celica-1995","سبک تویوتا سلیکا 1995"
"light-bmw-525i-1993","سبک بی‌ام‌دبلیو 525 ای 1993"
"light-ford-ranchero-1977","سبک فورد رانچرو 1977"
"light-ford-e150-2001","سبک فورد ای 150 2001"
"light-chrysler-imperial-1968","سبک کرایسلر امپریال 1968"
"light-toyota-4runner-2012","سبک تویوتا 4 رانر 2012"
"light-ford-falcon-1963","سبک فورد فالکون 1963"
"light-chevrolet-nova-1969","سبک شورلت نوا 1969"
"light-ford-ranger-2002","سبک فورد رینجر 2002"
"light-chevrolet-sonic-2016","سبک شورلت سونیک 2016"
"light-hyundai-verna","سبک هیوندای ورنا"
"light-pontiac-fiero-1988","سبک پونتیاک فیرو 1988"
"light-dodge-grand caravan-2014","سبک دوج گرند caravan 2014"
"light-isuzu-amigo-1994","سبک ایسوزو آمیگو 1994"
"light-ford-taurus-1997","سبک فورد تورس 1997"
"light-mitsubishi-outlander-2006","سبک میتسوبیشی آوتلندر 2006"
"light-chevrolet-pickup-1946","سبک شورلت پیکاپ 1946"
"light-nissan-versa-2015","سبک نیسان ورسا 2015"
"light-ford-bronco-1988","سبک فورد برانکو 1988"
"light-pontiac-grandprix-1991","سبک پونتیاک گرند پریکس 1991"
"light-chrysler-town&country-2009","سبک کرایسلر town country 2009"
"light-chevrolet-c10-1954","سبک شورلت سی 10 1954"
"light-volvo-xc70-1999","سبک ولوو ایکس‌سی 70 1999"
"light-toyota-camry-xle-2007","سبک تویوتا کمری ایکس ال ای 2007"
"light-oldsmobile-eightyeight-1998","سبک اولدزموبیل ایتیتیایت 1998"
"light-chrysler-voyager-2001","سبک کرایسلر وویجر 2001"
"light-hyundai-excel-2011","سبک هیوندای اکسل 2011"
"light-hyundai-sonata-1995","سبک هیوندای سوناتا 1995"
"light-jeep-cj5-1971","سبک جیپ سی‌جی 5 1971"
"light-gmc-savana-2006","سبک جی‌ام‌سی ساوانا 2006"
"light-gmc-sierra-1500-2010","سبک جی‌ام‌سی سیرا 1500 2010"
"light-volkswagen-rabbit-1981","سبک فولکس واگن رابیت 1981"
"light-chevrolet-camaro-1968","سبک شورلت کامارو 1968"
"light-isuzu-trooper-1993","سبک ایسوزو تروپر 1993"
"light-daewoo-lanos-2002","سبک دوو لانس 2002"
"light-jeep-comanche-1991","سبک جیپ کُمانچی 1991"
"light-toyota-mr2-1991","سبک تویوتا ام آر 2 1991"
"light-volkswagen-golf-2012","سبک فولکس واگن گلف 2012"
"light-lincoln-mkx-2004","سبک لینکلن ام‌کی‌ایکس 2004"
"light-plymouth-sundance-1993","سبک پلیموت سان‌دَنس 1993"
"light-mitsubishi-endeavor-2008","سبک میتسوبیشی اندور 2008"
"light-mercedes benz-slk230-1997","سبک مرسدس بنز اس‌ال‌کی 230 1997"
"light-ford-mustang-1972","سبک فورد ماستانگ 1972"
"light-acura-vigor-1993","سبک آکورا ویگور 1993"
"light-mercedes benz-clk55-2001","سبک مرسدس بنز سی‌ال‌کا 55 2001"
"light-saab-9-2-2005","سبک ساب 9 2 2005"
"light-ford-escape-2011","سبک فورد اسکیپ 2011"
"light-mercury-mountaineer-1998","سبک مرکوری مونتینیر 1998"
"light-hummer-h1-1987","سبک هامر اچ 1 1987"
"light-plymouth-duster-1971","سبک پلیموت داستر 1971"
"light-gmc-k1500-1982","سبک جی‌ام‌سی کی 1500 1982"
"light-chevrolet-c10-1935","سبک شورلت سی 10 1935"
"light-chevrolet-blazer-1988","سبک شورلت بلیزر 1988"
"light-chevrolet-silverado-2010","سبک شورلت سیلورادو 2010"
"light-chevrolet-stylemaster-1948","سبک شورلت استایل‌مستر 1948"
"light-chevrolet-s10-1995","سبک شورلت اس 10 1995"
"light-bmw-750i-2010","سبک بی‌ام‌دبلیو 750 ای 2010"
"light-chevrolet-stepside-1977","سبک شورلت استپساید 1977"
"light-chrysler-200-2010","سبک کرایسلر 200 2010"
"light-ford-f100-1948","سبک فورد اف 100 1948"
"light-ford-super duty-2003","سبک فورد سوپر duty 2003"
"light-buick-regal-1979","سبک بیوک ریگال 1979"
"light-lexus-lx570-2015","سبک لکسوس ال‌ایکس 570 2015"
"light-honda-element-2003","سبک هوندا المنت 2003"
"light-volvo-c70-convertible-2004","سبک ولوو سی 70 کروک 2004"
"light-mercedes benz-e300-1992","سبک مرسدس بنز ای 300 1992"
"light-triumph-spitfire-1978","سبک تریومف اسپیت‌فایر 1978"
"light-ram-2500-2015","سبک رم 2500 2015"
"light-mini-cooper-countryman-2013","سبک مینی کوپر کانتری‌من 2013"
"light-lexus-nx200t-2015","سبک لکسوس ان‌ایکس 200 تی 2015"
"light-volkswagen-passat-wagon-2000","سبک فولکس واگن پاسات واگن 2000"
"light-lexus-rx300-2014","سبک لکسوس آرایکس 300 2014"
"light-nissan-titan-2012","سبک نیسان تایتان 2012"
"light-suzuki-esteem-2001","سبک سوزوکی استیم 2001"
"light-mercedes benz-e320-wagon-2003","سبک مرسدس بنز ای 320 واگن 2003"
"light-toyota-corolla-1996","سبک تویوتا کرولا 1996"
"light-subaru-wrx-2002","سبک سوبارو دبلیو‌آر‌ایکس 2002"
"light-volkswagen-passat-wagon-2008","سبک فولکس واگن پاسات واگن 2008"
"light-gmc-savana-2002","سبک جی‌ام‌سی ساوانا 2002"
"light-ford-f350-1989","سبک فورد اف 350 1989"
"light-plymouth-volare-1976","سبک پلیموت ولاره 1976"
"heavy-amico","سنگین امیکو"
"light-ford-crown victoria-1996","سبک فورد کراون victoria 1996"
"light-nissan-maxima-2002","سبک نیسان ماکسیما 2002"
"light-ford-e350-2009","سبک فورد ای 350 2009"
"light-nissan-350z-2008","سبک نیسان 350 زد 2008"
"light-toyota-corolla-1990","سبک تویوتا کرولا 1990"
"light-nissan-sentra-2007","سبک نیسان سنترا 2007"
"light-chevrolet-chevelle-1969","سبک شورلت چول 1969"
"light-fiat-spider-1969","سبک فیات اسپایدر 1969"
"light-bmw-528i-2000","سبک بی‌ام‌دبلیو 528 ای 2000"
"light-volvo-850-1995","سبک ولوو 850 1995"
"light-mercury-grandmarquis-1992","سبک مرکوری گرند مارکویس 1992"
"light-ford-mustang-1996","سبک فورد ماستانگ 1996"
"light-bmw-m6-2006","سبک بی‌ام‌دبلیو ام 6 2006"
"light-lexus-gx470-2006","سبک لکسوس جی‌ایکس 470 2006"
"light-mazda-mx5-miata-1996","سبک مزدا ام ایکس 5 میاتا 1996"
"light-plymouth-roadrunner-1978","سبک پلیموت رودرانر 1978"
"light-dodge-ramcharger-1985","سبک دوج رم‌چارجر 1985"
"light-pontiac-bonneville-1989","سبک پونتیاک بانوویل 1989"
"light-subaru-forester-2005","سبک سوبارو فورستر 2005"
"light-nissan-titan-2007","سبک نیسان تایتان 2007"
"light-buick-electra-1977","سبک بیوک الکترا 1977"
"light-infiniti-m35-2002","سبک اینفینیتی ام 35 2002"
"light-porsche-944-1988","سبک پورشه 944 1988"
"light-ram-2500-2016","سبک رم 2500 2016"
"light-haval-h6-hev","سبک هول اچ 6 هو"
"light-saturn-sl1-1995","سبک ساترن اس‌ال 1 1995"
"light-plymouth-sundance-1990","سبک پلیموت سان‌دَنس 1990"
"light-pontiac-grandam-1973","سبک پونتیاک گرند ام 1973"
"light-ford-mustang-gt-1996","سبک فورد ماستانگ جی‌تی 1996"
"light-hummer-h2-2004","سبک هامر اچ 2 2004"
"light-chevrolet-avalanche-2010","سبک شورلت آوالانچ 2010"
"light-subaru-wrx-2010","سبک سوبارو دبلیو‌آر‌ایکس 2010"
"light-dodge-ram-3500-1995","سبک دوج رم 3500 1995"
"light-volkswagen-jetta-vs7","سبک فولکس واگن جتا وی‌اس 7"
"light-mazda-2-2014","سبک مزدا 2 2014"
"light-gmc-sonoma-2002","سبک جی‌ام‌سی سوناما 2002"
"light-dodge-neon-2001","سبک دوج نون 2001"
"light-ford-lincoln-2006","سبک فورد لینکلن 2006"
"light-scion-tc-2009","سبک سایون تی‌سی 2009"
"light-dodge-challenger-1970","سبک دوج چلنجر 1970"
"light-pontiac-gto-1969","سبک پونتیاک جی‌تی‌او 1969"
"light-nissan-720-1986","سبک نیسان 720 1986"
"light-chevrolet-el camino-1965","سبک شورلت ال camino 1965"
"light-acura-mdx-2001","سبک آکورا ام‌دی‌ایکس 2001"
"light-chevrolet-trailblazer-2001","سبک شورلت تریل‌بلیزر 2001"
"light-mazda-6-wagon-2004","سبک مزدا 6 واگن 2004"
"light-buick-parkavenue-2002","سبک بیوک پارک اونیو 2002"
"light-toyota-celica-2000","سبک تویوتا سلیکا 2000"
"light-bmw-135i-convertible-2010","سبک بی‌ام‌دبلیو 135 ای کروک 2010"
"light-oldsmobile-ninetyeight-1940","سبک اولدزموبیل ناین‌تی‌اییت 1940"
"light-nissan-quest-2007","سبک نیسان کوئست 2007"
"light-mercedes benz-s430-2002","سبک مرسدس بنز اس 430 2002"
"light-toyota-matrix-2004","سبک تویوتا ماتریکس 2004"
"light-mazda-mpv-1990","سبک مزدا ام‌پی‌وی 1990"
"light-oldsmobile-alero-2004","سبک اولدزموبیل الرو 2004"
"light-buick-skylark-1992","سبک بیوک اسکایلارک 1992"
"light-ford-mustang-gt-1998","سبک فورد ماستانگ جی‌تی 1998"
"light-dodge-journey-2008","سبک دوج جرنی 2008"
"light-pontiac-grandprix-1970","سبک پونتیاک گرند پریکس 1970"
"light-buick-lucerne-2009","سبک بیوک لوسرن 2009"
"light-fidelity-fidelity-prestige","سبک فیدیلیتی فیدیلیتی پرستیژ"
"light-volvo-c70-convertible-2007","سبک ولوو سی 70 کروک 2007"
"light-nissan-quest-2004","سبک نیسان کوئست 2004"
"light-chevrolet-suburban-2000","سبک شورلت سابربن 2000"
"light-mercedes benz-cls550-2012","سبک مرسدس بنز سی‌ال‌اس 550 2012"
"light-ford-f150-1995","سبک فورد اف 150 1995"
"light-volkswagen-beetle-2011","سبک فولکس واگن بیتل 2011"
"light-toyota-avalon-1997","سبک تویوتا اوالون 1997"
"light-acura-rsx-2000","سبک آکورا آر‌اس‌ایکس 2000"
"light-chrysler-300-2007","سبک کرایسلر 300 2007"
"light-bmw-535i-1992","سبک بی‌ام‌دبلیو 535 ای 1992"
"light-oldsmobile-eightyeight-1955","سبک اولدزموبیل ایتیتیایت 1955"
"light-chevrolet-c-k2500-1995","سبک شورلت سی کی 2500 1995"
"light-nissan-sentra-2013","سبک نیسان سنترا 2013"
"light-mazda-b2500-2001","سبک مزدا بی 2500 2001"
"light-dodge-journey-2009","سبک دوج جرنی 2009"
"light-chevrolet-corvette-2005","سبک شورلت کوروت 2005"
"light-dodge-ram-3500-1997","سبک دوج رم 3500 1997"
"light-mazda-b3000-2003","سبک مزدا بی 3000 2003"
"light-toyota-corolla-s-2005","سبک تویوتا کرولا اس 2005"
"light-dodge-shadow-1989","سبک دوج شدو 1989"
"light-mercedes benz-cl600-2006","سبک مرسدس بنز سی‌ال 600 2006"
"light-smart-forfour","سبک اسمارت فورفور"
"light-lexus-es300-2005","سبک لکسوس ای اس 300 2005"
"light-bmw-740i-2002","سبک بی‌ام‌دبلیو 740 ای 2002"
"light-chevrolet-silverado-3500-1996","سبک شورلت سیلورادو 3500 1996"
"light-saturn-vue-2007","سبک ساترن ویو 2007"
"light-mercedes benz-c320-2002","سبک مرسدس بنز سی 320 2002"
"light-ford-f250-1989","سبک فورد اف 250 1989"
"light-toyota-paseo-1997","سبک تویوتا پاسئو 1997"
"light-chevrolet-ssr-2006","سبک شورلت اس‌اس‌آر 2006"
"light-runna-plus","سبک رونا پلاس"
"light-mazda-navajo-1994","سبک مزدا ناواجو 1994"
"light-jaguar-xf-2013","سبک جگوار ایکس اف 2013"
"light-new-mini-bus","سبک جدید مینی اتوبوس"
"light-dodge-magnum-1978","سبک دوج مگنوم 1978"
"light-mercury-cougar-1968","سبک مرکوری کوگار 1968"
"light-hyundai-accent-2007","سبک هیوندای اکسنت 2007"
"light-volkswagen-jetta-1986","سبک فولکس واگن جتا 1986"
"light-gmc-sierra-2500-2010","سبک جی‌ام‌سی سیرا 2500 2010"
"light-rigan-coupa","سبک ریگان کوپا"
"light-mercedes benz-s500-1995","سبک مرسدس بنز اس 500 1995"
"light-chevrolet-c-k3500-1995","سبک شورلت سی کی 3500 1995"
"light-chevrolet-cavalier-1988","سبک شورلت کاوالیر 1988"
"light-toyota-tundra-1999","سبک تویوتا تاندرا 1999"
"light-porsche-cayenne-2005","سبک پورشه کایین 2005"
"light-honda-accord-2 door-2013","سبک هوندا آکورد 2 درب 2013"
"light-chevrolet-silverado-1987","سبک شورلت سیلورادو 1987"
"light-ford-freestar-2002","سبک فورد فری‌استار 2002"
"light-nissan-versa-2007","سبک نیسان ورسا 2007"
"light-chevrolet-silverado-1997","سبک شورلت سیلورادو 1997"
"light-gmc-savana-2500-2004","سبک جی‌ام‌سی ساوانا 2500 2004"
"light-honda-civic-hatchback-1993","سبک هوندا سیویک هاتچ‌بک 1993"
"light-bmw-733i-1979","سبک بی‌ام‌دبلیو 733 ای 1979"
"light-volkswagen-jetta","سبک فولکس واگن جتا"
"light-sinad","سبک سیناد"
"light-chevrolet-malibu-1975","سبک شورلت مالیبو 1975"
"light-bmw-328i-2006","سبک بی‌ام‌دبلیو 328 ای 2006"
"light-mercedes-benz-van-mb140","سبک مرسدس بنز ون ام بی 140"
"light-samand-x7","سبک سمند ایکس 7"
"light-pontiac-chieftain-1978","سبک پونتیاک چیفتین 1978"
"light-toyota-tercel-1996","سبک تویوتا ترسل 1996"
"light-toyota-paseo-1993","سبک تویوتا پاسئو 1993"
"light-cadillac-deville-1991","سبک کادیلاک دویل 1991"
"light-toyota-pickup-1992","سبک تویوتا پیکاپ 1992"
"light-mercedes benz-cl500-2003","سبک مرسدس بنز سی‌ال 500 2003"
"light-chevrolet-ssr-2005","سبک شورلت اس‌اس‌آر 2005"
"light-toyota-prius-2008","سبک تویوتا پریوس 2008"
"light-chevrolet-el camino-1971","سبک شورلت ال camino 1971"
"light-kia-k3","سبک کیا کی 3"
"light-isuzu-rodeo-1998","سبک ایسوزو رودئو 1998"
"light-mercedes benz-c300-2009","سبک مرسدس بنز سی 300 2009"
"light-honda-civic-coupe-2010","سبک هوندا سیویک کوپه 2010"
"light-nissan-sentra-2009","سبک نیسان سنترا 2009"
"light-gmc-c6500-1985","سبک جی‌ام‌سی سی 6500 1985"
"light-chevrolet-deluxe-1949","سبک شورلت دلوکس 1949"
"light-cadillac-fleetwood-1998","سبک کادیلاک فلیت‌وود 1998"
"light-chevrolet-suburban-1972","سبک شورلت سابربن 1972"
"light-suzuki-grand-vitara-2002","سبک سوزوکی گرند ویتارا 2002"
"light-hyundai-xg300-2000","سبک هیوندای ایکس‌جی 300 2000"
"light-audi-a8-2003","سبک آئودی ای 8 2003"
"light-dodge-challenger-1972","سبک دوج چلنجر 1972"
"light-dodge-d100-1939","سبک دوج دی 100 1939"
"light-hyundai-elantra-2015","سبک هیوندای الانترا 2015"
"heavy-aria-diesel","سنگین آریا دیزل"
"light-lincoln-towncar-2001","سبک لینکلن تاون‌کار 2001"
"light-cadillac-eldorado-1971","سبک کادیلاک الدورادو 1971"
"light-ford-f250-1987","سبک فورد اف 250 1987"
"light-lexus-ls460-2010","سبک لکسوس ال‌اس 460 2010"
"light-ford-thunderbird-2005","سبک فورد تاندر‌برد 2005"
"light-bmw-328i-2009","سبک بی‌ام‌دبلیو 328 ای 2009"
"light-ford-e350-2001","سبک فورد ای 350 2001"
"light-lincoln-mark-iv-1973","سبک لینکلن مارک آی‌وی 1973"
"light-mazda-protege-1998","سبک مزدا پروتژه 1998"
"light-gmc-sierra-3500-1978","سبک جی‌ام‌سی سیرا 3500 1978"
"light-jeep-wrangler-rubicon-2005","سبک جیپ رنگلر روبی‌کان 2005"
"light-oldsmobile-cutlass-1996","سبک اولدزموبیل کاتلاس 1996"
"light-bmw-535i-2001","سبک بی‌ام‌دبلیو 535 ای 2001"
"light-chrysler-lebaron-1988","سبک کرایسلر لبران 1988"
"light-landrover-lr4-2007","سبک لندروور ال‌آر 4 2007"
"light-mercedes benz-s550-2007","سبک مرسدس بنز اس 550 2007"
"light-lincoln-continental-1973","سبک لینکلن کانتیننتال 1973"
"light-ford-powerstroke-2003","سبک فورد پاوراستروک 2003"
"light-mvm-x33s","سبک ام‌وی‌ام ایکس 33 اس"
"light-ford-taurus-wagon-1993","سبک فورد تورس واگن 1993"
"light-lexus-es350-2013","سبک لکسوس ای اس 350 2013"
"light-toyota-matrix-2006","سبک تویوتا ماتریکس 2006"
"light-toyota-avalon-1999","سبک تویوتا اوالون 1999"
"light-mercedes benz-c280-1995","سبک مرسدس بنز سی 280 1995"
"light-volkswagen-golf-2013","سبک فولکس واگن گلف 2013"
"light-chevrolet-classic-1979","سبک شورلت کلاسیک 1979"
"light-smart-fortwo-2011","سبک اسمارت فورتو 2011"
"light-toyota-prius-2001","سبک تویوتا پریوس 2001"
"light-chevrolet-s10-1991","سبک شورلت اس 10 1991"
"light-chevrolet-corvette-1997","سبک شورلت کوروت 1997"
"light-mitsubishi-montero-1997","سبک میتسوبیشی مونترو 1997"
"light-mercedes benz-sl600-2006","سبک مرسدس بنز اس‌ال 600 2006"
"light-infiniti-qx4-2000","سبک اینفینیتی کیو ایکس 4 2000"
"light-ford-taurus-1998","سبک فورد تورس 1998"
"light-chevrolet-camaro-1993","سبک شورلت کامارو 1993"
"light-toyota-camry-le-1992","سبک تویوتا کمری ال‌ای 1992"
"light-hyundai-accent-2003","سبک هیوندای اکسنت 2003"
"light-chevrolet-caprice-1994","سبک شورلت کاپریس 1994"
"light-toyota-landcruiser-1986","سبک تویوتا لندکروز 1986"
"light-honda-passport-1997","سبک هوندا پاسپورت 1997"
"light-mercedes benz-e300-1991","سبک مرسدس بنز ای 300 1991"
"light-smart-fortwo-2009","سبک اسمارت فورتو 2009"
"light-toyota-sequoia-2011","سبک تویوتا سکویا 2011"
"light-gmc-sierra-1500-2011","سبک جی‌ام‌سی سیرا 1500 2011"
"light-volkswagen-bug-1967","سبک فولکس واگن بگ 1967"
"light-mercedes benz-sl450-1980","سبک مرسدس بنز اس‌ال 450 1980"
"light-ford-aerostar-1996","سبک فورد ایرواستار 1996"
"light-subaru-forester-2007","سبک سوبارو فورستر 2007"
"light-gmc-suburban-1500-2001","سبک جی‌ام‌سی سابربن 1500 2001"
"light-holden-commodore-2004","سبک هولدن کومودور 2004"
"light-ford-f250-1955","سبک فورد اف 250 1955"
"light-pontiac-grandprix-1996","سبک پونتیاک گرند پریکس 1996"
"light-kia-sephia-1997","سبک کیا سفیا 1997"
"light-chevrolet-impala-2011","سبک شورلت ایمپالا 2011"
"light-volkswagen-cc-2009","سبک فولکس واگن سی‌سی 2009"
"light-dodge-caliber-2006","سبک دوج کالیبر 2006"
"light-nissan-altima-1999","سبک نیسان آلتیما 1999"
"light-lincoln-towncar-2009","سبک لینکلن تاون‌کار 2009"
"light-gmc-sierra-1500-1996","سبک جی‌ام‌سی سیرا 1500 1996"
"light-bmw-745i-2003","سبک بی‌ام‌دبلیو 745 ای 2003"
"light-chrysler-new yorker-1955","سبک کرایسلر جدید yorker 1955"
"light-chevrolet-suburban-2007","سبک شورلت سابربن 2007"
"light-acura-integra-1992","سبک آکورا اینتگرا 1992"
"light-hyundai-xg350-2003","سبک هیوندای ایکس‌جی 350 2003"
"light-audi-s5-2011","سبک آئودی اس 5 2011"
"light-lexus-is250-2001","سبک لکسوس ای اس 250 2001"
"light-chevrolet-silverado-2001","سبک شورلت سیلورادو 2001"
"light-bmw-m3-2010","سبک بی‌ام‌دبلیو ام 3 2010"
"light-citroen-new-c5","سبک سیتروئن جدید سی 5"
"light-audi-tt","سبک آئودی تی‌تی"
"light-mercedes benz-ml350-2004","سبک مرسدس بنز ام‌ال 350 2004"
"light-kia-spectra-1999","سبک کیا اسپکترا 1999"
"light-porsche-911-2001","سبک پورشه 911 2001"
"light-lexus-lx570-2011","سبک لکسوس ال‌ایکس 570 2011"
"light-mitsubishi-fuso-1998","سبک میتسوبیشی فوسو 1998"
"light-chevrolet-equinox-2014","سبک شورلت اکوینوکس 2014"
"light-toyota-van-1987","سبک تویوتا ون 1987"
"light-scion-tc-2010","سبک سایون تی‌سی 2010"
"light-ford-f350-1988","سبک فورد اف 350 1988"
"light-jeep-wrangler-2012","سبک جیپ رنگلر 2012"
"light-ford-f250-1998","سبک فورد اف 250 1998"
"light-gmc-suburban-2500-1987","سبک جی‌ام‌سی سابربن 2500 1987"
"light-oldsmobile-aurora-1995","سبک اولدزموبیل آرورا 1995"
"light-jaguar-x-type-2007","سبک جگوار ایکس تایپ 2007"
"light-ford-f100-1953","سبک فورد اف 100 1953"
"light-nissan-pathfinder-2013","سبک نیسان پث‌فایندر 2013"
"light-chevrolet-silverado-1989","سبک شورلت سیلورادو 1989"
"light-toyota-tundra-2010","سبک تویوتا تاندرا 2010"
"light-plymouth-acclaim-1995","سبک پلیموت اکلیم 1995"
"light-dodge-durango-2006","سبک دوج دورانگو 2006"
"light-dodge-dart-1969","سبک دوج دارت 1969"
"light-chevrolet-malibu-2013","سبک شورلت مالیبو 2013"
"light-mercury-villager-1998","سبک مرکوری ویلیجر 1998"
"light-dodge-avenger-2013","سبک دوج اونجر 2013"
"light-nissan-rogue-2008","سبک نیسان روگ 2008"
"light-chevrolet-k10-1973","سبک شورلت کی 10 1973"
"light-dodge-aspen-1980","سبک دوج اسپن 1980"
"light-paykan-petrol","سبک پیکان بنزینی"
"light-porsche-914-1972","سبک پورشه 914 1972"
"light-chevrolet-c-k1500-1994","سبک شورلت سی کی 1500 1994"
"light-mercedes benz-clk320-2005","سبک مرسدس بنز سی‌ال‌کا 320 2005"
"light-gmc-jimmy-1984","سبک جی‌ام‌سی جیمی 1984"
"light-ford-escort-2000","سبک فورد اسکورت 2000"
"light-ford-e350-2005","سبک فورد ای 350 2005"
"light-gmc-denali-2002","سبک جی‌ام‌سی دنالی 2002"
"light-gmc-sierra-1500-1988","سبک جی‌ام‌سی سیرا 1500 1988"
"light-toyota-camry-1993","سبک تویوتا کمری 1993"
"light-dignity-prime","سبک وقار پرایم"
"light-toyota-camry-le-2011","سبک تویوتا کمری ال‌ای 2011"
"light-plymouth-barracuda-1967","سبک پلیموت باراکودا 1967"
"light-chevrolet-astro-1992","سبک شورلت آسترو 1992"
"light-lexus-gs400-1998","سبک لکسوس جی‌اس 400 1998"
"light-mazda-3-hatchback-2010","سبک مزدا 3 هاتچ‌بک 2010"
"light-pontiac-firebird-1967","سبک پونتیاک فایربرد 1967"
"light-brilliance-h220","سبک برلیانس اچ 220"
"light-volvo-145-wagon-1971","سبک ولوو 145 واگن 1971"
"light-chevrolet-hhr-2009","سبک شورلت اچ‌اچ‌آر 2009"
"light-toyota-prado-4door","سبک تویوتا پرادو 4 درب"
"light-infiniti-j30-1998","سبک اینفینیتی جی 30 1998"
"light-volkswagen-jetta-1995","سبک فولکس واگن جتا 1995"
"light-volkswagen-golf-1991","سبک فولکس واگن گلف 1991"
"light-mitsubishi-montero-1986","سبک میتسوبیشی مونترو 1986"
"light-dodge-viper-2006","سبک دوج وایپر 2006"
"light-oldsmobile-intrigue-2002","سبک اولدزموبیل اینتریگ 2002"
"light-ford-escape-2004","سبک فورد اسکیپ 2004"
"light-lincoln-continental-1976","سبک لینکلن کانتیننتال 1976"
"light-toyota-tundra-2004","سبک تویوتا تاندرا 2004"
"light-saturn-view-2006","سبک ساترن ویو 2006"
"light-hummer-h2-2006","سبک هامر اچ 2 2006"
"light-nissan-altima-2016","سبک نیسان آلتیما 2016"
"light-maserati-tc-1990","سبک مازراتی تی‌سی 1990"
"light-cadillac-deville-1987","سبک کادیلاک دویل 1987"
"light-audi-a7-2011","سبک آئودی ای 7 2011"
"light-pontiac-sunbird-1994","سبک پونتیاک سان‌برد 1994"
"light-acura-integra-1990","سبک آکورا اینتگرا 1990"
"light-ford-excursion-2010","سبک فورد اکسکرژن 2010"
"light-saturn-sc2-2001","سبک ساترن اس‌سی 2 2001"
"light-nissan-hardbody-1995","سبک نیسان هارد‌بادی 1995"
"light-volvo-240-2005","سبک ولوو 240 2005"
"light-chevrolet-corvette-1985","سبک شورلت کوروت 1985"
"light-mercedes benz-s500-2004","سبک مرسدس بنز اس 500 2004"
"light-nissan-versa-2000","سبک نیسان ورسا 2000"
"light-hyundai-azera-2008","سبک هیوندای آزرا 2008"
"light-mercury-marauder-2003","سبک مرکوری مارودر 2003"
"light-mercedes benz-e320-wagon-2005","سبک مرسدس بنز ای 320 واگن 2005"
"light-ford-e350-1988","سبک فورد ای 350 1988"
"light-volkswagen-jetta-2014","سبک فولکس واگن جتا 2014"
"light-porsche-924-1977","سبک پورشه 924 1977"
"light-bmw-i3-2014","سبک بی‌ام‌دبلیو ای 3 2014"
"light-mercury-mountaineer-2000","سبک مرکوری مونتینیر 2000"
"light-lincoln-towncar-1988","سبک لینکلن تاون‌کار 1988"
"light-saturn-sl2-2001","سبک ساترن اس‌ال 2 2001"
"light-dodge-w350-1984","سبک دوج دبلیو 350 1984"
"light-pontiac-g6-2010","سبک پونتیاک جی 6 2010"
"light-oldsmobile-ninetyeight-1988","سبک اولدزموبیل ناین‌تی‌اییت 1988"
"light-lexus-is300-2005","سبک لکسوس ای اس 300 2005"
"light-ford-mustang-1995","سبک فورد ماستانگ 1995"
"light-mercedes benz-gl550-2008","سبک مرسدس بنز جی‌ال 550 2008"
"light-mercedes benz-gl350-2010","سبک مرسدس بنز جی‌ال 350 2010"
"light-nissan-murano-2016","سبک نیسان مورانو 2016"
"light-mvm-x55","سبک ام‌وی‌ام ایکس 55"
"light-suzuki-aerio-2005","سبک سوزوکی آریو 2005"
"light-chevrolet-c10-1966","سبک شورلت سی 10 1966"
"light-pontiac-catalina-1979","سبک پونتیاک کاتالینا 1979"
"light-lexus-ls400-1993","سبک لکسوس ال‌اس 400 1993"
"light-toyota-cressida-1990","سبک تویوتا کرسیدا 1990"
"light-bmw-325i-1994","سبک بی‌ام‌دبلیو 325 ای 1994"
"light-saturn-sc2-2000","سبک ساترن اس‌سی 2 2000"
"light-mazda-b2300-2003","سبک مزدا بی 2300 2003"
"light-ford-mustang-convertible-2000","سبک فورد ماستانگ کروک 2000"
"light-buick-riviera-1990","سبک بیوک ریویرا 1990"
"light-chevrolet-tracker-2003","سبک شورلت تراکِر 2003"
"light-ford-mustang-gt-1988","سبک فورد ماستانگ جی‌تی 1988"
"light-chrysler-sebring-2010","سبک کرایسلر سبرینگ 2010"
"light-lexus-es330-2002","سبک لکسوس ای اس 330 2002"
"light-lexus-es350-2005","سبک لکسوس ای اس 350 2005"
"light-lexus-is350-2006","سبک لکسوس ای اس 350 2006"
"light-subaru-impreza-1995","سبک سوبارو ایمپرزا 1995"
"light-ford-f150-1996","سبک فورد اف 150 1996"
"light-ford-ranchero-1973","سبک فورد رانچرو 1973"
"light-volkswagen-newbeetle-2005","سبک فولکس واگن نیو بیتل 2005"
"light-cadillac-srx-2012","سبک کادیلاک اس‌آر‌ایکس 2012"
"light-dodge-avenger-1999","سبک دوج اونجر 1999"
"light-saturn-vue-2004","سبک ساترن ویو 2004"
"light-bmw-m3-1999","سبک بی‌ام‌دبلیو ام 3 1999"
"light-hillman","سبک هیلمن"
"light-pontiac-grandam-1992","سبک پونتیاک گرند ام 1992"
"light-peugeot-504","سبک پژو 504"
"light-mercedes-benz-clk-class-coupe","سبک مرسدس بنز سی‌ال‌کا کلاس کوپه"
"light-chevrolet-c20-1969","سبک شورلت سی 20 1969"
"light-jeep-wrangler-1994","سبک جیپ رنگلر 1994"
"light-volkswagen-eos-2007","سبک فولکس واگن ای‌او‌اس 2007"
"light-hyundai-elantra-2013","سبک هیوندای الانترا 2013"
"light-ford-fusion-2007","سبک فورد فیوژن 2007"
"light-volvo-vnl-2005","سبک ولوو وی‌ان‌ال 2005"
"light-pontiac-bonneville-1983","سبک پونتیاک بانوویل 1983"
"light-chevrolet-camaro-1980","سبک شورلت کامارو 1980"
"light-bmw-650i-2007","سبک بی‌ام‌دبلیو 650 ای 2007"
"light-ferrari-gtm-2008","سبک فراری جی‌تی‌ام 2008"
"light-honda-s2000-2004","سبک هوندا اس 2000 2004"
"light-datsun-280z-1981","سبک داتسون 280 زد 1981"
"light-saturn-ion-2007","سبک ساترن آیون 2007"
"light-dodge-charger-1985","سبک دوج شارجر 1985"
"light-runna-lx","سبک رونا ال‌ایکس"
"light-gmc-safari-1998","سبک جی‌ام‌سی سافاری 1998"
"light-dodge-avenger-2000","سبک دوج اونجر 2000"
"light-suzuki-forenza-2006","سبک سوزوکی فورِنزا 2006"
"light-chevrolet-cavalier-1985","سبک شورلت کاوالیر 1985"
"light-volvo-v70-1998","سبک ولوو وی 70 1998"
"light-infiniti-i35-2003","سبک اینفینیتی ای 35 2003"
"light-pontiac-montana-2000","سبک پونتیاک مونتانا 2000"
"light-mercedes benz-s55-2003","سبک مرسدس بنز اس 55 2003"
"light-jeep-cherokee-2004","سبک جیپ چروکی 2004"
"light-chevrolet-metro-1999","سبک شورلت مترو 1999"
"light-renault-tondar-90","سبک رنو تندر 90"
"light-lexus-lx470-2003","سبک لکسوس ال‌ایکس 470 2003"
"light-bmw-540i-2003","سبک بی‌ام‌دبلیو 540 ای 2003"
"light-toyota-venza","سبک تویوتا ونزا"
"light-landrover-rangerover-1993","سبک لندروور رِنج روور 1993"
"light-bmw-325is-1994","سبک بی‌ام‌دبلیو 325 ای اس 1994"
"light-dodge-shadow-1993","سبک دوج شدو 1993"
"light-gmc-sierra-2500-2015","سبک جی‌ام‌سی سیرا 2500 2015"
"light-toyota-corolla-1980","سبک تویوتا کرولا 1980"
"light-mercedes benz-se380-1985","سبک مرسدس بنز اس‌ای 380 1985"
"light-mercedes benz-sl600-1997","سبک مرسدس بنز اس‌ال 600 1997"
"light-mercedes benz-e350-wagon-2000","سبک مرسدس بنز ای 350 واگن 2000"
"light-hyundai-accent-2000","سبک هیوندای اکسنت 2000"
"light-chevrolet-c10-1970","سبک شورلت سی 10 1970"
"light-chrysler-windsor-1955","سبک کرایسلر ویندسور 1955"
"light-suzuki-grand-vitara-2006","سبک سوزوکی گرند ویتارا 2006"
"light-packard-super8-1938","سبک پاکارد سوپر 8 1938"
"light-hyundai-tucson-2013","سبک هیوندای توکسون 2013"
"light-honda-civic-hatchback-1990","سبک هوندا سیویک هاتچ‌بک 1990"
"light-bmw-328i-2000","سبک بی‌ام‌دبلیو 328 ای 2000"
"light-fiat-five hundred-2013","سبک فیات five hundred 2013"
"light-dodge-dynasty-1989","سبک دوج داینستی 1989"
"light-bmw-6-series-coupe","سبک بی‌ام‌دبلیو 6 سری کوپه"
"light-toyota-tacoma-1994","سبک تویوتا تاکوما 1994"
"light-hyundai-accent-2008","سبک هیوندای اکسنت 2008"
"light-buick-century-1988","سبک بیوک سنتوری 1988"
"light-mercedes benz-sl300-1990","سبک مرسدس بنز اس‌ال 300 1990"
"light-isuzu-npr-1997","سبک ایسوزو ان‌پی‌آر 1997"
"light-chevrolet-blazer-1990","سبک شورلت بلیزر 1990"
"light-mazda-b3000-1996","سبک مزدا بی 3000 1996"
"light-isuzu-npr-2004","سبک ایسوزو ان‌پی‌آر 2004"
"light-toyota-4runner-2010","سبک تویوتا 4 رانر 2010"
"light-landrover-discovery-2001","سبک لندروور دیسکاوری 2001"
"light-pride-saba-glxi","سبک پراید صبا جی‌ال‌ایکس‌آی"
"light-lexus-nx-300-h","سبک لکسوس ان‌ایکس 300 اچ"
"light-chevrolet-cheyenne-1992","سبک شورلت شاین 1992"
"light-bmw-7series-1998","سبک بی‌ام‌دبلیو 7 سری 1998"
"light-porsche-cayenne-2010","سبک پورشه کایین 2010"
"light-ford-roadster-1932","سبک فورد رودستر 1932"
"light-ford-mustang-1979","سبک فورد ماستانگ 1979"
"light-mercedes benz-slk230-1999","سبک مرسدس بنز اس‌ال‌کی 230 1999"
"light-bmw-328xi-2011","سبک بی‌ام‌دبلیو 328 ایکس‌آی 2011"
"light-chevrolet-colorado-2000","سبک شورلت کلرادو 2000"
"light-dayun-y5-plus","سبک دایون وای 5 پلاس"
"light-toyota-yaris-2010","سبک تویوتا یاریس 2010"
"light-plymouth-voyager-1989","سبک پلیموت وویجر 1989"
"light-honda-accord-2012","سبک هوندا آکورد 2012"
"light-bmw-325i-2003","سبک بی‌ام‌دبلیو 325 ای 2003"
"light-toyota-celica-1994","سبک تویوتا سلیکا 1994"
"light-buick-lesabre-1965","سبک بیوک لسبر 1965"
"light-avatr-11","سبک آواتر 11"
"light-gmc-yukon-1500-2000","سبک جی‌ام‌سی یوکون 1500 2000"
"light-gmc-sierra-1500-1992","سبک جی‌ام‌سی سیرا 1500 1992"
"light-pontiac-grandam-1997","سبک پونتیاک گرند ام 1997"
"light-dodge-ram-1500-1975","سبک دوج رم 1500 1975"
"light-hyundai-elantra-2006","سبک هیوندای الانترا 2006"
"light-bisu-t5","سبک بیسو تی 5"
"light-bmw-330i-2003","سبک بی‌ام‌دبلیو 330 ای 2003"
"light-honda-cr-v-1998","سبک هوندا سی ار وی 1998"
"light-chevrolet-equinox-2006","سبک شورلت اکوینوکس 2006"
"light-subaru-tribeca-2007","سبک سوبارو تریبکا 2007"
"light-chevrolet-corvette-1991","سبک شورلت کوروت 1991"
"light-chevrolet-s10-2007","سبک شورلت اس 10 2007"
"light-mitsubishi-chariot-1998","سبک میتسوبیشی چریوت 1998"
"light-jaguar-vandenplas-1995","سبک جگوار وندن‌پلاس 1995"
"light-buick-riviera-1989","سبک بیوک ریویرا 1989"
"light-mazda-6-2015","سبک مزدا 6 2015"
"light-gmc-k20-1970","سبک جی‌ام‌سی کی 20 1970"
"light-audi-a3-2004","سبک آئودی ای 3 2004"
"light-gmc-sierra-1500-1984","سبک جی‌ام‌سی سیرا 1500 1984"
"light-landrover-discovery-1995","سبک لندروور دیسکاوری 1995"
"light-chevrolet-k10-1976","سبک شورلت کی 10 1976"
"light-mercury-grandmarquis-2007","سبک مرکوری گرند مارکویس 2007"
"light-infiniti-m35-2009","سبک اینفینیتی ام 35 2009"
"light-studebaker-champion-1950","سبک استادیبیکر چمپیون 1950"
"light-chevrolet-corsica-1994","سبک شورلت کورسیکا 1994"
"light-toyota-tundra-2001","سبک تویوتا تاندرا 2001"
"light-toyota-celica-1993","سبک تویوتا سلیکا 1993"
"light-porsche-boxster-2007","سبک پورشه باکستر 2007"
"light-nissan-sunny","سبک نیسان سنی"
"light-mercedes benz-e300-1996","سبک مرسدس بنز ای 300 1996"
"light-mercedes benz-s550-2002","سبک مرسدس بنز اس 550 2002"
"light-chevrolet-c20-1966","سبک شورلت سی 20 1966"
"heavy-force","سنگین فورس"
"light-subaru-outback-1991","سبک سوبارو آوت‌بک 1991"
"light-oldsmobile-eightyeight-1994","سبک اولدزموبیل ایتیتیایت 1994"
"light-isuzu-pickup-1989","سبک ایسوزو پیکاپ 1989"
"light-suzuki-forenza-2005","سبک سوزوکی فورِنزا 2005"
"light-saab-9-3-2003","سبک ساب 9 3 2003"
"light-ford-f150-1992","سبک فورد اف 150 1992"
"light-chevrolet-montecarlo-1976","سبک شورلت مونت‌کارلو 1976"
"light-pontiac-grandprix-1974","سبک پونتیاک گرند پریکس 1974"
"light-pontiac-firebird-1998","سبک پونتیاک فایربرد 1998"
"light-mercedes benz-190-1985","سبک مرسدس بنز 190 1985"
"light-dodge-ram-2500-1983","سبک دوج رم 2500 1983"
"light-dodge-ram-2500-1982","سبک دوج رم 2500 1982"
"light-ram-3500-2013","سبک رم 3500 2013"
"light-saturn-l300-2005","سبک ساترن ال 300 2005"
"light-chevrolet-pickup-1956","سبک شورلت پیکاپ 1956"
"light-gmc-caballero-1976","سبک جی‌ام‌سی کابایرو 1976"
"light-dodge-ram-1500-2010","سبک دوج رم 1500 2010"
"light-delica-van","سبک دلیکا ون"
"light-chevrolet-s10-1985","سبک شورلت اس 10 1985"
"light-pontiac-vibe-2004","سبک پونتیاک وایب 2004"
"light-hyundai-accent-2014","سبک هیوندای اکسنت 2014"
"light-gmc-suburban-1500-1984","سبک جی‌ام‌سی سابربن 1500 1984"
"light-chevrolet-suburban-1995","سبک شورلت سابربن 1995"
"light-porsche-panamera-2012","سبک پورشه پانامرا 2012"
"light-volvo-s70-2000","سبک ولوو اس 70 2000"
"light-lexus-lx","سبک لکسوس ال‌ایکس"
"light-changan-cs-35-2","سبک چانگان سی‌اس 35 2"
"light-ford-e350-2006","سبک فورد ای 350 2006"
"light-saturn-sc1-2001","سبک ساترن اس‌سی 1 2001"
"light-mvm-x22pro","سبک ام‌وی‌ام ایکس 22 پرو"
"light-audi-s6-2003","سبک آئودی اس 6 2003"
"light-ford-f250-1986","سبک فورد اف 250 1986"
"light-acura-rdx-2011","سبک آکورا آر‌دی‌ایکس 2011"
"light-mazda-cx7-2008","سبک مزدا سی‌ایکس 7 2008"
"light-mazda-626-1993","سبک مزدا 626 1993"
"light-ford-thunderbird-1986","سبک فورد تاندر‌برد 1986"
"light-volvo-240-1985","سبک ولوو 240 1985"
"light-dodge-dakota-1995","سبک دوج داکوتا 1995"
"light-uaz-patriot","سبک یواز پتریوت"
"light-mazda-cx5-2014","سبک مزدا سی‌ایکس 5 2014"
"light-dodge-neon-1998","سبک دوج نون 1998"
"light-nissan-350z-2005","سبک نیسان 350 زد 2005"
"light-ford-crown victoria-1985","سبک فورد کراون victoria 1985"
"light-mercedes benz-ml500-2003","سبک مرسدس بنز ام‌ال 500 2003"
"light-cadillac-eldorado-1989","سبک کادیلاک الدورادو 1989"
"light-audi-a4-1998","سبک آئودی ای 4 1998"
"light-mitsubishi-asx","سبک میتسوبیشی ای‌اس‌ایکس"
"light-mini-classic","سبک مینی کلاسیک"
"light-mercury-capri-1986","سبک مرکوری کاپری 1986"
"light-ford-taurus-1992","سبک فورد تورس 1992"
"light-ford-mustang-2016","سبک فورد ماستانگ 2016"
"light-cadillac-deville-1976","سبک کادیلاک دویل 1976"
"light-volkswagen-jetta-2002","سبک فولکس واگن جتا 2002"
"light-subaru-legacy-2016","سبک سوبارو لگاسی 2016"
"light-toyota-4runner-1986","سبک تویوتا 4 رانر 1986"
"light-ssangyong-chairman","سبک سانگ‌یانگ چیرمن"
"light-pontiac-sunbird-1989","سبک پونتیاک سان‌برد 1989"
"light-cadillac-deville-1967","سبک کادیلاک دویل 1967"
"light-oldsmobile-aurora-1996","سبک اولدزموبیل آرورا 1996"
"light-lincoln-mark-viii-1996","سبک لینکلن مارک هشت 1996"
"light-infiniti-g37-2011","سبک اینفینیتی جی 37 2011"
"light-honda-prelude-1981","سبک هوندا پرلود 1981"
"light-acura-rl-2002","سبک آکورا آر ال 2002"
"light-mercury-cougar-1993","سبک مرکوری کوگار 1993"
"light-chevrolet-c10-1973","سبک شورلت سی 10 1973"
"light-lincoln-mkt-2010","سبک لینکلن ام‌کی‌تی 2010"
"light-ford-crown victoria-1988","سبک فورد کراون victoria 1988"
"light-suzuki-sidekick-1996","سبک سوزوکی سایدکیک 1996"
"light-maserati-granturismo","سبک مازراتی گرانتوریسمو"
"light-nissan-frontier-2012","سبک نیسان فرانتیر 2012"
"light-mini-cooper-countryman-2011","سبک مینی کوپر کانتری‌من 2011"
"light-mazda-mpv-2002","سبک مزدا ام‌پی‌وی 2002"
"light-dodge-charger-1978","سبک دوج شارجر 1978"
"light-bmw-x3-2008","سبک بی‌ام‌دبلیو ایکس 3 2008"
"light-honda-pilot-2013","سبک هوندا پایلوت 2013"
"light-toyota-landcruiser-1999","سبک تویوتا لندکروز 1999"
"light-nissan-versa-2003","سبک نیسان ورسا 2003"
"light-volkswagen-gti-2011","سبک فولکس واگن جی‌تی‌آی 2011"
"light-mazda-5-2006","سبک مزدا 5 2006"
"light-ford-f350-1995","سبک فورد اف 350 1995"
"light-chevrolet-3100-1955","سبک شورلت 3100 1955"
"light-farda-511","سبک فردا 511"
"light-mazda-mx3-2010","سبک مزدا ام ایکس 3 2010"
"light-landrover-rangerover-1990","سبک لندروور رِنج روور 1990"
"light-volvo-v40","سبک ولوو وی 40"
"light-acura-mdx-2005","سبک آکورا ام‌دی‌ایکس 2005"
"light-pontiac-firebird-1985","سبک پونتیاک فایربرد 1985"
"light-pontiac-grandprix-1971","سبک پونتیاک گرند پریکس 1971"
"light-lamari-eama-hev-hybrid","سبک لاماری ایما هو هیبرید"
"light-ford-mustang-1988","سبک فورد ماستانگ 1988"
"light-subaru-wrx-2007","سبک سوبارو دبلیو‌آر‌ایکس 2007"
"light-mercedes benz-e320-1995","سبک مرسدس بنز ای 320 1995"
"light-lexus-sc430-2003","سبک لکسوس اس‌سی 430 2003"
"light-audi-a4-2009","سبک آئودی ای 4 2009"
"light-ford-mustang-2009","سبک فورد ماستانگ 2009"
"light-volvo-240-1988","سبک ولوو 240 1988"
"light-porsche-panamera-2010","سبک پورشه پانامرا 2010"
"light-chrysler-fifth avenue-1985","سبک کرایسلر fifth avenue 1985"
"light-lincoln-towncar-1987","سبک لینکلن تاون‌کار 1987"
"light-ssangyong-actyon","سبک سانگ‌یانگ اکتیون"
"light-kia-sportage-2002","سبک کیا اسپورتیج 2002"
"light-soueast-dx-3","سبک سای‌است دی‌ایکس 3"
"light-toyota-scion-2014","سبک تویوتا سایون 2014"
"light-porsche-cayenne-2006","سبک پورشه کایین 2006"
"light-chevrolet-vega-1971","سبک شورلت وگا 1971"
"light-infiniti-j30-1997","سبک اینفینیتی جی 30 1997"
"light-oldsmobile-silhouette-1994","سبک اولدزموبیل سیلوئت 1994"
"light-gmc-k3500-1994","سبک جی‌ام‌سی کی 3500 1994"
"light-honda-accord-1988","سبک هوندا آکورد 1988"
"light-mazda-mx5-miata-2011","سبک مزدا ام ایکس 5 میاتا 2011"
"light-saturn-sky-2007","سبک ساترن اسکای 2007"
"light-dodge-caliber-2010","سبک دوج کالیبر 2010"
"light-chevrolet-venture-1997","سبک شورلت ونچر 1997"
"light-toyota-tundra-2014","سبک تویوتا تاندرا 2014"
"light-saturn-relay-2006","سبک ساترن ریلی 2006"
"light-bmw-530i-2006","سبک بی‌ام‌دبلیو 530 ای 2006"
"light-haval-h6","سبک هول اچ 6"
"light-dodge-monaco-1965","سبک دوج موناکو 1965"
"light-nissan-sentra-2016","سبک نیسان سنترا 2016"
"light-chevrolet-corvette-1978","سبک شورلت کوروت 1978"
"light-infiniti-qx50-2008","سبک اینفینیتی کیو ایکس 50 2008"
"light-mercedes benz-e55-2005","سبک مرسدس بنز ای 55 2005"
"light-toyota-celica-1998","سبک تویوتا سلیکا 1998"
"light-pontiac-grandprix-1978","سبک پونتیاک گرند پریکس 1978"
"light-saturn-astra-2008","سبک ساترن آسترا 2008"
"light-plymouth-roadrunner-1974","سبک پلیموت رودرانر 1974"
"light-gmc-terrain-2012","سبک جی‌ام‌سی ترِرِین 2012"
"light-volkswagen-beetle-2000","سبک فولکس واگن بیتل 2000"
"light-saturn-l300-2001","سبک ساترن ال 300 2001"
"light-chrysler-voyager-2003","سبک کرایسلر وویجر 2003"
"light-toyota-4runner-1998","سبک تویوتا 4 رانر 1998"
"light-mercury-grandmarquis-2002","سبک مرکوری گرند مارکویس 2002"
"light-volvo-s80-2007","سبک ولوو اس 80 2007"
"light-toyota-venza-2012","سبک تویوتا ونزا 2012"
"light-cadillac-escalade-2011","سبک کادیلاک اسکالید 2011"
"light-buick-lesabre-2001","سبک بیوک لسبر 2001"
"light-saturn-ls-2000","سبک ساترن ال‌اس 2000"
"light-toyota-camry-se-2005","سبک تویوتا کمری اس‌ای 2005"
"light-mazda-protege-2004","سبک مزدا پروتژه 2004"
"light-gmc-sierra-3500-1990","سبک جی‌ام‌سی سیرا 3500 1990"
"light-hyundai-veracruz-2011","سبک هیوندای ورا کراس 2011"
"light-mazda-mx5-miata-2004","سبک مزدا ام ایکس 5 میاتا 2004"
"light-mercury-monterey-1974","سبک مرکوری مانتری 1974"
"light-volkswagen-jetta-1984","سبک فولکس واگن جتا 1984"
"light-landrover-defender-1988","سبک لندروور دفندر 1988"
"light-gmc-k1500-1991","سبک جی‌ام‌سی کی 1500 1991"
"light-mitsubishi-outlander-2014","سبک میتسوبیشی آوتلندر 2014"
"light-jeep-liberty-2003","سبک جیپ لیبرتی 2003"
"light-volvo-c30-2012","سبک ولوو سی 30 2012"
"light-gmc-sierra-1500-2007","سبک جی‌ام‌سی سیرا 1500 2007"
"light-suzuki-sidekick-1989","سبک سوزوکی سایدکیک 1989"
"light-chevrolet-el camino-1993","سبک شورلت ال camino 1993"
"light-amc-rambler-1964","سبک ای‌ام‌سی رمبلر 1964"
"light-volkswagen-beetle-1974","سبک فولکس واگن بیتل 1974"
"light-pontiac-firebird-1992","سبک پونتیاک فایربرد 1992"
"light-bentley-arnage-1999","سبک بنتلی آرنِیج 1999"
"light-jeep-grand-cherokee-1996","سبک جیپ گرند چروکی 1996"
"light-chrysler-lebaron-1991","سبک کرایسلر لبران 1991"
"light-mercedes benz-s550-2012","سبک مرسدس بنز اس 550 2012"
"light-hyundai-entourage-2006","سبک هیوندای آنتوراج 2006"
"light-chevrolet-camaro-1987","سبک شورلت کامارو 1987"
"light-buick-riviera-1983","سبک بیوک ریویرا 1983"
"light-chevrolet-nova-1966","سبک شورلت نوا 1966"
"light-volvo-c70-1999","سبک ولوو سی 70 1999"
"light-chevrolet-blazer-1974","سبک شورلت بلیزر 1974"
"light-chevrolet-astro-1997","سبک شورلت آسترو 1997"
"light-hyundai-accent-2010","سبک هیوندای اکسنت 2010"
"light-mercedes benz-sl450-1975","سبک مرسدس بنز اس‌ال 450 1975"
"light-chevrolet-c10-1972","سبک شورلت سی 10 1972"
"light-audi-90-1993","سبک آئودی 90 1993"
"light-chevrolet-c20-1994","سبک شورلت سی 20 1994"
"light-gmc-sierra-1500-1998","سبک جی‌ام‌سی سیرا 1500 1998"
"light-chevrolet-suburban-2012","سبک شورلت سابربن 2012"
"light-nissan-versa-2011","سبک نیسان ورسا 2011"
"light-ford-crown victoria-1995","سبک فورد کراون victoria 1995"
"light-chevrolet-c10-1977","سبک شورلت سی 10 1977"
"light-kia-rio-wagon-2004","سبک کیا ریو واگن 2004"
"light-volvo-960-wagon-1995","سبک ولوو 960 واگن 1995"
"light-mini-cooper-2005","سبک مینی کوپر 2005"
"light-isuzu-axiom-2004","سبک ایسوزو اکسیوم 2004"
"light-bmw-x5-2012","سبک بی‌ام‌دبلیو ایکس 5 2012"
"light-ford-f450-1988","سبک فورد اف 450 1988"
"light-buick-skylark-1963","سبک بیوک اسکایلارک 1963"
"light-hyundai-azera-2007","سبک هیوندای آزرا 2007"
"light-gmc-sierra-1500-2001","سبک جی‌ام‌سی سیرا 1500 2001"
"light-honda-accord-2005","سبک هوندا آکورد 2005"
"light-kia-rio-2006","سبک کیا ریو 2006"
"light-ford-bronco-1996","سبک فورد برانکو 1996"
"light-audi-q5-e-tron","سبک آئودی کیو 5 ای ترون"
"light-ford-edge-2009","سبک فورد ادج 2009"
"light-chevrolet-silverado-3500-2000","سبک شورلت سیلورادو 3500 2000"
"light-gmc-suburban-1500-1986","سبک جی‌ام‌سی سابربن 1500 1986"
"light-porsche-boxster","سبک پورشه باکستر"
"heavy-autobus","سنگین اتوبوس"
"light-mercedes benz-c240-2004","سبک مرسدس بنز سی 240 2004"
"light-ford-e250-1994","سبک فورد ای 250 1994"
"light-gmc-envoy-1999","سبک جی‌ام‌سی انوی 1999"
"light-jaguar-x-type-2003","سبک جگوار ایکس تایپ 2003"
"light-volkswagen-superbeetle-1975","سبک فولکس واگن سوپربیتل 1975"
"light-ford-e150-2004","سبک فورد ای 150 2004"
"light-dodge-w250-2007","سبک دوج دبلیو 250 2007"
"light-chevrolet-tracker-2004","سبک شورلت تراکِر 2004"
"light-mercedes benz-e300-1990","سبک مرسدس بنز ای 300 1990"
"light-nissan-versa-2009","سبک نیسان ورسا 2009"
"light-ford-expedition-2001","سبک فورد اکسپدیشن 2001"
"light-chevrolet-silverado-1972","سبک شورلت سیلورادو 1972"
"light-gmc-sierra-1500-1974","سبک جی‌ام‌سی سیرا 1500 1974"
"light-chevrolet-blazer-1986","سبک شورلت بلیزر 1986"
"light-ford-f350-1999","سبک فورد اف 350 1999"
"light-porsche-911-2002","سبک پورشه 911 2002"
"light-suzuki-samurai-1987","سبک سوزوکی سامورایی 1987"
"light-chevrolet-cheyenne-1972","سبک شورلت شاین 1972"
"light-mercedes benz-s600-1995","سبک مرسدس بنز اس 600 1995"
"light-dodge-w150-1996","سبک دوج دبلیو 150 1996"
"light-smart-fortwo-2013","سبک اسمارت فورتو 2013"
"light-nissan-murano-2006","سبک نیسان مورانو 2006"
"light-dodge-d150-1991","سبک دوج دی 150 1991"
"light-suzuki-samurai-1992","سبک سوزوکی سامورایی 1992"
"light-kia-sportage-1995","سبک کیا اسپورتیج 1995"
"light-hyundai-tucson-2005","سبک هیوندای توکسون 2005"
"light-ford-explorer-2001","سبک فورد اکسپلورر 2001"
"light-honda-ridgeline-2007","سبک هوندا ریج‌لاین 2007"
"light-toyota-scion-2005","سبک تویوتا سایون 2005"
"light-gmc-yukon-2500-2007","سبک جی‌ام‌سی یوکون 2500 2007"
"light-mercedes benz-c280-1994","سبک مرسدس بنز سی 280 1994"
"light-jac-j3-sedan","سبک جک جی 3 سدان"
"light-toyota-corolla-2008","سبک تویوتا کرولا 2008"
"light-landrover-freelander-2004","سبک لندروور فری‌لندر 2004"
"light-ford-fiesta-2014","سبک فورد فیستا 2014"
"light-oldsmobile-cutlass-1967","سبک اولدزموبیل کاتلاس 1967"
"light-lotus-esprit-1983","سبک لوتوس اسپریت 1983"
"light-honda-civic-hatchback-2000","سبک هوندا سیویک هاتچ‌بک 2000"
"light-chevrolet-c-k3500-1998","سبک شورلت سی کی 3500 1998"
"light-bmw-323i-2011","سبک بی‌ام‌دبلیو 323 ای 2011"
"light-eagle-talon-1994","سبک ایگل تلون 1994"
"light-ford-focus-2006","سبک فورد فوکوس 2006"
"light-gmc-sonoma-1990","سبک جی‌ام‌سی سوناما 1990"
"light-mitsubishi-outlander-2004","سبک میتسوبیشی آوتلندر 2004"
"light-chevrolet-pickup-1967","سبک شورلت پیکاپ 1967"
"light-honda-accord-2014","سبک هوندا آکورد 2014"
"light-volvo-s80-2011","سبک ولوو اس 80 2011"
"light-toyota-sequoia-2003","سبک تویوتا سکویا 2003"
"light-toyota-corolla-ce-2000","سبک تویوتا کرولا سی‌ئی 2000"
"light-ford-e350-1995","سبک فورد ای 350 1995"
"light-ford-f250-1996","سبک فورد اف 250 1996"
"light-hyundai-sonata-2010","سبک هیوندای سوناتا 2010"
"light-bmw-1-series-convertible","سبک بی‌ام‌دبلیو 1 سری کروک"
"light-volkswagen-jetta-2015","سبک فولکس واگن جتا 2015"
"light-chevrolet-lumina-1999","سبک شورلت لومینا 1999"
"light-ford-f150-1981","سبک فورد اف 150 1981"
"light-bmw-525i-2004","سبک بی‌ام‌دبلیو 525 ای 2004"
"light-chevrolet-beretta-1993","سبک شورلت برتا 1993"
"light-volkswagen-beetle-1966","سبک فولکس واگن بیتل 1966"
"light-domy-x7","سبک دومی ایکس 7"
"light-nissan-altima-1996","سبک نیسان آلتیما 1996"
"light-mazda-mx5-miata-2001","سبک مزدا ام ایکس 5 میاتا 2001"
"light-mercedes benz-ml320-2003","سبک مرسدس بنز ام‌ال 320 2003"
"light-hyundai-sonata-2009","سبک هیوندای سوناتا 2009"
"light-chevrolet-silverado-2013","سبک شورلت سیلورادو 2013"
"light-acura-legend-1992","سبک آکورا افسانه 1992"
"light-volvo-xc70-2011","سبک ولوو ایکس‌سی 70 2011"
"light-mercedes benz-se280-1969","سبک مرسدس بنز اس‌ای 280 1969"
"light-saipa-atlas-gl","سبک سایپا اطلس جی‌ال"
"light-oldsmobile-alero-2000","سبک اولدزموبیل الرو 2000"
"light-dodge-polara-1964","سبک دوج پولارا 1964"
"light-toyota-tundra-2002","سبک تویوتا تاندرا 2002"
"light-peugeot-3008-2014","سبک پژو 3008 2014"
"light-kia-rio-2007","سبک کیا ریو 2007"
"light-oldsmobile-ninetyeight-1989","سبک اولدزموبیل ناین‌تی‌اییت 1989"
"light-gmc-safari-1995","سبک جی‌ام‌سی سافاری 1995"
"light-nissan-frontier-2013","سبک نیسان فرانتیر 2013"
"light-volkswagen-rabbit-2007","سبک فولکس واگن رابیت 2007"
"light-infiniti-fx35-2003","سبک اینفینیتی اف‌ایکس 35 2003"
"light-audi-allroad-2002","سبک آئودی آل‌رود 2002"
"light-buick-riviera-1972","سبک بیوک ریویرا 1972"
"light-toyota-prius-2010","سبک تویوتا پریوس 2010"
"light-nissan-300zx-1989","سبک نیسان 300 زد‌ایکس 1989"
"light-porsche-boxster-2000","سبک پورشه باکستر 2000"
"light-toyota-prius-2007","سبک تویوتا پریوس 2007"
"light-bisu-t3","سبک بیسو تی 3"
"light-mazda-mx6-1994","سبک مزدا ام ایکس 6 1994"
"light-geely-azkarra","سبک جیلی ازکارا"
"light-gmc-suburban-1500-1995","سبک جی‌ام‌سی سابربن 1500 1995"
"light-volkswagen-golf-1989","سبک فولکس واگن گلف 1989"
"light-mercedes benz-slk300-1988","سبک مرسدس بنز اس‌ال‌کی 300 1988"
"light-mercury-sable-1999","سبک مرکوری سیبل 1999"
"light-chevrolet-blazer-1998","سبک شورلت بلیزر 1998"
"light-ford-edge-2014","سبک فورد ادج 2014"
"light-infiniti-g25-2012","سبک اینفینیتی جی 25 2012"
"light-chevrolet-el camino-1974","سبک شورلت ال camino 1974"
"light-ford-explorer-2015","سبک فورد اکسپلورر 2015"
"light-chevrolet-nova-1970","سبک شورلت نوا 1970"
"light-jeep-grand-wagoneer-1984","سبک جیپ گرند واگنییر 1984"
"light-chevrolet-montecarlo-1998","سبک شورلت مونت‌کارلو 1998"
"light-pontiac-bonneville-1964","سبک پونتیاک بانوویل 1964"
"light-dodge-ram-3500-2012","سبک دوج رم 3500 2012"
"light-ford-galaxie-1968","سبک فورد گالکسی 1968"
"light-chevrolet-montecarlo-2005","سبک شورلت مونت‌کارلو 2005"
"light-chevrolet-lumina-1998","سبک شورلت لومینا 1998"
"light-chevrolet-g20-1994","سبک شورلت جی 20 1994"
"light-chevrolet-astro-1993","سبک شورلت آسترو 1993"
"light-suzuki-sx4-2010","سبک سوزوکی اس‌ایکس 4 2010"
"light-gmc-sierra-2500-2007","سبک جی‌ام‌سی سیرا 2500 2007"
"light-jaguar-xk-2000","سبک جگوار ایکس‌کی 2000"
"light-honda-civic-1999","سبک هوندا سیویک 1999"
"light-suzuki-xl7-2009","سبک سوزوکی ایکس‌ال 7 2009"
"light-pontiac-firebird-1984","سبک پونتیاک فایربرد 1984"
"light-dodge-grand caravan-2009","سبک دوج گرند caravan 2009"
"light-mazda-323-1986","سبک مزدا 323 1986"
"light-fownix-arizo-6-gt","سبک فونییکس آریزو 6 جی‌تی"
"light-toyota-pickup-1991","سبک تویوتا پیکاپ 1991"
"light-toyota-tacoma-1988","سبک تویوتا تاکوما 1988"
"light-ford-powerstroke-1996","سبک فورد پاوراستروک 1996"
"light-gmc-c7500-2007","سبک جی‌ام‌سی سی 7500 2007"
"light-bmw-325i-1995","سبک بی‌ام‌دبلیو 325 ای 1995"
"light-dodge-dart-2013","سبک دوج دارت 2013"
"light-mercedes benz-cd300-1983","سبک مرسدس بنز سی‌دی 300 1983"
"light-plymouth-volare-1977","سبک پلیموت ولاره 1977"
"light-lexus-gx370-2004","سبک لکسوس جی‌ایکس 370 2004"
"light-pontiac-grandam-2001","سبک پونتیاک گرند ام 2001"
"light-oldsmobile-cutlass-1982","سبک اولدزموبیل کاتلاس 1982"
"light-lexus-es330-1998","سبک لکسوس ای اس 330 1998"
"light-mercedes benz-sl600-2009","سبک مرسدس بنز اس‌ال 600 2009"
"light-acura-tl-2004","سبک آکورا تی‌ال 2004"
"light-dodge-viper-2000","سبک دوج وایپر 2000"
"light-triumph-gt6-1970","سبک تریومف جی‌تی 6 1970"
"light-buick-terraza-2002","سبک بیوک ترازا 2002"
"light-jeep-renegade-2015","سبک جیپ رینیگید 2015"
"light-lincoln-continental-1977","سبک لینکلن کانتیننتال 1977"
"light-gmc-topkick-1997","سبک جی‌ام‌سی تاپ‌کیک 1997"
"light-toyota-avalon-2013","سبک تویوتا اوالون 2013"
"light-nissan-sentra-2015","سبک نیسان سنترا 2015"
"light-subaru-impreza-2002","سبک سوبارو ایمپرزا 2002"
"light-isuzu-trooper-1991","سبک ایسوزو تروپر 1991"
"light-chevrolet-express-2002","سبک شورلت اکسپرس 2002"
"light-mercedes benz-glk350-2010","سبک مرسدس بنز جی‌ال‌کا 350 2010"
"light-volkswagen-gti-2002","سبک فولکس واگن جی‌تی‌آی 2002"
"light-volkswagen-golf-2002","سبک فولکس واگن گلف 2002"
"light-mitsubishi-galant-1994","سبک میتسوبیشی گالانت 1994"
"light-isuzu-hombre-1999","سبک ایسوزو آمبری 1999"
"light-infiniti-m35-2004","سبک اینفینیتی ام 35 2004"
"light-toyota-tacoma-2015","سبک تویوتا تاکوما 2015"
"light-bmw-539i-2003","سبک بی‌ام‌دبلیو 539 ای 2003"
"light-subaru-forester-1999","سبک سوبارو فورستر 1999"
"light-bmw-540i-1997","سبک بی‌ام‌دبلیو 540 ای 1997"
"light-nissan-versa-2013","سبک نیسان ورسا 2013"
"light-cadillac-escalade-2012","سبک کادیلاک اسکالید 2012"
"light-dodge-d150-1993","سبک دوج دی 150 1993"
"light-acura-cl-2003","سبک آکورا سی‌ال 2003"
"light-toyota-sienna-2001","سبک تویوتا سیِنا 2001"
"light-bmw-325ci-2002","سبک بی‌ام‌دبلیو 325 سی‌آی 2002"
"light-gmc-suburban-1500-1999","سبک جی‌ام‌سی سابربن 1500 1999"
"light-honda-element-2008","سبک هوندا المنت 2008"
"light-audi-a6-2010","سبک آئودی ای 6 2010"
"light-mazda-b2300-2006","سبک مزدا بی 2300 2006"
"light-mitsubishi-eclipse-convertible-1997","سبک میتسوبیشی اکلیپس کروک 1997"
"light-chevrolet-chevette-1983","سبک شورلت شوت 1983"
"light-cadillac-srx-2007","سبک کادیلاک اس‌آر‌ایکس 2007"
"light-acura-legend-1987","سبک آکورا افسانه 1987"
"light-lexus-es300-1992","سبک لکسوس ای اس 300 1992"
"light-oldsmobile-eightyeight-1984","سبک اولدزموبیل ایتیتیایت 1984"
"light-dodge-grand caravan-1996","سبک دوج گرند caravan 1996"
"light-dodge-ram-2500-1992","سبک دوج رم 2500 1992"
"light-honda-cr-v-2006","سبک هوندا سی ار وی 2006"
"light-dodge-magnum-2005","سبک دوج مگنوم 2005"
"light-lexus-es300-1993","سبک لکسوس ای اس 300 1993"
"light-chevrolet-malibu-2004","سبک شورلت مالیبو 2004"
"light-ford-aerostar-1994","سبک فورد ایرواستار 1994"
"light-ford-fairlane-1967","سبک فورد فیرلین 1967"
"light-suzuki-vitara-1999","سبک سوزوکی ویتارا 1999"
"light-mazda-rx7-1993","سبک مزدا آرایکس 7 1993"
"light-hyundai-azera-2013","سبک هیوندای آزرا 2013"
"light-gmc-k15-1996","سبک جی‌ام‌سی کی 15 1996"
"light-cadillac-ats-2013","سبک کادیلاک اِی‌تی‌اس 2013"
"light-citroen-jian","سبک سیتروئن جیان"
"light-honda-prelude-1984","سبک هوندا پرلود 1984"
"light-volvo-c30-2008","سبک ولوو سی 30 2008"
"light-ford-e350-1994","سبک فورد ای 350 1994"
"light-chevrolet-cheyenne-1990","سبک شورلت شاین 1990"
"light-toyota-cressida","سبک تویوتا کرسیدا"
"light-plymouth-acclaim-1992","سبک پلیموت اکلیم 1992"
"light-nissan-quest-2011","سبک نیسان کوئست 2011"
"light-ford-e250-2001","سبک فورد ای 250 2001"
"light-volkswagen-superbeetle-2000","سبک فولکس واگن سوپربیتل 2000"
"light-toyota-pickup","سبک تویوتا پیکاپ"
"light-ford-crown victoria-2007","سبک فورد کراون victoria 2007"
"light-pontiac-vibe-2007","سبک پونتیاک وایب 2007"
"light-scion-xd-2013","سبک سایون ایکس‌دی 2013"
"light-mazda-6-2008","سبک مزدا 6 2008"
"light-chevrolet-blazer-1993","سبک شورلت بلیزر 1993"
"light-volvo-850-wagon-1995","سبک ولوو 850 واگن 1995"
"light-volkswagen-phaeton-2005","سبک فولکس واگن فایتون 2005"
"light-honda-crx-1989","سبک هوندا سی‌آر‌ایکس 1989"
"light-toyota-fjcruiser-2014","سبک تویوتا اف‌جی کروزر 2014"
"light-mazda-rx8-2005","سبک مزدا آرایکس 8 2005"
"light-bmw-325i-2006","سبک بی‌ام‌دبلیو 325 ای 2006"
"light-acura-el-2003","سبک آکورا ال 2003"
"light-honda-civic-2009","سبک هوندا سیویک 2009"
"light-toyota-corolla-1999","سبک تویوتا کرولا 1999"
"light-nissan-300zx-1986","سبک نیسان 300 زد‌ایکس 1986"
"light-ford-e150-1988","سبک فورد ای 150 1988"
"light-amc-ambassador-1972","سبک ای‌ام‌سی امباسادور 1972"
"light-ford-mustang-1990","سبک فورد ماستانگ 1990"
"light-chevrolet-camaro-2014","سبک شورلت کامارو 2014"
"light-mercedes benz-td300-1981","سبک مرسدس بنز تی‌دی 300 1981"
"light-dodge-ram-3500-2010","سبک دوج رم 3500 2010"
"light-infiniti-g35-2000","سبک اینفینیتی جی 35 2000"
"light-mazda-mx5-miata-1997","سبک مزدا ام ایکس 5 میاتا 1997"
"light-chevrolet-express-1997","سبک شورلت اکسپرس 1997"
"light-ford-f350-1981","سبک فورد اف 350 1981"
"light-chevrolet-corvette-1974","سبک شورلت کوروت 1974"
"light-saturn-lw300-2003","سبک ساترن اِل‌دبلیو 300 2003"
"light-buick-lesabre-1960","سبک بیوک لسبر 1960"
"light-toyota-corolla-ce-2007","سبک تویوتا کرولا سی‌ئی 2007"
"light-mercedes benz-sl500-1984","سبک مرسدس بنز اس‌ال 500 1984"
"light-volvo-s90-1998","سبک ولوو اس 90 1998"
"light-mercury-sable-1993","سبک مرکوری سیبل 1993"
"light-gmc-suburban-1500-1966","سبک جی‌ام‌سی سابربن 1500 1966"
"light-dodge-spirit-1993","سبک دوج اسپریت 1993"
"light-suzuki-kizashi","سبک سوزوکی کیزاشی"
"light-chevrolet-c20-1974","سبک شورلت سی 20 1974"
"light-mini-austin-1975","سبک مینی آستین 1975"
"light-volkswagen-golf-1995","سبک فولکس واگن گلف 1995"
"light-mercedes benz-s420-1996","سبک مرسدس بنز اس 420 1996"
"light-cadillac-seville-1993","سبک کادیلاک سویل 1993"
"light-oldsmobile-eightyeight-1993","سبک اولدزموبیل ایتیتیایت 1993"
"light-porsche-924-1976","سبک پورشه 924 1976"
"light-mercedes benz-e350-2014","سبک مرسدس بنز ای 350 2014"
"light-saab-9-3-convertible-2004","سبک ساب 9 3 کروک 2004"
"light-jeep-grand-cherokee-2006","سبک جیپ گرند چروکی 2006"
"light-mazda-b2300-1995","سبک مزدا بی 2300 1995"
"light-mercury-grandmarquis-1983","سبک مرکوری گرند مارکویس 1983"
"light-mercury-montego-2005","سبک مرکوری مونتگو 2005"
"heavy-man","سنگین من"
"light-toyota-avalon-2006","سبک تویوتا اوالون 2006"
"light-nissan-pathfinder-2000","سبک نیسان پث‌فایندر 2000"
"light-bmw-325i-1991","سبک بی‌ام‌دبلیو 325 ای 1991"
"light-volkswagen-jetta-2012","سبک فولکس واگن جتا 2012"
"light-mercedes benz-s320-1996","سبک مرسدس بنز اس 320 1996"
"light-audi-a3-2010","سبک آئودی ای 3 2010"
"light-toyota-avalon-2009","سبک تویوتا اوالون 2009"
"light-suzuki-samurai-1991","سبک سوزوکی سامورایی 1991"
"light-saturn-sl2-1998","سبک ساترن اس‌ال 2 1998"
"light-nissan-altima-2011","سبک نیسان آلتیما 2011"
"light-ford-taurus-2003","سبک فورد تورس 2003"
"light-ford-f350-1980","سبک فورد اف 350 1980"
"light-bmw-325es-1986","سبک بی‌ام‌دبلیو 325 ای اس 1986"
"light-saturn-sl1-2000","سبک ساترن اس‌ال 1 2000"
"light-chevrolet-impala-1985","سبک شورلت ایمپالا 1985"
"light-acura-mdx-2014","سبک آکورا ام‌دی‌ایکس 2014"
"light-toyota-camry-1988","سبک تویوتا کمری 1988"
"light-gmc-sierra-1500-1972","سبک جی‌ام‌سی سیرا 1500 1972"
"light-dodge-magnum-2004","سبک دوج مگنوم 2004"
"light-mercedes benz-s500-1999","سبک مرسدس بنز اس 500 1999"
"light-cadillac-fleetwood-1992","سبک کادیلاک فلیت‌وود 1992"
"light-ford-mustang-gt-1995","سبک فورد ماستانگ جی‌تی 1995"
"light-volvo-c70-convertible-2001","سبک ولوو سی 70 کروک 2001"
"light-bmw-325i-2005","سبک بی‌ام‌دبلیو 325 ای 2005"
"light-lexus-ls430-2006","سبک لکسوس ال‌اس 430 2006"
"light-chevrolet-s10-1988","سبک شورلت اس 10 1988"
"light-quick-manual","سبک کوئیک دستی"
"light-chevrolet-express-2001","سبک شورلت اکسپرس 2001"
"light-mazda-rx8-2014","سبک مزدا آرایکس 8 2014"
"light-ford-f450-2013","سبک فورد اف 450 2013"
"light-cadillac-srx-2006","سبک کادیلاک اس‌آر‌ایکس 2006"
"light-mercedes benz-clk55-2002","سبک مرسدس بنز سی‌ال‌کا 55 2002"
"heavy-kaviyan","سنگین کاویان"
"light-dodge-charger-2015","سبک دوج شارجر 2015"
"light-toyota-avalon-1990","سبک تویوتا اوالون 1990"
"light-lexus-gs300-1999","سبک لکسوس جی‌اس 300 1999"
"light-saturn-ion-2003","سبک ساترن آیون 2003"
"light-plymouth-breeze-1996","سبک پلیموت بریز 1996"
"light-chevrolet-malibu-1967","سبک شورلت مالیبو 1967"
"light-mercedes benz-c230-2005","سبک مرسدس بنز سی 230 2005"
"light-toyota-supra-1997","سبک تویوتا سوپرا 1997"
"light-buick-parkavenue-1995","سبک بیوک پارک اونیو 1995"
"light-volvo-xc70-2004","سبک ولوو ایکس‌سی 70 2004"
"light-bmw-323i-2000","سبک بی‌ام‌دبلیو 323 ای 2000"
"light-mazda-3-ir","سبک مزدا 3 ای ار"
"light-ford-bronco-1998","سبک فورد برانکو 1998"
"light-dodge-journey-2010","سبک دوج جرنی 2010"
"heavy-fuso","سنگین فوسو"
"light-ford-f350-1973","سبک فورد اف 350 1973"
"light-bmw-550i-2007","سبک بی‌ام‌دبلیو 550 ای 2007"
"light-volkswagen-touareg-2010","سبک فولکس واگن توارگ 2010"
"light-volkswagen-beetle-2009","سبک فولکس واگن بیتل 2009"
"light-chevrolet-suburban-2006","سبک شورلت سابربن 2006"
"light-dodge-challenger-2015","سبک دوج چلنجر 2015"
"light-toyota-tundra-2009","سبک تویوتا تاندرا 2009"
"light-toyota-matrix-2013","سبک تویوتا ماتریکس 2013"
"light-fownix-arizo-8","سبک فونییکس آریزو 8"
"light-honda-civic-2013","سبک هوندا سیویک 2013"
"light-chevrolet-venture-2002","سبک شورلت ونچر 2002"
"light-plymouth-belvedere-1954","سبک پلیموت بلودِر 1954"
"light-chrysler-lebaron-1993","سبک کرایسلر لبران 1993"
"light-chevrolet-k10-1983","سبک شورلت کی 10 1983"
"light-chrysler-intrepid-2004","سبک کرایسلر اینترپید 2004"
"light-great-wall-pickup-wingle-5-double-cabin","سبک عظیم وال پیکاپ وینگل 5 دوگانه کابین"
"light-mitsubishi-outlander-2003","سبک میتسوبیشی آوتلندر 2003"
"light-ford-e450-2003","سبک فورد ای 450 2003"
"light-chevrolet-el camino-1979","سبک شورلت ال camino 1979"
"light-mercedes benz-e320-wagon-1995","سبک مرسدس بنز ای 320 واگن 1995"
"light-chevrolet-silverado-3500-1995","سبک شورلت سیلورادو 3500 1995"
"light-gmc-vandura-1995","سبک جی‌ام‌سی وندورا 1995"
"light-saturn-sl2-1997","سبک ساترن اس‌ال 2 1997"
"light-jaguar-x-type-2006","سبک جگوار ایکس تایپ 2006"
"light-saina-automatic","سبک ساینا اتوماتیک"
"light-acura-integra-1993","سبک آکورا اینتگرا 1993"
"light-cadillac-eldorado-1984","سبک کادیلاک الدورادو 1984"
"light-nissan-hardbody-1988","سبک نیسان هارد‌بادی 1988"
"light-toyota-corolla-wagon-1996","سبک تویوتا کرولا واگن 1996"
"light-dodge-grand caravan-2005","سبک دوج گرند caravan 2005"
"light-honda-accord-1996","سبک هوندا آکورد 1996"
"light-ford-mustang-gt-1993","سبک فورد ماستانگ جی‌تی 1993"
"light-toyota-rav4-2004","سبک تویوتا راو 4 2004"
"light-pontiac-sunfire-1998","سبک پونتیاک سان‌فایر 1998"
"light-kia-seltos","سبک کیا سلتوس"
"light-gmc-jimmy-1979","سبک جی‌ام‌سی جیمی 1979"
"light-bmw-z3-1997","سبک بی‌ام‌دبلیو زد 3 1997"
"light-dodge-neon-2010","سبک دوج نون 2010"
"light-volvo-s60-2009","سبک ولوو اس 60 2009"
"light-volvo-v40-2002","سبک ولوو وی 40 2002"
"light-nissan-240sx-1992","سبک نیسان 240 اس‌ایکس 1992"
"light-cadillac-allante-1990","سبک کادیلاک الانته 1990"
"light-porsche-911-2004","سبک پورشه 911 2004"
"light-toyota-camry-xle-2003","سبک تویوتا کمری ایکس ال ای 2003"
"light-mercedes benz-cls500-2006","سبک مرسدس بنز سی‌ال‌اس 500 2006"
"light-hyundai-sonata-1989","سبک هیوندای سوناتا 1989"
"heavy-kamaz","سنگین کاماژ"
"light-lincoln-mark-viii-1994","سبک لینکلن مارک هشت 1994"
"light-jaguar-x-type-2002","سبک جگوار ایکس تایپ 2002"
"light-studebaker-lark-1963","سبک استادیبیکر لارک 1963"
"light-pontiac-sunbird-1992","سبک پونتیاک سان‌برد 1992"
"light-gmc-yukon-1500-1999","سبک جی‌ام‌سی یوکون 1500 1999"
"light-ford-expedition-2002","سبک فورد اکسپدیشن 2002"
"light-cadillac-sts-2006","سبک کادیلاک اس‌تی‌اس 2006"
"light-dodge-ram-1500-2004","سبک دوج رم 1500 2004"
"light-honda-civic-1992","سبک هوندا سیویک 1992"
"light-gmc-denali-2003","سبک جی‌ام‌سی دنالی 2003"
"light-ford-tempo-1994","سبک فورد تمپو 1994"
"light-toyota-cressida-1989","سبک تویوتا کرسیدا 1989"
"light-scion-tc-2012","سبک سایون تی‌سی 2012"
"light-isuzu-amigo-2001","سبک ایسوزو آمیگو 2001"
"light-ford-falcon-1960","سبک فورد فالکون 1960"
"light-ford-e350-2002","سبک فورد ای 350 2002"
"light-volkswagen-gti-2010","سبک فولکس واگن جی‌تی‌آی 2010"
"light-mitsubishi-lancer-2002","سبک میتسوبیشی لنسر 2002"
"light-toyota-landcruiser-2006","سبک تویوتا لندکروز 2006"
"light-nissan-altima-2007","سبک نیسان آلتیما 2007"
"light-chevrolet-tahoe-1998","سبک شورلت تاهو 1998"
"light-volkswagen-gti-2012","سبک فولکس واگن جی‌تی‌آی 2012"
"light-eagle-talon-1991","سبک ایگل تلون 1991"
"light-volkswagen-beetle-1973","سبک فولکس واگن بیتل 1973"
"light-plymouth-reliant-1985","سبک پلیموت رِلاینت 1985"
"light-chevrolet-trailblazer-2009","سبک شورلت تریل‌بلیزر 2009"
"light-lincoln-navigator-2006","سبک لینکلن نویگیتور 2006"
"light-toyota-highlander-2002","سبک تویوتا های‌لندر 2002"
"light-mercury-grandmarquis-1995","سبک مرکوری گرند مارکویس 1995"
"light-chevrolet-stepside-1994","سبک شورلت استپساید 1994"
"light-jeep-grand-cherokee-2002","سبک جیپ گرند چروکی 2002"
"light-chevrolet-spark-2013","سبک شورلت اسپارک 2013"
"light-hyundai-sonata-2016","سبک هیوندای سوناتا 2016"
"light-gmc-acadia-2007","سبک جی‌ام‌سی آکادیا 2007"
"light-jeep-compass-2014","سبک جیپ کامپس 2014"
"light-rambler-american-1967","سبک رمبلر آمریکان 1967"
"light-chevrolet-corvette-1960","سبک شورلت کوروت 1960"
"light-oldsmobile-cutlass-1973","سبک اولدزموبیل کاتلاس 1973"
"light-maserati-grancabrio","سبک مازراتی گران‌کابریو"
"light-mercedes benz-slk320-2007","سبک مرسدس بنز اس‌ال‌کی 320 2007"
"light-chevrolet-s10-2003","سبک شورلت اس 10 2003"
"light-hyundai-elantra-1999","سبک هیوندای الانترا 1999"
"light-nissan-maxima-1999","سبک نیسان ماکسیما 1999"
"light-mercedes benz-slk230-2007","سبک مرسدس بنز اس‌ال‌کی 230 2007"
"light-dodge-dakota-1994","سبک دوج داکوتا 1994"
"light-mazda-323-1990","سبک مزدا 323 1990"
"light-chrysler-300-2001","سبک کرایسلر 300 2001"
"light-jeep-cj7-1983","سبک جیپ سی‌جی 7 1983"
"light-ford-edge-2011","سبک فورد ادج 2011"
"light-volkswagen-gti-1997","سبک فولکس واگن جی‌تی‌آی 1997"
"light-toyota-sienna-2011","سبک تویوتا سیِنا 2011"
"light-hyundai-accent-2004","سبک هیوندای اکسنت 2004"
"light-bmw-m3-1988","سبک بی‌ام‌دبلیو ام 3 1988"
"light-ford-mustang-2001","سبک فورد ماستانگ 2001"
"light-cadillac-cts-2009","سبک کادیلاک سی‌تی‌اس 2009"
"light-pontiac-firebird-1972","سبک پونتیاک فایربرد 1972"
"light-honda-insight-2006","سبک هوندا اینسایت 2006"
"light-ford-focus-2013","سبک فورد فوکوس 2013"
"light-ford-f450-2005","سبک فورد اف 450 2005"
"light-porsche-boxster-2004","سبک پورشه باکستر 2004"
"light-mercedes benz-e320-2004","سبک مرسدس بنز ای 320 2004"
"light-saab-9-5-1999","سبک ساب 9 5 1999"
"light-lexus-ls460-2011","سبک لکسوس ال‌اس 460 2011"
"light-mitsubishi-eclipse-1999","سبک میتسوبیشی اکلیپس 1999"
"light-dodge-grand caravan-1995","سبک دوج گرند caravan 1995"
"light-dodge-w150-1999","سبک دوج دبلیو 150 1999"
"light-toyota-highlander-2001","سبک تویوتا های‌لندر 2001"
"light-mercury-villager-1993","سبک مرکوری ویلیجر 1993"
"light-honda-accord-2004","سبک هوندا آکورد 2004"
"light-pontiac-lemans-1968","سبک پونتیاک لومانس 1968"
"light-mazda-mpv-1991","سبک مزدا ام‌پی‌وی 1991"
"light-toyota-rav4-2011","سبک تویوتا راو 4 2011"
"light-gmc-yukon-1500-2003","سبک جی‌ام‌سی یوکون 1500 2003"
"light-chevrolet-chevelle-1966","سبک شورلت چول 1966"
"light-toyota-yaris-2007","سبک تویوتا یاریس 2007"
"light-pontiac-firebird-1982","سبک پونتیاک فایربرد 1982"
"light-dodge-dakota-2002","سبک دوج داکوتا 2002"
"light-toyota-sequoia-2012","سبک تویوتا سکویا 2012"
"light-saturn-l200-2004","سبک ساترن ال 200 2004"
"light-toyota-solara-2007","سبک تویوتا سولارا 2007"
"light-lincoln-mark-vi-1983","سبک لینکلن مارک وی‌آی 1983"
"light-porsche-cayman","سبک پورشه کایمن"
"light-dodge-dakota-2009","سبک دوج داکوتا 2009"
"light-acura-rl-2004","سبک آکورا آر ال 2004"
"light-gmc-suburban-1500-1996","سبک جی‌ام‌سی سابربن 1500 1996"
"light-buick-roadmaster-1992","سبک بیوک رودمستر 1992"
"light-volkswagen-gti-1988","سبک فولکس واگن جی‌تی‌آی 1988"
"light-lincoln-ls-2005","سبک لینکلن ال‌اس 2005"
"light-mercury-mystique-1995","سبک مرکوری میستیک 1995"
"light-honda-civic-2014","سبک هوندا سیویک 2014"
"light-uaz-pickup","سبک یواز پیکاپ"
"light-mercedes benz-sl560-1989","سبک مرسدس بنز اس‌ال 560 1989"
"heavy-volvo","سنگین ولوو"
"light-ford-e450-2002","سبک فورد ای 450 2002"
"light-mercedes benz-c320-2005","سبک مرسدس بنز سی 320 2005"
"light-opel-mokka","سبک اوپل موکا"
"light-mercury-sable-2000","سبک مرکوری سیبل 2000"
"light-dodge-durango-2009","سبک دوج دورانگو 2009"
"light-lincoln-premiere-1956","سبک لینکلن پرمیر 1956"
"light-saab-9-7-2006","سبک ساب 9 7 2006"
"light-dodge-grand caravan-2000","سبک دوج گرند caravan 2000"
"light-peugeot-limousine","سبک پژو لیموزین"
"light-toyota-tercel-1990","سبک تویوتا ترسل 1990"
"light-buick-riviera-1996","سبک بیوک ریویرا 1996"
"light-toyota-corolla-2002","سبک تویوتا کرولا 2002"
"light-gmc-sierra-1500-2015","سبک جی‌ام‌سی سیرا 1500 2015"
"light-chevrolet-malibu-2007","سبک شورلت مالیبو 2007"
"light-daewoo-matiz","سبک دوو ماتیز"
"light-toyota-prius-2009","سبک تویوتا پریوس 2009"
"light-dodge-charger-1975","سبک دوج شارجر 1975"
"light-ford-f100-1971","سبک فورد اف 100 1971"
"light-mazda-mx3-2004","سبک مزدا ام ایکس 3 2004"
"light-mercedes benz-ml350-2007","سبک مرسدس بنز ام‌ال 350 2007"
"light-chevrolet-nova-1965","سبک شورلت نوا 1965"
"light-buick-century-2004","سبک بیوک سنتوری 2004"
"light-nissan-quest-2002","سبک نیسان کوئست 2002"
"light-subaru-forester-2001","سبک سوبارو فورستر 2001"
"light-mercedes benz-ml350-2003","سبک مرسدس بنز ام‌ال 350 2003"
"light-dodge-grand caravan-1994","سبک دوج گرند caravan 1994"
"light-nissan-200sx-1987","سبک نیسان 200 اس‌ایکس 1987"
"light-chevrolet-cruze-2011","سبک شورلت کروز 2011"
"light-honda-insight-2000","سبک هوندا اینسایت 2000"
"light-toyota-avalon-2005","سبک تویوتا اوالون 2005"
"light-suzuki-aerio-2007","سبک سوزوکی آریو 2007"
"light-infiniti-fx35-2011","سبک اینفینیتی اف‌ایکس 35 2011"
"light-oldsmobile-ninetyeight-1979","سبک اولدزموبیل ناین‌تی‌اییت 1979"
"light-gmc-acadia-2011","سبک جی‌ام‌سی آکادیا 2011"
"light-lexus-gs350-2011","سبک لکسوس جی‌اس 350 2011"
"light-isuzu-vehicross-2001","سبک ایسوزو وهیکراس 2001"
"light-ford-mustang-2008","سبک فورد ماستانگ 2008"
"light-toyota-pickup-1984","سبک تویوتا پیکاپ 1984"
"light-dodge-ram-2500-2003","سبک دوج رم 2500 2003"
"light-bmw-m3-convertible-2008","سبک بی‌ام‌دبلیو ام 3 کروک 2008"
"light-kia-spectra-2003","سبک کیا اسپکترا 2003"
"light-gmc-sierra-1500-1959","سبک جی‌ام‌سی سیرا 1500 1959"
"light-chevrolet-suburban-1994","سبک شورلت سابربن 1994"
"light-lexus-gs400-2000","سبک لکسوس جی‌اس 400 2000"
"light-bmw-530i-2005","سبک بی‌ام‌دبلیو 530 ای 2005"
"light-subaru-outback-2010","سبک سوبارو آوت‌بک 2010"
"light-toyota-camry-1986","سبک تویوتا کمری 1986"
"light-nissan-xterra-2005","سبک نیسان اکستررا 2005"
"light-suzuki-xl7-2006","سبک سوزوکی ایکس‌ال 7 2006"
"light-pontiac-g5-2008","سبک پونتیاک جی 5 2008"
"light-rambler-american-1959","سبک رمبلر آمریکان 1959"
"light-dodge-charger-1969","سبک دوج شارجر 1969"
"light-chevrolet-tahoe-1993","سبک شورلت تاهو 1993"
"light-jeep-grand-cherokee-1998","سبک جیپ گرند چروکی 1998"
"light-jeep-patriot-2011","سبک جیپ پتریوت 2011"
"light-bmw-z4-2011","سبک بی‌ام‌دبلیو زد 4 2011"
"light-mazda-mpv-2000","سبک مزدا ام‌پی‌وی 2000"
"light-chevrolet-trailblazer-2005","سبک شورلت تریل‌بلیزر 2005"
"light-ford-mustang-2015","سبک فورد ماستانگ 2015"
"light-toyota-corolla-1983","سبک تویوتا کرولا 1983"
"light-volvo-240-wagon-1992","سبک ولوو 240 واگن 1992"
"light-mazda-tribute-2003","سبک مزدا تریبیوت 2003"
"light-mercedes benz-sel600-1992","سبک مرسدس بنز سل 600 1992"
"light-dodge-ram-1500-1996","سبک دوج رم 1500 1996"
"light-mazda-millenia-2002","سبک مزدا میلینیا 2002"
"light-chevrolet-avalanche-2003","سبک شورلت آوالانچ 2003"
"light-ford-mustang-1966","سبک فورد ماستانگ 1966"
"light-pontiac-torrent-2006","سبک پونتیاک تورنت 2006"
"light-ford-taurus-wagon-2002","سبک فورد تورس واگن 2002"
"light-dodge-intrepid-2011","سبک دوج اینترپید 2011"
"light-toyota-landcruiser-2004","سبک تویوتا لندکروز 2004"
"light-mercury-mystique-2000","سبک مرکوری میستیک 2000"
"light-lincoln-towncar-1995","سبک لینکلن تاون‌کار 1995"
"light-ford-five hundred-2004","سبک فورد five hundred 2004"
"light-dodge-w100-1987","سبک دوج دبلیو 100 1987"
"light-chevrolet-corvette-2012","سبک شورلت کوروت 2012"
"light-toyota-corolla-le-2012","سبک تویوتا کرولا ال‌ای 2012"
"light-bmw-530i-1994","سبک بی‌ام‌دبلیو 530 ای 1994"
"light-quick-automatic","سبک کوئیک اتوماتیک"
"light-kia-seltos-turbo","سبک کیا سلتوس توربو"
"light-acura-mdx-2006","سبک آکورا ام‌دی‌ایکس 2006"
"light-kia-rio-2010","سبک کیا ریو 2010"
"light-mercedes benz-e320-wagon-1999","سبک مرسدس بنز ای 320 واگن 1999"
"light-chevrolet-vega-1975","سبک شورلت وگا 1975"
"light-jeep-cherokee-1990","سبک جیپ چروکی 1990"
"light-toyota-4runner-2005","سبک تویوتا 4 رانر 2005"
"light-volkswagen-jetta-1996","سبک فولکس واگن جتا 1996"
"light-nissan-frontier-2008","سبک نیسان فرانتیر 2008"
"light-chevrolet-impala-1973","سبک شورلت ایمپالا 1973"
"light-volkswagen-beetle-2015","سبک فولکس واگن بیتل 2015"
"light-ford-courier-2009","سبک فورد کوریِر 2009"
"light-dodge-grand caravan-1984","سبک دوج گرند caravan 1984"
"light-jaguar-xk-2002","سبک جگوار ایکس‌کی 2002"
"light-honda-civic-hatchback-1995","سبک هوندا سیویک هاتچ‌بک 1995"
"light-saturn-lw200-2000","سبک ساترن اِل‌دبلیو 200 2000"
"light-chrysler-300-1968","سبک کرایسلر 300 1968"
"light-acura-cl-2001","سبک آکورا سی‌ال 2001"
"light-ford-thunderbird-1998","سبک فورد تاندر‌برد 1998"
"light-mercedes benz-190d-1984","سبک مرسدس بنز 190 دی 1984"
"light-cadillac-catera-1997","سبک کادیلاک کاترا 1997"
"light-porsche-928-1984","سبک پورشه 928 1984"
"light-chevrolet-blazer-1980","سبک شورلت بلیزر 1980"
"light-hyundai-sonata-2014","سبک هیوندای سوناتا 2014"
"light-toyota-4runner-1995","سبک تویوتا 4 رانر 1995"
"light-mazda-speed6-2006","سبک مزدا اسپید 6 2006"
"light-mitsubishi-endeavor-2005","سبک میتسوبیشی اندور 2005"
"light-ford-f350-1991","سبک فورد اف 350 1991"
"light-saturn-lw300-2000","سبک ساترن اِل‌دبلیو 300 2000"
"light-saturn-sc2-1999","سبک ساترن اس‌سی 2 1999"
"light-chrysler-intrepid-1995","سبک کرایسلر اینترپید 1995"
"light-audi-a3-2009","سبک آئودی ای 3 2009"
"light-mitsubishi-mirage","سبک میتسوبیشی میرَج"
"light-cadillac-escalade-2004","سبک کادیلاک اسکالید 2004"
"light-plymouth-satellite-1967","سبک پلیموت ساتلایت 1967"
"light-toyota-landcruiser-1964","سبک تویوتا لندکروز 1964"
"light-kia-spectra-2002","سبک کیا اسپکترا 2002"
"light-saturn-vue-2009","سبک ساترن ویو 2009"
"light-chrysler-lhs-1995","سبک کرایسلر ال‌اچ‌اس 1995"
"light-jeep-wrangler-1985","سبک جیپ رنگلر 1985"
"light-gmc-yukon-1500-2009","سبک جی‌ام‌سی یوکون 1500 2009"
"light-chevrolet-s10-1994","سبک شورلت اس 10 1994"
"light-chevrolet-suburban-1962","سبک شورلت سابربن 1962"
"light-pontiac-firebird-1990","سبک پونتیاک فایربرد 1990"
"light-jeep-grand-cherokee-2003","سبک جیپ گرند چروکی 2003"
"light-jaguar-s-type-2000","سبک جگوار اس تایپ 2000"
"light-nissan-tiida","سبک نیسان تییدا"
"light-toyota-camry-1997","سبک تویوتا کمری 1997"
"light-bmw-325i-1996","سبک بی‌ام‌دبلیو 325 ای 1996"
"light-volvo-840-2005","سبک ولوو 840 2005"
"light-gac-gonow-gs5","سبک گاک گونو جی‌اس 5"
"light-honda-prelude-1995","سبک هوندا پرلود 1995"
"light-mercedes benz-ml350-2011","سبک مرسدس بنز ام‌ال 350 2011"
"light-jeep-cherokee-1998","سبک جیپ چروکی 1998"
"light-mercury-capri-1991","سبک مرکوری کاپری 1991"
"light-ford-ranchero-1976","سبک فورد رانچرو 1976"
"light-toyota-4runner-1984","سبک تویوتا 4 رانر 1984"
"light-chevrolet-blazer-1972","سبک شورلت بلیزر 1972"
"light-toyota-4runner-2009","سبک تویوتا 4 رانر 2009"
"light-cadillac-eldorado-1995","سبک کادیلاک الدورادو 1995"
"light-gmc-sonoma-1992","سبک جی‌ام‌سی سوناما 1992"
"light-mercedes benz-c220-1997","سبک مرسدس بنز سی 220 1997"
"light-kia-sportage-2007","سبک کیا اسپورتیج 2007"
"light-lincoln-mark-v-1979","سبک لینکلن مارک وی 1979"
"light-chevrolet-blazer-1991","سبک شورلت بلیزر 1991"
"light-ford-mustang-convertible-2013","سبک فورد ماستانگ کروک 2013"
"light-ssangyong-korando","سبک سانگ‌یانگ کوراندو"
"light-lexus-lx450-1996","سبک لکسوس ال‌ایکس 450 1996"
"light-chrysler-pt cruiser-2006","سبک کرایسلر pt کروزر 2006"
"light-volvo-240-1987","سبک ولوو 240 1987"
"light-mercedes benz-e550-2010","سبک مرسدس بنز ای 550 2010"
"light-buick-lacrosse-2015","سبک بیوک لاکراس 2015"
"light-bmw-135i-2009","سبک بی‌ام‌دبلیو 135 ای 2009"
"light-nissan-maxima-2008","سبک نیسان ماکسیما 2008"
"light-toyota-highlander-2014","سبک تویوتا های‌لندر 2014"
"light-mercury-topaz-1993","سبک مرکوری توپاز 1993"
"light-chevrolet-silverado-3500-1986","سبک شورلت سیلورادو 3500 1986"
"light-toyota-landcruiser-1980","سبک تویوتا لندکروز 1980"
"light-infiniti-fx35-2004","سبک اینفینیتی اف‌ایکس 35 2004"
"light-mercury-sable-1994","سبک مرکوری سیبل 1994"
"light-dodge-ram-1500-2003","سبک دوج رم 1500 2003"
"light-bmw-m5-2008","سبک بی‌ام‌دبلیو ام 5 2008"
"light-toyota-camry-le-2001","سبک تویوتا کمری ال‌ای 2001"
"light-lincoln-towncar-2000","سبک لینکلن تاون‌کار 2000"
"light-chevrolet-c-k2500-1997","سبک شورلت سی کی 2500 1997"
"light-subaru-impreza-2007","سبک سوبارو ایمپرزا 2007"
"light-mitsubishi-delica-1996","سبک میتسوبیشی دلیکا 1996"
"light-mercedes benz-r350-2007","سبک مرسدس بنز ار 350 2007"
"light-kia-sportage-1998","سبک کیا اسپورتیج 1998"
"light-infiniti-g35-coupe-2004","سبک اینفینیتی جی 35 کوپه 2004"
"light-chevrolet-caprice-1986","سبک شورلت کاپریس 1986"
"light-gmc-sierra-2500-1975","سبک جی‌ام‌سی سیرا 2500 1975"
"light-jeep-wrangler-1990","سبک جیپ رنگلر 1990"
"light-lincoln-zephyr-1941","سبک لینکلن زِفیِر 1941"
"light-chevrolet-c10-1974","سبک شورلت سی 10 1974"
"light-chevrolet-c10-1980","سبک شورلت سی 10 1980"
"light-scion-xb-2004","سبک سایون ایکس‌بی 2004"
"light-bmw-x1-2014","سبک بی‌ام‌دبلیو ایکس 1 2014"
"light-bmw-850i-1991","سبک بی‌ام‌دبلیو 850 ای 1991"
"light-ford-focus-2002","سبک فورد فوکوس 2002"
"light-ford-festiva-1990","سبک فورد فستیوا 1990"
"light-chevrolet-v10-1987","سبک شورلت وی 10 1987"
"light-toyota-camry-xle-2005","سبک تویوتا کمری ایکس ال ای 2005"
"light-mercedes benz-slk300-1992","سبک مرسدس بنز اس‌ال‌کی 300 1992"
"light-jeep-wrangler-sahara-2002","سبک جیپ رنگلر صحرا 2002"
"light-dodge-daytona-1989","سبک دوج دیتونا 1989"
"light-acura-tsx-2004","سبک آکورا تی‌اس‌ایکس 2004"
"light-honda-civic-hatchback-2002","سبک هوندا سیویک هاتچ‌بک 2002"
"light-gmc-sierra-2500-2004","سبک جی‌ام‌سی سیرا 2500 2004"
"light-toyota-camry-2004","سبک تویوتا کمری 2004"
"light-dodge-d150-1990","سبک دوج دی 150 1990"
"light-buick-special-1957","سبک بیوک اسپشیال 1957"
"light-honda-accord-2013","سبک هوندا آکورد 2013"
"light-buick-lesabre-1996","سبک بیوک لسبر 1996"
"light-suzuki-grand-vitara-1999","سبک سوزوکی گرند ویتارا 1999"
"light-mercedes benz-e500-2004","سبک مرسدس بنز ای 500 2004"
"light-mercedes benz-s55-2005","سبک مرسدس بنز اس 55 2005"
"light-chevrolet-blazer-1997","سبک شورلت بلیزر 1997"
"light-toyota-corolla-le-2007","سبک تویوتا کرولا ال‌ای 2007"
"light-saturn-sl-1996","سبک ساترن اس‌ال 1996"
"light-chery-queen","سبک چری کوئین"
"light-cadillac-brougham-1981","سبک کادیلاک براگام 1981"
"light-ford-f250-1954","سبک فورد اف 250 1954"
"light-mazda-6-2012","سبک مزدا 6 2012"
"light-mercedes benz-sl380-1984","سبک مرسدس بنز اس‌ال 380 1984"
"light-mercedes benz-se280-1978","سبک مرسدس بنز اس‌ای 280 1978"
"light-honda-civic-1998","سبک هوندا سیویک 1998"
"light-volkswagen-touareg-2004","سبک فولکس واگن توارگ 2004"
"light-cadillac-sts-1997","سبک کادیلاک اس‌تی‌اس 1997"
"light-lincoln-towncar-1982","سبک لینکلن تاون‌کار 1982"
"light-mercury-cougar-1989","سبک مرکوری کوگار 1989"
"light-oldsmobile-eightyeight-1992","سبک اولدزموبیل ایتیتیایت 1992"
"light-bmw-e36-1995","سبک بی‌ام‌دبلیو ای 36 1995"
"light-infiniti-fx45-2004","سبک اینفینیتی اف‌ایکس 45 2004"
"light-pontiac-grandprix-1962","سبک پونتیاک گرند پریکس 1962"
"light-gmc-sierra-1500-1985","سبک جی‌ام‌سی سیرا 1500 1985"
"light-hyundai-veracruz-2008","سبک هیوندای ورا کراس 2008"
"light-bmw-1-series-hatchback","سبک بی‌ام‌دبلیو 1 سری هاتچ‌بک"
"light-ford-mustang-1971","سبک فورد ماستانگ 1971"
"light-dodge-ram-3500-2004","سبک دوج رم 3500 2004"
"light-dodge-challenger-1978","سبک دوج چلنجر 1978"
"light-lexus-ls400-1992","سبک لکسوس ال‌اس 400 1992"
"light-toyota-highlander-2006","سبک تویوتا های‌لندر 2006"
"light-chevrolet-c10-1978","سبک شورلت سی 10 1978"
"light-porsche-911-2003","سبک پورشه 911 2003"
"light-toyota-corolla-s-2004","سبک تویوتا کرولا اس 2004"
"light-toyota-celica","سبک تویوتا سلیکا"
"light-mercedes benz-ml500-2004","سبک مرسدس بنز ام‌ال 500 2004"
"light-bmw-540i-2002","سبک بی‌ام‌دبلیو 540 ای 2002"
"light-mitsubishi-galant-2001","سبک میتسوبیشی گالانت 2001"
"light-jeep-cherokee-1999","سبک جیپ چروکی 1999"
"light-chevrolet-caprice-1966","سبک شورلت کاپریس 1966"
"light-mercedes benz-clk320-2004","سبک مرسدس بنز سی‌ال‌کا 320 2004"
"light-ford-fiesta-2012","سبک فورد فیستا 2012"
"light-bmw-335i-2014","سبک بی‌ام‌دبلیو 335 ای 2014"
"light-cadillac-sts-2008","سبک کادیلاک اس‌تی‌اس 2008"
"light-bmw-3series-1997","سبک بی‌ام‌دبلیو 3 سری 1997"
"light-jeep-patriot-2008","سبک جیپ پتریوت 2008"
"light-toyota-camry-solara-2001","سبک تویوتا کمری سولارا 2001"
"light-toyota-rav4-1999","سبک تویوتا راو 4 1999"
"light-isuzu-trooper-1986","سبک ایسوزو تروپر 1986"
"light-dodge-ram-3500-1992","سبک دوج رم 3500 1992"
"light-ford-mustang-convertible-1998","سبک فورد ماستانگ کروک 1998"
"light-volvo-v50-2002","سبک ولوو وی 50 2002"
"light-toyota-corolla-1987","سبک تویوتا کرولا 1987"
"light-subaru-wrx-2011","سبک سوبارو دبلیو‌آر‌ایکس 2011"
"light-hyundai-accent-2012","سبک هیوندای اکسنت 2012"
"light-lexus-ct-2012","سبک لکسوس سی‌تی 2012"
"light-oldsmobile-aurora-2001","سبک اولدزموبیل آرورا 2001"
"light-oldsmobile-alero-1999","سبک اولدزموبیل الرو 1999"
"light-audi-q7-2011","سبک آئودی کیو 7 2011"
"light-toyota-camry-le-1997","سبک تویوتا کمری ال‌ای 1997"
"light-ford-taurus-1990","سبک فورد تورس 1990"
"light-jeep-wagoneer-1987","سبک جیپ واگنییر 1987"
"light-acura-rl-2005","سبک آکورا آر ال 2005"
"light-pride-141","سبک پراید 141"
"light-toyota-celica-2001","سبک تویوتا سلیکا 2001"
"light-lexus-rx350-2009","سبک لکسوس آرایکس 350 2009"
"light-kia-amanti-2006","سبک کیا آمانتی 2006"
"light-chevrolet-corvette-2001","سبک شورلت کوروت 2001"
"light-mazda-3-2016","سبک مزدا 3 2016"
"light-buick-riviera-1964","سبک بیوک ریویرا 1964"
"light-ssangyong-musso-pick-up","سبک سانگ‌یانگ موسو پیک آپ"
"light-peugeot-407-wagon-2005","سبک پژو 407 واگن 2005"
"light-toyota-mr2-1987","سبک تویوتا ام آر 2 1987"
"light-lincoln-mks-2011","سبک لینکلن ام‌کی‌اس 2011"
"light-ford-freestar-2007","سبک فورد فری‌استار 2007"
"light-bmw-530xi-wagon-2006","سبک بی‌ام‌دبلیو 530 ایکس‌آی واگن 2006"
"light-oldsmobile-bravada-2004","سبک اولدزموبیل براوادا 2004"
"light-mercedes benz-sel450-1974","سبک مرسدس بنز سل 450 1974"
"light-jeep-grand-cherokee-2007","سبک جیپ گرند چروکی 2007"
"light-jeep-cj5-1982","سبک جیپ سی‌جی 5 1982"
"light-bmw-750i-2006","سبک بی‌ام‌دبلیو 750 ای 2006"
"light-mvm-c3-x33","سبک ام‌وی‌ام سی 3 ایکس 33"
"light-bmw-335i-2010","سبک بی‌ام‌دبلیو 335 ای 2010"
"light-ford-mustang-mach-1970","سبک فورد ماستانگ ماخ 1970"
"light-pontiac-g5-2009","سبک پونتیاک جی 5 2009"
"light-ford-escort-1992","سبک فورد اسکورت 1992"
"light-bentley-brooklands-1996","سبک بنتلی بروکلندز 1996"
"light-audi-q7-2009","سبک آئودی کیو 7 2009"
"light-oldsmobile-cutlass-1978","سبک اولدزموبیل کاتلاس 1978"
"light-jeep-cj5-1981","سبک جیپ سی‌جی 5 1981"
"light-lexus-es350-2004","سبک لکسوس ای اس 350 2004"
"light-jaguar-s-type-2003","سبک جگوار اس تایپ 2003"
"light-gmc-envoy-2005","سبک جی‌ام‌سی انوی 2005"
"light-plymouth-barracuda-1968","سبک پلیموت باراکودا 1968"
"light-mercedes benz-slk280-1996","سبک مرسدس بنز اس‌ال‌کی 280 1996"
"light-mercedes benz-190d-1988","سبک مرسدس بنز 190 دی 1988"
"light-bmw-3series-2008","سبک بی‌ام‌دبلیو 3 سری 2008"
"light-honda-accord-2001","سبک هوندا آکورد 2001"
"light-opel-astra-hatchback","سبک اوپل آسترا هاتچ‌بک"
"light-pontiac-grandprix-2002","سبک پونتیاک گرند پریکس 2002"
"light-mercury-monterey-1954","سبک مرکوری مانتری 1954"
"light-volvo-s60-2011","سبک ولوو اس 60 2011"
"light-buick-super-1948","سبک بیوک سوپر 1948"
"light-bmw-328is-1996","سبک بی‌ام‌دبلیو 328 ای اس 1996"
"light-audi-a6-quattro-2000","سبک آئودی ای 6 کواترو 2000"
"light-acura-legend-1993","سبک آکورا افسانه 1993"
"light-buick-parkavenue-1993","سبک بیوک پارک اونیو 1993"
"light-lexus-gx470-2003","سبک لکسوس جی‌ایکس 470 2003"
"light-suzuki-xl7-2008","سبک سوزوکی ایکس‌ال 7 2008"
"light-volkswagen-golf-2006","سبک فولکس واگن گلف 2006"
"light-ford-mustang","سبک فورد ماستانگ"
"light-toyota-rav4","سبک تویوتا راو 4"
"light-ford-probe-1994","سبک فورد پروب 1994"
"light-ford-f350-2016","سبک فورد اف 350 2016"
"light-mercedes benz-s600-2010","سبک مرسدس بنز اس 600 2010"
"light-dodge-charger-2013","سبک دوج شارجر 2013"
"light-mazda-mx6-2014","سبک مزدا ام ایکس 6 2014"
"light-borgward-bx5","سبک بورگوارد بی ایکس 5"
"light-lexus-sc400-1996","سبک لکسوس اس‌سی 400 1996"
"light-mercedes benz-ml320-2005","سبک مرسدس بنز ام‌ال 320 2005"
"light-mazda-cx-30","سبک مزدا سی‌ایکس 30"
"light-toyota-pickup-1986","سبک تویوتا پیکاپ 1986"
"light-jaguar-xj-1976","سبک جگوار ایکس‌جی 1976"
"light-smart-fortwo-2010","سبک اسمارت فورتو 2010"
"light-chevrolet-astro-2004","سبک شورلت آسترو 2004"
"light-gmc-sierra-2500-2013","سبک جی‌ام‌سی سیرا 2500 2013"
"light-dodge-ram-3500-2007","سبک دوج رم 3500 2007"
"light-opel-astra-station","سبک اوپل آسترا استیشن"
"light-lexus-rx350-2007","سبک لکسوس آرایکس 350 2007"
"light-ford-bronco-1981","سبک فورد برانکو 1981"
"light-ford-e450-2011","سبک فورد ای 450 2011"
"light-dodge-ram-1500-1992","سبک دوج رم 1500 1992"
"light-volkswagen-karmannghia-1974","سبک فولکس واگن کارمن‌گیا 1974"
"light-jeep-cj5-1980","سبک جیپ سی‌جی 5 1980"
"light-lincoln-towncar-1991","سبک لینکلن تاون‌کار 1991"
"light-ford-mustang-2010","سبک فورد ماستانگ 2010"
"light-chrysler-imperial-1967","سبک کرایسلر امپریال 1967"
"light-ford-e350-1985","سبک فورد ای 350 1985"
"light-pontiac-firebird-1988","سبک پونتیاک فایربرد 1988"
"light-mercury-villager-2002","سبک مرکوری ویلیجر 2002"
"light-saipa-atlas-s","سبک سایپا اطلس اس"
"light-bmw-m3-2007","سبک بی‌ام‌دبلیو ام 3 2007"
"light-suzuki-aerio-2002","سبک سوزوکی آریو 2002"
"light-gmc-sierra-1500-2012","سبک جی‌ام‌سی سیرا 1500 2012"
"light-buick-skylark-1998","سبک بیوک اسکایلارک 1998"
"light-buick-lacrosse-2007","سبک بیوک لاکراس 2007"
"light-ford-ranger-1994","سبک فورد رینجر 1994"
"light-audi-a4-cabriolet-2006","سبک آئودی ای 4 کابریولت 2006"
"light-toyota-camry-1994","سبک تویوتا کمری 1994"
"light-lifan-x70","سبک لیفان ایکس 70"
"light-ford-aerostar-1997","سبک فورد ایرواستار 1997"
"light-rollsroyce-silvershadow-1979","سبک رولزرویس سیلور شدو 1979"
"light-infiniti-g35-coupe-2005","سبک اینفینیتی جی 35 کوپه 2005"
"light-toyota-highlander-2016","سبک تویوتا های‌لندر 2016"
"light-nissan-frontier-2001","سبک نیسان فرانتیر 2001"
"light-infiniti-m35-2006","سبک اینفینیتی ام 35 2006"
"light-mercedes benz-e350-2007","سبک مرسدس بنز ای 350 2007"
"light-isuzu-trooper-1989","سبک ایسوزو تروپر 1989"
"light-honda-element-2005","سبک هوندا المنت 2005"
"light-toyota-pickup-1994","سبک تویوتا پیکاپ 1994"
"light-ford-e250-2000","سبک فورد ای 250 2000"
"light-scion-xb-2008","سبک سایون ایکس‌بی 2008"
"light-oldsmobile-442-1972","سبک اولدزموبیل 442 1972"
"light-maserati-quattroporte-2006","سبک مازراتی کواتروپورته 2006"
"light-toyota-camry-2014","سبک تویوتا کمری 2014"
"light-pontiac-catalina-1978","سبک پونتیاک کاتالینا 1978"
"light-dodge-dakota-2003","سبک دوج داکوتا 2003"
"light-buick-riviera-1998","سبک بیوک ریویرا 1998"
"light-ford-e150-2010","سبک فورد ای 150 2010"
"light-saturn-sw2-1999","سبک ساترن اس‌دبلیو 2 1999"
"light-nissan-seranza","سبک نیسان سرانزا"
"light-hyundai-elantra-2002","سبک هیوندای الانترا 2002"
"light-mitsubishi-eclipse-2004","سبک میتسوبیشی اکلیپس 2004"
"light-lexus-gs460-2008","سبک لکسوس جی‌اس 460 2008"
"light-mercedes benz-gla45-2016","سبک مرسدس بنز جی‌ال‌ای 45 2016"
"light-dodge-ramcharger-1987","سبک دوج رم‌چارجر 1987"
"light-daewoo-nubira-1999","سبک دوو نوبیرا 1999"
"light-mercedes benz-slk320-2004","سبک مرسدس بنز اس‌ال‌کی 320 2004"
"light-ford-grand torino-1976","سبک فورد گرند torino 1976"
"light-ford-courier-2008","سبک فورد کوریِر 2008"
"light-dodge-avenger-1997","سبک دوج اونجر 1997"
"light-mazda-3-hatchback-2008","سبک مزدا 3 هاتچ‌بک 2008"
"light-mazda-3-2009","سبک مزدا 3 2009"
"light-ford-f150-1999","سبک فورد اف 150 1999"
"light-saipa-karvan","سبک سایپا کاروان"
"light-suzuki-xl7-2001","سبک سوزوکی ایکس‌ال 7 2001"
"light-dodge-dakota-2006","سبک دوج داکوتا 2006"
"light-toyota-fjcruiser-2009","سبک تویوتا اف‌جی کروزر 2009"
"light-dodge-cummins-1993","سبک دوج کامینز 1993"
"light-volvo-s90-1999","سبک ولوو اس 90 1999"
"light-lincoln-mkz-2007","سبک لینکلن ام‌کی‌زد 2007"
"light-volkswagen-bug-1974","سبک فولکس واگن بگ 1974"
"light-toyota-corolla-2012","سبک تویوتا کرولا 2012"
"light-ford-grand torino-1971","سبک فورد گرند torino 1971"
"light-kia-spectra-2007","سبک کیا اسپکترا 2007"
"light-chevrolet-corsica-1989","سبک شورلت کورسیکا 1989"
"light-peugeot-roa-sal","سبک پژو روآ سال"
"light-chevrolet-c10-1976","سبک شورلت سی 10 1976"
"light-mazda-6-2014","سبک مزدا 6 2014"
"light-ford-ranger-1995","سبک فورد رینجر 1995"
"light-bmw-135i-2010","سبک بی‌ام‌دبلیو 135 ای 2010"
"light-kia-sedona-2002","سبک کیا سدونا 2002"
"light-bmw-530i-2008","سبک بی‌ام‌دبلیو 530 ای 2008"
"light-iran-khodro-rira-ev","سبک ایران خودرو ریرا الکتریکی"
"light-nissan-hardbody-1993","سبک نیسان هارد‌بادی 1993"
"light-hyundai-genesis-2013","سبک هیوندای جنسیس 2013"
"light-kia-forte-2016","سبک کیا فورته 2016"
"light-mercedes benz-s430-1999","سبک مرسدس بنز اس 430 1999"
"light-cadillac-seville-1996","سبک کادیلاک سویل 1996"
"light-toyota-corolla-ce-2001","سبک تویوتا کرولا سی‌ئی 2001"
"light-toyota-landcruiser-1985","سبک تویوتا لندکروز 1985"
"light-ford-thunderbird-2003","سبک فورد تاندر‌برد 2003"
"light-datsun-car","سبک داتسون کار"
"light-toyota-rav4-1997","سبک تویوتا راو 4 1997"
"light-ford-thunderbird-1994","سبک فورد تاندر‌برد 1994"
"light-nissan-gtr-2009","سبک نیسان جی‌تی‌آر 2009"
"light-chevrolet-corvette-1977","سبک شورلت کوروت 1977"
"light-oldsmobile-aurora-1997","سبک اولدزموبیل آرورا 1997"
"light-dodge-dynasty-1992","سبک دوج داینستی 1992"
"light-samand-lx","سبک سمند ال‌ایکس"
"light-ford-bronco-1991","سبک فورد برانکو 1991"
"light-lexus-ls460-2008","سبک لکسوس ال‌اس 460 2008"
"light-mercedes benz-gl320-2008","سبک مرسدس بنز جی‌ال 320 2008"
"light-bmw-116i","سبک بی‌ام‌دبلیو 116 ای"
"light-jeep-wrangler-1986","سبک جیپ رنگلر 1986"
"light-toyota-camry-solara-2007","سبک تویوتا کمری سولارا 2007"
"light-chevrolet-monza-1980","سبک شورلت مونزا 1980"
"light-nissan-pathfinder-2002","سبک نیسان پث‌فایندر 2002"
"light-chevrolet-c-k1500-1990","سبک شورلت سی کی 1500 1990"
"light-chrysler-windsor-1949","سبک کرایسلر ویندسور 1949"
"light-chrysler-lebaron-1990","سبک کرایسلر لبران 1990"
"light-jeep-cj5-1970","سبک جیپ سی‌جی 5 1970"
"light-volvo-940-1993","سبک ولوو 940 1993"
"light-honda-civic-1988","سبک هوندا سیویک 1988"
"light-volvo-v40-2005","سبک ولوو وی 40 2005"
"light-mitsubishi-lancer-2008","سبک میتسوبیشی لنسر 2008"
"light-mercedes benz-s430-1994","سبک مرسدس بنز اس 430 1994"
"light-saturn-sky-2009","سبک ساترن اسکای 2009"
"light-chevrolet-camaro-2015","سبک شورلت کامارو 2015"
"light-chrysler-300-1967","سبک کرایسلر 300 1967"
"light-buick-lesabre-2005","سبک بیوک لسبر 2005"
"light-dodge-stratus-2003","سبک دوج استراتوس 2003"
"light-landrover-rangerover-2007","سبک لندروور رِنج روور 2007"
"light-suzuki-forenza-2001","سبک سوزوکی فورِنزا 2001"
"light-jeep-cherokee-1988","سبک جیپ چروکی 1988"
"light-mazda-mx5-miata-2006","سبک مزدا ام ایکس 5 میاتا 2006"
"light-toyota-celica-1982","سبک تویوتا سلیکا 1982"
"light-ford-e150-1994","سبک فورد ای 150 1994"
"light-chevrolet-camaro-2010","سبک شورلت کامارو 2010"
"light-plymouth-valiant-1974","سبک پلیموت ولیانت 1974"
"light-mercedes benz-gl550-2009","سبک مرسدس بنز جی‌ال 550 2009"
"light-kia-sorento-2006","سبک کیا سورنتو 2006"
"light-jeep-wrangler-2008","سبک جیپ رنگلر 2008"
"light-gmc-sonoma-1987","سبک جی‌ام‌سی سوناما 1987"
"light-mazda-cx7-2007","سبک مزدا سی‌ایکس 7 2007"
"light-mercury-monterey-1963","سبک مرکوری مانتری 1963"
"light-ford-e450-1999","سبک فورد ای 450 1999"
"light-toyota-4runner-1990","سبک تویوتا 4 رانر 1990"
"light-gmc-suburban-2500-1992","سبک جی‌ام‌سی سابربن 2500 1992"
"light-dodge-charger-1989","سبک دوج شارجر 1989"
"light-ford-mustang-convertible-1987","سبک فورد ماستانگ کروک 1987"
"light-mazda-mx5-miata-2002","سبک مزدا ام ایکس 5 میاتا 2002"
"light-nissan-pathfinder-2011","سبک نیسان پث‌فایندر 2011"
"light-kmc-t8","سبک کی‌ام‌سی تی 8"
"light-mazda-b2500-1999","سبک مزدا بی 2500 1999"
"light-bmw-745i-1984","سبک بی‌ام‌دبلیو 745 ای 1984"
"light-chevrolet-corvette-1986","سبک شورلت کوروت 1986"
"light-volvo-s60-2003","سبک ولوو اس 60 2003"
"light-hyundai-tiburon-2006","سبک هیوندای تیبورون 2006"
"light-mercedes benz-cl500-2000","سبک مرسدس بنز سی‌ال 500 2000"
"light-lincoln-navigator-2010","سبک لینکلن نویگیتور 2010"
"light-saturn-sw2-1995","سبک ساترن اس‌دبلیو 2 1995"
"light-infiniti-q50-2014","سبک اینفینیتی کیو 50 2014"
"light-subaru-tribeca-2008","سبک سوبارو تریبکا 2008"
"light-cadillac-xlr-2004","سبک کادیلاک ایکس‌اِل‌آر 2004"
"light-chevrolet-k10-1981","سبک شورلت کی 10 1981"
"light-lincoln-mks-2009","سبک لینکلن ام‌کی‌اس 2009"
"light-jeep-pickup","سبک جیپ پیکاپ"
"light-kia-rio-2014","سبک کیا ریو 2014"
"light-chevrolet-camaro-2000","سبک شورلت کامارو 2000"
"light-volvo-s40-2010","سبک ولوو اس 40 2010"
"light-ford-thunderbird-2004","سبک فورد تاندر‌برد 2004"
"light-gmc-c1500-1989","سبک جی‌ام‌سی سی 1500 1989"
"light-ford-mustang-1973","سبک فورد ماستانگ 1973"
"light-mercedes benz-ml500-2007","سبک مرسدس بنز ام‌ال 500 2007"
"light-cadillac-eldorado-1967","سبک کادیلاک الدورادو 1967"
"light-ford-e150-1982","سبک فورد ای 150 1982"
"light-ford-grand torino-1973","سبک فورد گرند torino 1973"
"light-cadillac-fleetwood-1966","سبک کادیلاک فلیت‌وود 1966"
"light-bmw-540i-2000","سبک بی‌ام‌دبلیو 540 ای 2000"
"light-bmw-325ci-2001","سبک بی‌ام‌دبلیو 325 سی‌آی 2001"
"light-mazda-626-2004","سبک مزدا 626 2004"
"light-bmw-e30-1987","سبک بی‌ام‌دبلیو ای 30 1987"
"light-toyota-echo-2001","سبک تویوتا اکو 2001"
"light-mazda-b4000-1999","سبک مزدا بی 4000 1999"
"light-volkswagen-gti-1992","سبک فولکس واگن جی‌تی‌آی 1992"
"light-chrysler-royal-1949","سبک کرایسلر رویال 1949"
"light-dodge-neon-2006","سبک دوج نون 2006"
"light-toyota-supra-1988","سبک تویوتا سوپرا 1988"
"light-chevrolet-camaro-1967","سبک شورلت کامارو 1967"
"light-pontiac-bonneville-1979","سبک پونتیاک بانوویل 1979"
"light-gmc-vandura-1990","سبک جی‌ام‌سی وندورا 1990"
"light-lexus-lx470-2000","سبک لکسوس ال‌ایکس 470 2000"
"light-pontiac-grandprix-1979","سبک پونتیاک گرند پریکس 1979"
"light-volvo-xc90-2007","سبک ولوو ایکس‌سی 90 2007"
"light-ford-f250-2005","سبک فورد اف 250 2005"
"light-mitsubishi-galant-2010","سبک میتسوبیشی گالانت 2010"
"light-porsche-911-2006","سبک پورشه 911 2006"
"light-porsche-944-1990","سبک پورشه 944 1990"
"light-dodge-rumble bee-2004","سبک دوج rumble bee 2004"
"light-gmc-yukon-1500-2011","سبک جی‌ام‌سی یوکون 1500 2011"
"light-mercury-sable-2002","سبک مرکوری سیبل 2002"
"light-volkswagen-passat-wagon-2002","سبک فولکس واگن پاسات واگن 2002"
"light-ford-explorer-2009","سبک فورد اکسپلورر 2009"
"light-porsche-boxster-2003","سبک پورشه باکستر 2003"
"light-mazda-mx5-miata-1992","سبک مزدا ام ایکس 5 میاتا 1992"
"light-chrysler-300-2011","سبک کرایسلر 300 2011"
"light-lexus-gs300-1993","سبک لکسوس جی‌اس 300 1993"
"light-chevrolet-c-k2500-1998","سبک شورلت سی کی 2500 1998"
"light-pride-132","سبک پراید 132"
"light-volkswagen-fox-1989","سبک فولکس واگن فاکس 1989"
"light-hyundai-sonata-yf","سبک هیوندای سوناتا وای‌اف"
"light-isuzu-rodeo-1993","سبک ایسوزو رودئو 1993"
"light-landrover-discovery-2000","سبک لندروور دیسکاوری 2000"
"light-dodge-w200-1974","سبک دوج دبلیو 200 1974"
"light-jeep-cherokee-1995","سبک جیپ چروکی 1995"
"light-buick-riviera-1976","سبک بیوک ریویرا 1976"
"light-dodge-dakota-1993","سبک دوج داکوتا 1993"
"light-volkswagen-van","سبک فولکس واگن ون"
"light-bmw-330i-2004","سبک بی‌ام‌دبلیو 330 ای 2004"
"light-hyundai-tucson-2012","سبک هیوندای توکسون 2012"
"light-maxus-star-h","سبک مکسوس استار اچ"
"light-chevrolet-prizm-2000","سبک شورلت پریزم 2000"
"light-gmc-denali-2016","سبک جی‌ام‌سی دنالی 2016"
"light-chevrolet-cavalier-2002","سبک شورلت کاوالیر 2002"
"light-pontiac-transam-1976","سبک پونتیاک ترانس‌ام 1976"
"light-chevrolet-astro-2005","سبک شورلت آسترو 2005"
"light-nissan-sentra-2008","سبک نیسان سنترا 2008"
"light-mercedes benz-300d-1983","سبک مرسدس بنز 300 دی 1983"
"light-jeep-wrangler-tj-1998","سبک جیپ رنگلر تی‌جی 1998"
"light-honda-cr-v-2000","سبک هوندا سی ار وی 2000"
"light-mercedes benz-clk430-2000","سبک مرسدس بنز سی‌ال‌کا 430 2000"
"light-audi-a4-1996","سبک آئودی ای 4 1996"
"light-nissan-quest-1999","سبک نیسان کوئست 1999"
"light-chrysler-pt cruiser-2003","سبک کرایسلر pt کروزر 2003"
"light-peugeot-406","سبک پژو 406"
"light-gmc-topkick-1994","سبک جی‌ام‌سی تاپ‌کیک 1994"
"light-volkswagen-beetle-2004","سبک فولکس واگن بیتل 2004"
"light-mercedes benz-e500-2003","سبک مرسدس بنز ای 500 2003"
"light-chevrolet-c10-1963","سبک شورلت سی 10 1963"
"light-pontiac-sunfire-2000","سبک پونتیاک سان‌فایر 2000"
"light-mazda-mpv-1998","سبک مزدا ام‌پی‌وی 1998"
"light-nissan-skyline-1990","سبک نیسان اسکایلاین 1990"
"light-mitsubishi-galant","سبک میتسوبیشی گالانت"
"light-paykan-pickup","سبک پیکان پیکاپ"
"light-honda-civic-hatchback-1997","سبک هوندا سیویک هاتچ‌بک 1997"
"light-bmw-m3-2003","سبک بی‌ام‌دبلیو ام 3 2003"
"light-honda-element-2007","سبک هوندا المنت 2007"
"light-ssangyong-khan","سبک سانگ‌یانگ خان"
"light-mitsubishi-outlander-2010","سبک میتسوبیشی آوتلندر 2010"
"light-mercedes benz-e350-2009","سبک مرسدس بنز ای 350 2009"
"light-ford-f150-2001","سبک فورد اف 150 2001"
"light-dodge-cummins-1994","سبک دوج کامینز 1994"
"light-bmw-m3-2001","سبک بی‌ام‌دبلیو ام 3 2001"
"light-volkswagen-bug-1998","سبک فولکس واگن بگ 1998"
"light-mercedes benz-sl550-2008","سبک مرسدس بنز اس‌ال 550 2008"
"light-ford-expedition-2011","سبک فورد اکسپدیشن 2011"
"light-chevrolet-cobalt-2006","سبک شورلت کبالت 2006"
"light-cadillac-srx-2005","سبک کادیلاک اس‌آر‌ایکس 2005"
"light-honda-civic-hatchback-2003","سبک هوندا سیویک هاتچ‌بک 2003"
"light-chevrolet-malibu-1994","سبک شورلت مالیبو 1994"
"light-toyota-landcruiser-1983","سبک تویوتا لندکروز 1983"
"light-volvo-740-1989","سبک ولوو 740 1989"
"light-pontiac-firebird-1980","سبک پونتیاک فایربرد 1980"
"light-ford-five hundred-2006","سبک فورد five hundred 2006"
"light-acura-rl-1998","سبک آکورا آر ال 1998"
"light-honda-crx-1988","سبک هوندا سی‌آر‌ایکس 1988"
"light-gmc-sierra-3500-2007","سبک جی‌ام‌سی سیرا 3500 2007"
"light-audi-tt-2001","سبک آئودی تی‌تی 2001"
"light-suzuki-esteem-1999","سبک سوزوکی استیم 1999"
"light-mercedes benz-s420-1999","سبک مرسدس بنز اس 420 1999"
"light-gmc-k1500-1990","سبک جی‌ام‌سی کی 1500 1990"
"light-dodge-stratus-2007","سبک دوج استراتوس 2007"
"light-bmw-x5-2003","سبک بی‌ام‌دبلیو ایکس 5 2003"
"light-audi-a8-2001","سبک آئودی ای 8 2001"
"light-porsche-924-1980","سبک پورشه 924 1980"
"light-mercedes benz-sdl300-1987","سبک مرسدس بنز اس‌دی‌ال 300 1987"
"light-chevrolet-s10-2004","سبک شورلت اس 10 2004"
"light-maxmotor-tiara-prime","سبک مکس‌موتور تیارا پرایم"
"light-dodge-d100-1984","سبک دوج دی 100 1984"
"light-dodge-charger-1974","سبک دوج شارجر 1974"
"light-nissan-rogue-2016","سبک نیسان روگ 2016"
"light-pontiac-montana-2014","سبک پونتیاک مونتانا 2014"
"light-volkswagen-jetta-1999","سبک فولکس واگن جتا 1999"
"light-volvo-760-1990","سبک ولوو 760 1990"
"light-chevrolet-k10-1986","سبک شورلت کی 10 1986"
"light-chevrolet-cheyenne-1973","سبک شورلت شاین 1973"
"light-mercury-villager-2001","سبک مرکوری ویلیجر 2001"
"light-mazda-b3000-2002","سبک مزدا بی 3000 2002"
"light-chevrolet-sierra-1993","سبک شورلت سیرا 1993"
"light-gmc-denali-2001","سبک جی‌ام‌سی دنالی 2001"
"light-toyota-t100-1997","سبک تویوتا تی 100 1997"
"light-dodge-ram-1500-2009","سبک دوج رم 1500 2009"
"light-jaguar-xf-2011","سبک جگوار ایکس اف 2011"
"light-mazda-929-1993","سبک مزدا 929 1993"
"light-volkswagen-vanagon-1985","سبک فولکس واگن وناگون 1985"
"light-chevrolet-v20-1991","سبک شورلت وی 20 1991"
"light-infiniti-g37-2010","سبک اینفینیتی جی 37 2010"
"light-mercedes benz-e430-2000","سبک مرسدس بنز ای 430 2000"
"light-toyota-landcruiser-1998","سبک تویوتا لندکروز 1998"
"light-saturn-sc2-1997","سبک ساترن اس‌سی 2 1997"
"light-kia-sportage-2008","سبک کیا اسپورتیج 2008"
"light-dodge-w100-1994","سبک دوج دبلیو 100 1994"
"light-kia-sportage-2010","سبک کیا اسپورتیج 2010"
"light-toyota-levin-hybrid-1800cc","سبک تویوتا لوین هیبرید 1800 سی‌سی"
"light-pontiac-transam-1998","سبک پونتیاک ترانس‌ام 1998"
"light-honda-civic-1984","سبک هوندا سیویک 1984"
"light-cadillac-deville-2004","سبک کادیلاک دویل 2004"
"light-isuzu-trooper-2002","سبک ایسوزو تروپر 2002"
"light-chevrolet-express-2008","سبک شورلت اکسپرس 2008"
"light-buick-riviera-1970","سبک بیوک ریویرا 1970"
"light-amc-hornet-1976","سبک ای‌ام‌سی هورنت 1976"
"light-ford-crown victoria-1993","سبک فورد کراون victoria 1993"
"light-chevrolet-c10-1983","سبک شورلت سی 10 1983"
"light-dodge-shadow-1994","سبک دوج شدو 1994"
"light-chevrolet-camaro-1997","سبک شورلت کامارو 1997"
"light-lincoln-towncar-2002","سبک لینکلن تاون‌کار 2002"
"light-mercedes benz-s65-2007","سبک مرسدس بنز اس 65 2007"
"light-toyota-corolla-1978","سبک تویوتا کرولا 1978"
"light-oldsmobile-cutlass-1981","سبک اولدزموبیل کاتلاس 1981"
"light-chevrolet-el camino-1978","سبک شورلت ال camino 1978"
"light-kia-forte-2010","سبک کیا فورته 2010"
"light-acura-tl-2001","سبک آکورا تی‌ال 2001"
"light-toyota-camry-le-2005","سبک تویوتا کمری ال‌ای 2005"
"light-ford-aspire-1997","سبک فورد اسپایر 1997"
"light-gmc-k1500-1995","سبک جی‌ام‌سی کی 1500 1995"
"light-subaru-tribeca-2006","سبک سوبارو تریبکا 2006"
"light-gmc-sierra-1500-2004","سبک جی‌ام‌سی سیرا 1500 2004"
"light-chevrolet-stepside-1978","سبک شورلت استپساید 1978"
"light-chevrolet-lumina-1991","سبک شورلت لومینا 1991"
"light-lexus-sc300-1994","سبک لکسوس اس‌سی 300 1994"
"light-audi-a5-2015","سبک آئودی ای 5 2015"
"light-bmw-760i-2004","سبک بی‌ام‌دبلیو 760 ای 2004"
"light-isuzu-rodeo-2004","سبک ایسوزو رودئو 2004"
"light-audi-tt-2012","سبک آئودی تی‌تی 2012"
"light-toyota-corolla-2011","سبک تویوتا کرولا 2011"
"light-mercedes benz-c230-2013","سبک مرسدس بنز سی 230 2013"
"light-honda-accord-2016","سبک هوندا آکورد 2016"
"light-dodge-ram-3500-2006","سبک دوج رم 3500 2006"
"light-dodge-d100-1977","سبک دوج دی 100 1977"
"light-nissan-cube-2012","سبک نیسان کیوب 2012"
"light-chrysler-lhs-2001","سبک کرایسلر ال‌اچ‌اس 2001"
"light-honda-civic-coupe-2007","سبک هوندا سیویک کوپه 2007"
"light-bmw-328i-1995","سبک بی‌ام‌دبلیو 328 ای 1995"
"light-kia-spectra5-2005","سبک کیا اسپکترا 5 2005"
"light-ford-mustang-gt-convertible-2002","سبک فورد ماستانگ جی‌تی کروک 2002"
"light-gmc-safari-2004","سبک جی‌ام‌سی سافاری 2004"
"light-honda-element-2012","سبک هوندا المنت 2012"
"light-ford-f250-1969","سبک فورد اف 250 1969"
"light-lexus-gs350-2013","سبک لکسوس جی‌اس 350 2013"
"light-chevrolet-silverado-1990","سبک شورلت سیلورادو 1990"
"light-chevrolet-corvette-1973","سبک شورلت کوروت 1973"
"light-subaru-forester-2009","سبک سوبارو فورستر 2009"
"light-rich-rich","سبک ثروتمند ثروتمند"
"light-acura-legend-1989","سبک آکورا افسانه 1989"
"light-gmc-sierra-1500-1989","سبک جی‌ام‌سی سیرا 1500 1989"
"light-ford-edge-2015","سبک فورد ادج 2015"
"light-scion-xd-2003","سبک سایون ایکس‌دی 2003"
"light-suzuki-sx4-2012","سبک سوزوکی اس‌ایکس 4 2012"
"light-mini-cooper-2004","سبک مینی کوپر 2004"
"light-nissan-frontier-1991","سبک نیسان فرانتیر 1991"
"light-chrysler-cirrus-1998","سبک کرایسلر سیرَس 1998"
"light-buick-invicta-1961","سبک بیوک اینویکتا 1961"
"light-volkswagen-beetle-1965","سبک فولکس واگن بیتل 1965"
"light-mercedes benz-s350-2006","سبک مرسدس بنز اس 350 2006"
"light-subaru-legacy-2011","سبک سوبارو لگاسی 2011"
"light-toyota-tundra-2007","سبک تویوتا تاندرا 2007"
"light-audi-s4-2001","سبک آئودی اس 4 2001"
"light-volvo-xc90-2008","سبک ولوو ایکس‌سی 90 2008"
"light-willys-cj2a-1946","سبک ویلیز سی‌جی 2 ای 1946"
"light-lexus-gs300-2004","سبک لکسوس جی‌اس 300 2004"
"light-kmc-ej7-plus","سبک کی‌ام‌سی ای‌جی 7 پلاس"
"light-nissan-altima-1997","سبک نیسان آلتیما 1997"
"light-dodge-cummins-2005","سبک دوج کامینز 2005"
"light-toyota-camry-solara-2000","سبک تویوتا کمری سولارا 2000"
"light-mitsubishi-eclipse-2012","سبک میتسوبیشی اکلیپس 2012"
"light-mercedes benz-clk430-2002","سبک مرسدس بنز سی‌ال‌کا 430 2002"
"light-cadillac-sts-2009","سبک کادیلاک اس‌تی‌اس 2009"
"light-chevrolet-3600-1955","سبک شورلت 3600 1955"
"light-chery-tiggo-7","سبک چری تیگو 7"
"light-dodge-ram-1500-2014","سبک دوج رم 1500 2014"
"light-pontiac-grandam-1989","سبک پونتیاک گرند ام 1989"
"light-chevrolet-montecarlo-2002","سبک شورلت مونت‌کارلو 2002"
"light-volkswagen-eos-2009","سبک فولکس واگن ای‌او‌اس 2009"
"light-bmw-x5-2013","سبک بی‌ام‌دبلیو ایکس 5 2013"
"light-ford-ranchero-1958","سبک فورد رانچرو 1958"
"light-honda-delsol-1995","سبک هوندا دل‌سول 1995"
"light-buick-riviera-1999","سبک بیوک ریویرا 1999"
"light-gmc-sierra-3500-1999","سبک جی‌ام‌سی سیرا 3500 1999"
"light-toyota-starlet-1981","سبک تویوتا استارلت 1981"
"light-toyota-camry-le-2012","سبک تویوتا کمری ال‌ای 2012"
"light-dodge-ram-1500-2007","سبک دوج رم 1500 2007"
"light-amc-rambler-1969","سبک ای‌ام‌سی رمبلر 1969"
"light-landrover-lr4-2002","سبک لندروور ال‌آر 4 2002"
"light-ford-explorer-2002","سبک فورد اکسپلورر 2002"
"light-saab-900-1995","سبک ساب 900 1995"
"light-chrysler-sebring-2003","سبک کرایسلر سبرینگ 2003"
"light-infiniti-i35-2001","سبک اینفینیتی ای 35 2001"
"light-pontiac-grandprix-1980","سبک پونتیاک گرند پریکس 1980"
"light-nissan-juke-2011","سبک نیسان جوک 2011"
"light-pontiac-parisienne-1965","سبک پونتیاک پاریژین 1965"
"light-oldsmobile-ninetyeight-1990","سبک اولدزموبیل ناین‌تی‌اییت 1990"
"light-oldsmobile-ninetyeight-1976","سبک اولدزموبیل ناین‌تی‌اییت 1976"
"light-jeep-cj5-1968","سبک جیپ سی‌جی 5 1968"
"light-porsche-944-1984","سبک پورشه 944 1984"
"light-plymouth-deluxe-1935","سبک پلیموت دلوکس 1935"
"light-lincoln-continental-1998","سبک لینکلن کانتیننتال 1998"
"light-toyota-supra-1995","سبک تویوتا سوپرا 1995"
"light-lexus-gx470-2004","سبک لکسوس جی‌ایکس 470 2004"
"light-jeep-compass-2010","سبک جیپ کامپس 2010"
"light-hyundai-accent-2013","سبک هیوندای اکسنت 2013"
"light-gmc-jimmy-1993","سبک جی‌ام‌سی جیمی 1993"
"light-hyundai-santafe-2001","سبک هیوندای سانتافه 2001"
"light-ford-f250-2000","سبک فورد اف 250 2000"
"light-haval-h2-ir","سبک هول اچ 2 ای ار"
"light-nissan-350z-2003","سبک نیسان 350 زد 2003"
"light-isuzu-vehicross-2000","سبک ایسوزو وهیکراس 2000"
"light-lexus-ls400-1991","سبک لکسوس ال‌اس 400 1991"
"light-bmw-3series-2009","سبک بی‌ام‌دبلیو 3 سری 2009"
"light-scion-tc-2007","سبک سایون تی‌سی 2007"
"light-dodge-ram-1500-2001","سبک دوج رم 1500 2001"
"light-chevrolet-avalanche-2002","سبک شورلت آوالانچ 2002"
"light-volkswagen-tiguan-2010","سبک فولکس واگن تیگوان 2010"
"light-infiniti-fx35-2009","سبک اینفینیتی اف‌ایکس 35 2009"
"light-acura-legend-1996","سبک آکورا افسانه 1996"
"light-honda-accord-2 door-2002","سبک هوندا آکورد 2 درب 2002"
"light-dodge-shadow-1992","سبک دوج شدو 1992"
"light-lincoln-continental-1989","سبک لینکلن کانتیننتال 1989"
"light-dodge-cummins-2006","سبک دوج کامینز 2006"
"light-borgward-bx7","سبک بورگوارد بی ایکس 7"
"light-chrysler-sebring-1998","سبک کرایسلر سبرینگ 1998"
"light-buick-skylark-1997","سبک بیوک اسکایلارک 1997"
"light-suzuki-samurai-1972","سبک سوزوکی سامورایی 1972"
"light-mercedes benz-s430-2004","سبک مرسدس بنز اس 430 2004"
"light-mazda-mpv-2003","سبک مزدا ام‌پی‌وی 2003"
"light-mercedes benz-sel400-1993","سبک مرسدس بنز سل 400 1993"
"light-ford-mustang-1999","سبک فورد ماستانگ 1999"
"light-ram-1500-2012","سبک رم 1500 2012"
"light-gmc-yukon-1500-1996","سبک جی‌ام‌سی یوکون 1500 1996"
"light-jeep-wrangler-1996","سبک جیپ رنگلر 1996"
"light-nissan-xterra-2001","سبک نیسان اکستررا 2001"
"light-nissan-240sx-1993","سبک نیسان 240 اس‌ایکس 1993"
"light-jeep-compass-2012","سبک جیپ کامپس 2012"
"light-acura-integra-1991","سبک آکورا اینتگرا 1991"
"light-isuzu-axiom-2002","سبک ایسوزو اکسیوم 2002"
"light-chevrolet-avalanche-2001","سبک شورلت آوالانچ 2001"
"light-chevrolet-uplander-2008","سبک شورلت آپ‌لندر 2008"
"light-volkswagen-caddy","سبک فولکس واگن کدی"
"light-bmw-850ci-1993","سبک بی‌ام‌دبلیو 850 سی‌آی 1993"
"light-ford-cabriolet-1929","سبک فورد کابریولت 1929"
"light-cadillac-ats-2015","سبک کادیلاک اِی‌تی‌اس 2015"
"light-mazda-mx3-1993","سبک مزدا ام ایکس 3 1993"
"light-volkswagen-jetta-wagon-2006","سبک فولکس واگن جتا واگن 2006"
"light-infiniti-fx45-2005","سبک اینفینیتی اف‌ایکس 45 2005"
"light-gmc-c1500-1991","سبک جی‌ام‌سی سی 1500 1991"
"light-jaguar-s-type-2007","سبک جگوار اس تایپ 2007"
"light-acura-tl-2008","سبک آکورا تی‌ال 2008"
"light-amc-javelin-1968","سبک ای‌ام‌سی جاولین 1968"
"light-mercedes benz-ml320-2008","سبک مرسدس بنز ام‌ال 320 2008"
"light-dodge-grand caravan-1991","سبک دوج گرند caravan 1991"
"light-haima-s7-plus","سبک هایما اس 7 پلاس"
"light-lincoln-continental-1948","سبک لینکلن کانتیننتال 1948"
"light-honda-civic-coupe-1997","سبک هوندا سیویک کوپه 1997"
"light-lincoln-continental-2002","سبک لینکلن کانتیننتال 2002"
"light-jeep-cj5-1977","سبک جیپ سی‌جی 5 1977"
"light-chevrolet-aveo-2006","سبک شورلت آویو 2006"
"light-toyota-corolla-s-2011","سبک تویوتا کرولا اس 2011"
"light-saab-9-3-convertible-2007","سبک ساب 9 3 کروک 2007"
"light-buick-regal-2001","سبک بیوک ریگال 2001"
"light-lexus-lx470-2007","سبک لکسوس ال‌ایکس 470 2007"
"light-toyota-4runner-2001","سبک تویوتا 4 رانر 2001"
"light-haval-m4","سبک هول ام 4"
"light-mazda-mx5-miata-1991","سبک مزدا ام ایکس 5 میاتا 1991"
"light-acura-rdx-2014","سبک آکورا آر‌دی‌ایکس 2014"
"light-nissan-frontier-1987","سبک نیسان فرانتیر 1987"
"light-cadillac-seville-1976","سبک کادیلاک سویل 1976"
"light-kia-optima-2015","سبک کیا اپتیما 2015"
"light-toyota-corolla-le-2006","سبک تویوتا کرولا ال‌ای 2006"
"light-buick-skylark-1968","سبک بیوک اسکایلارک 1968"
"light-isuzu-npr-1992","سبک ایسوزو ان‌پی‌آر 1992"
"light-audi-q5-2009","سبک آئودی کیو 5 2009"
"light-datsun-b210-1976","سبک داتسون بی 210 1976"
"light-suzuki-grand-vitara-2012","سبک سوزوکی گرند ویتارا 2012"
"light-toyota-landcruiser-1972","سبک تویوتا لندکروز 1972"
"light-ford-thunderbird-1960","سبک فورد تاندر‌برد 1960"
"light-ford-f350-1966","سبک فورد اف 350 1966"
"light-toyota-tundra-2005","سبک تویوتا تاندرا 2005"
"light-mercedes benz-c240-2003","سبک مرسدس بنز سی 240 2003"
"light-chevrolet-tahoe-2005","سبک شورلت تاهو 2005"
"light-chevrolet-malibu-1971","سبک شورلت مالیبو 1971"
"light-volvo-760-wagon-1987","سبک ولوو 760 واگن 1987"
"light-chevrolet-venture-1998","سبک شورلت ونچر 1998"
"light-volkswagen-passat-wagon-2001","سبک فولکس واگن پاسات واگن 2001"
"light-toyota-corolla-le-2003","سبک تویوتا کرولا ال‌ای 2003"
"light-mercury-grandmarquis-1991","سبک مرکوری گرند مارکویس 1991"
"light-lincoln-blackwood-2002","سبک لینکلن بلک‌وود 2002"
"light-mazda-mx6-2008","سبک مزدا ام ایکس 6 2008"
"light-chevrolet-scottsdale-1984","سبک شورلت اسکاتس‌دیل 1984"
"light-toyota-tacoma-1998","سبک تویوتا تاکوما 1998"
"light-jeep-cherokee-2000","سبک جیپ چروکی 2000"
"light-jeep-cj7-1982","سبک جیپ سی‌جی 7 1982"
"light-chevrolet-silverado-2005","سبک شورلت سیلورادو 2005"
"light-pontiac-g6-2005","سبک پونتیاک جی 6 2005"
"light-mazda-millenia-1996","سبک مزدا میلینیا 1996"
"light-daewoo-lanos-2001","سبک دوو لانس 2001"
"light-gmc-sonoma-2001","سبک جی‌ام‌سی سوناما 2001"
"light-dodge-w150-1992","سبک دوج دبلیو 150 1992"
"light-toyota-highlander-2005","سبک تویوتا های‌لندر 2005"
"light-kia-soul-2010","سبک کیا سول 2010"
"light-dodge-grand caravan-2001","سبک دوج گرند caravan 2001"
"light-ford-mustang-gt-convertible-2007","سبک فورد ماستانگ جی‌تی کروک 2007"
"light-chevrolet-lumina-2000","سبک شورلت لومینا 2000"
"light-pontiac-montana-1998","سبک پونتیاک مونتانا 1998"
"light-bmw-335i-2001","سبک بی‌ام‌دبلیو 335 ای 2001"
"light-chrysler-300-2010","سبک کرایسلر 300 2010"
"light-kia-cerato-coupe","سبک کیا سراتو کوپه"
"light-nissan-stanza-1991","سبک نیسان ستانزا 1991"
"light-bmw-z4-2005","سبک بی‌ام‌دبلیو زد 4 2005"
"light-triumph-vitesse-1965","سبک تریومف وی‌تس 1965"
"light-ford-f350-1994","سبک فورد اف 350 1994"
"light-pontiac-sunfire-1999","سبک پونتیاک سان‌فایر 1999"
"light-mazda-b2200-1986","سبک مزدا بی 2200 1986"
"light-hyosow-t205-pickup","سبک هیوساو تی 205 پیکاپ"
"light-mazda-protege-1993","سبک مزدا پروتژه 1993"
"light-honda-prelude-1987","سبک هوندا پرلود 1987"
"light-fiat-500","سبک فیات 500"
"light-mitsubishi-galant-1991","سبک میتسوبیشی گالانت 1991"
"light-ford-mustang-gt-2012","سبک فورد ماستانگ جی‌تی 2012"
"light-chevrolet-suburban-1971","سبک شورلت سابربن 1971"
"light-mercedes benz-sl450-1972","سبک مرسدس بنز اس‌ال 450 1972"
"light-chevrolet-blazer-2006","سبک شورلت بلیزر 2006"
"light-hummer-h3-2009","سبک هامر اچ 3 2009"
"light-chrysler-pt cruiser-2002","سبک کرایسلر pt کروزر 2002"
"light-toyota-matrix-2007","سبک تویوتا ماتریکس 2007"
"light-mercedes benz-c230-2010","سبک مرسدس بنز سی 230 2010"
"light-mazda-mx6-1998","سبک مزدا ام ایکس 6 1998"
"light-bmw-650i-2009","سبک بی‌ام‌دبلیو 650 ای 2009"
"light-jaguar-xf-2012","سبک جگوار ایکس اف 2012"
"light-chrysler-new yorker-1994","سبک کرایسلر جدید yorker 1994"
"light-chrysler-concorde-2000","سبک کرایسلر کانکورد 2000"
"light-volvo-850-wagon-1997","سبک ولوو 850 واگن 1997"
"light-opel-kadett-1969","سبک اوپل کادت 1969"
"light-bmw-535i-1988","سبک بی‌ام‌دبلیو 535 ای 1988"
"light-ford-mustang-1993","سبک فورد ماستانگ 1993"
"light-mercedes-benz-s-class","سبک مرسدس بنز اس کلاس"
"heavy-jac","سنگین جک"
"light-ram-3500-2007","سبک رم 3500 2007"
"light-mercedes benz-c280-2000","سبک مرسدس بنز سی 280 2000"
"light-chevrolet-blazer-1971","سبک شورلت بلیزر 1971"
"light-chevrolet-astro-1995","سبک شورلت آسترو 1995"
"light-gmc-suburban-1500-2005","سبک جی‌ام‌سی سابربن 1500 2005"
"light-daewoo-racer","سبک دوو ریسر"
"light-toyota-t100-1996","سبک تویوتا تی 100 1996"
"light-ford-escape-2013","سبک فورد اسکیپ 2013"
"light-mazda-rx8-2008","سبک مزدا آرایکس 8 2008"
"light-lincoln-mark-viii-1995","سبک لینکلن مارک هشت 1995"
"light-jeep-cj7-1980","سبک جیپ سی‌جی 7 1980"
"light-lincoln-towncar-2003","سبک لینکلن تاون‌کار 2003"
"light-toyota-landcruiser-2008","سبک تویوتا لندکروز 2008"
"light-jac-van","سبک جک ون"
"light-audi-s6-2004","سبک آئودی اس 6 2004"
"light-pontiac-bonneville-1997","سبک پونتیاک بانوویل 1997"
"light-ford-bronco-1985","سبک فورد برانکو 1985"
"light-dodge-ram-1500-2002","سبک دوج رم 1500 2002"
"light-volkswagen-bug-1963","سبک فولکس واگن بگ 1963"
"light-mercedes benz-slr-2000","سبک مرسدس بنز اس‌ال‌آر 2000"
"light-cadillac-deville-1950","سبک کادیلاک دویل 1950"
"light-cadillac-deville-2003","سبک کادیلاک دویل 2003"
"light-chevrolet-beretta-1997","سبک شورلت برتا 1997"
"light-saturn-aura-2007","سبک ساترن آورا 2007"
"light-toyota-rav4-2010","سبک تویوتا راو 4 2010"
"light-gmc-acadia-2013","سبک جی‌ام‌سی آکادیا 2013"
"light-volvo-240-1991","سبک ولوو 240 1991"
"light-acura-rl-2001","سبک آکورا آر ال 2001"
"light-hyundai-genesis-sedan","سبک هیوندای جنسیس سدان"
"light-pontiac-transam-1977","سبک پونتیاک ترانس‌ام 1977"
"light-gmc-sierra-2500-2014","سبک جی‌ام‌سی سیرا 2500 2014"
"light-bmw-2002","سبک بی‌ام‌دبلیو 2002"
"light-landrover-discovery-1998","سبک لندروور دیسکاوری 1998"
"light-chevrolet-silverado-3500-1992","سبک شورلت سیلورادو 3500 1992"
"light-porsche-914-1970","سبک پورشه 914 1970"
"light-chevrolet-3100-1951","سبک شورلت 3100 1951"
"light-acura-integra-1999","سبک آکورا اینتگرا 1999"
"light-haval-m4-ir","سبک هول ام 4 ای ار"
"light-honda-cr-v-2005","سبک هوندا سی ار وی 2005"
"light-jaguar-xk-2001","سبک جگوار ایکس‌کی 2001"
"light-cadillac-sts-2003","سبک کادیلاک اس‌تی‌اس 2003"
"light-lincoln-navigator-2004","سبک لینکلن نویگیتور 2004"
"light-dodge-grand caravan-2008","سبک دوج گرند caravan 2008"
"light-ford-escort-1988","سبک فورد اسکورت 1988"
"light-bmw-540i-2001","سبک بی‌ام‌دبلیو 540 ای 2001"
"light-venucia-big-v","سبک ونوسیا بیگ وی"
"light-infiniti-fx35-2007","سبک اینفینیتی اف‌ایکس 35 2007"
"light-chevrolet-silverado-3500-2002","سبک شورلت سیلورادو 3500 2002"
"light-volkswagen-bug-2006","سبک فولکس واگن بگ 2006"
"light-jaguar-x-type-1995","سبک جگوار ایکس تایپ 1995"
"light-dodge-w250-2006","سبک دوج دبلیو 250 2006"
"light-dodge-dart-1968","سبک دوج دارت 1968"
"light-jeep-commander-2008","سبک جیپ کماندر 2008"
"light-kia-sedona-2003","سبک کیا سدونا 2003"
"light-nissan-pathfinder-2006","سبک نیسان پث‌فایندر 2006"
"light-chevrolet-c10-1964","سبک شورلت سی 10 1964"
"light-mercedes benz-ml320-2009","سبک مرسدس بنز ام‌ال 320 2009"
"light-saturn-l200-2001","سبک ساترن ال 200 2001"
"light-mazda-3n-sedan-ir","سبک مزدا 3 ان سدان ای ار"
"light-chevrolet-cobalt-2009","سبک شورلت کبالت 2009"
"light-volkswagen-gti-1998","سبک فولکس واگن جی‌تی‌آی 1998"
"light-landrover-rangerover-1998","سبک لندروور رِنج روور 1998"
"light-lincoln-navigator-2009","سبک لینکلن نویگیتور 2009"
"light-oldsmobile-bravada-2001","سبک اولدزموبیل براوادا 2001"
"light-oldsmobile-eightyeight-1996","سبک اولدزموبیل ایتیتیایت 1996"
"light-chrysler-pacifica-2008","سبک کرایسلر پاسفیکا 2008"
"light-mercury-monterey-1955","سبک مرکوری مانتری 1955"
"light-ford-thunderbird-1957","سبک فورد تاندر‌برد 1957"
"light-volvo-s80-2010","سبک ولوو اس 80 2010"
"light-toyota-fj-cruiser","سبک تویوتا اف‌جی کروزر"
"light-oldsmobile-bravada-2002","سبک اولدزموبیل براوادا 2002"
"light-chevrolet-colorado-2010","سبک شورلت کلرادو 2010"
"light-volvo-240-wagon-1989","سبک ولوو 240 واگن 1989"
"light-suzuki-verona-2005","سبک سوزوکی ورونا 2005"
"light-gmc-vandura-2008","سبک جی‌ام‌سی وندورا 2008"
"light-volkswagen-touareg-2008","سبک فولکس واگن توارگ 2008"
"light-toyota-van-1986","سبک تویوتا ون 1986"
"light-isuzu-trooper-1996","سبک ایسوزو تروپر 1996"
"light-suzuki-vitara-2000","سبک سوزوکی ویتارا 2000"
"light-plymouth-breeze-1998","سبک پلیموت بریز 1998"
"light-honda-insight-2010","سبک هوندا اینسایت 2010"
"light-toyota-corolla-1993","سبک تویوتا کرولا 1993"
"light-mercedes benz-gl450-2009","سبک مرسدس بنز جی‌ال 450 2009"
"light-saturn-vue-2010","سبک ساترن ویو 2010"
"light-mercury-mountaineer-2001","سبک مرکوری مونتینیر 2001"
"light-jeep-wrangler-tj-2002","سبک جیپ رنگلر تی‌جی 2002"
"light-lincoln-towncar-1994","سبک لینکلن تاون‌کار 1994"
"light-isuzu-hombre-2000","سبک ایسوزو آمبری 2000"
"light-volkswagen-bug-2010","سبک فولکس واگن بگ 2010"
"light-mitsubishi-eclipse-2008","سبک میتسوبیشی اکلیپس 2008"
"light-chevrolet-c5500-2003","سبک شورلت سی 5500 2003"
"light-infiniti-m45-2004","سبک اینفینیتی ام 45 2004"
"light-bmw-650i-2008","سبک بی‌ام‌دبلیو 650 ای 2008"
"light-toyota-tundra-2016","سبک تویوتا تاندرا 2016"
"light-buick-reatta-1988","سبک بیوک ریاتا 1988"
"light-plymouth-voyager-2003","سبک پلیموت وویجر 2003"
"light-pontiac-parisienne-1985","سبک پونتیاک پاریژین 1985"
"light-mazda-b2200-1993","سبک مزدا بی 2200 1993"
"light-chrysler-concorde-1994","سبک کرایسلر کانکورد 1994"
"light-peugeot-405","سبک پژو 405"
"light-lincoln-mkx-2014","سبک لینکلن ام‌کی‌ایکس 2014"
"light-saab-9-5-2006","سبک ساب 9 5 2006"
"light-cadillac-cts-2012","سبک کادیلاک سی‌تی‌اس 2012"
"light-chevrolet-malibu-1979","سبک شورلت مالیبو 1979"
"light-mercury-comet-1961","سبک مرکوری کامت 1961"
"light-nissan-kicks","سبک نیسان کیکس"
"light-chevrolet-cheyenne-1974","سبک شورلت شاین 1974"
"light-mazda-b3000-1998","سبک مزدا بی 3000 1998"
"light-toyota-corolla-1982","سبک تویوتا کرولا 1982"
"light-mercury-cougar-1970","سبک مرکوری کوگار 1970"
"light-dodge-dakota-1999","سبک دوج داکوتا 1999"
"light-lamari-eama","سبک لاماری ایما"
"light-volkswagen-beetle-1979","سبک فولکس واگن بیتل 1979"
"light-infiniti-g37-2009","سبک اینفینیتی جی 37 2009"
"light-chevrolet-blazer-1989","سبک شورلت بلیزر 1989"
"light-cadillac-eldorado-1997","سبک کادیلاک الدورادو 1997"
"light-jeep-wrangler-unlimited-1991","سبک جیپ رنگلر آنلیمیتد 1991"
"light-toyota-corolla-1998","سبک تویوتا کرولا 1998"
"light-mercedes benz-cls550-2008","سبک مرسدس بنز سی‌ال‌اس 550 2008"
"light-honda-pilot-2012","سبک هوندا پایلوت 2012"
"light-toyota-prius-2006","سبک تویوتا پریوس 2006"
"light-chevrolet-classic-1957","سبک شورلت کلاسیک 1957"
"light-bmw-z4-2003","سبک بی‌ام‌دبلیو زد 4 2003"
"light-buick-skylark-1965","سبک بیوک اسکایلارک 1965"
"light-toyota-4runner-1985","سبک تویوتا 4 رانر 1985"
"light-chevrolet-camaro-1977","سبک شورلت کامارو 1977"
"light-buick-regal-1981","سبک بیوک ریگال 1981"
"light-mitsubishi-montero-2004","سبک میتسوبیشی مونترو 2004"
"light-honda-odyssey-1998","سبک هوندا ادسی 1998"
"light-lexus-ls430-2001","سبک لکسوس ال‌اس 430 2001"
"light-chevrolet-silverado-1983","سبک شورلت سیلورادو 1983"
"light-dodge-spirit-1992","سبک دوج اسپریت 1992"
"light-honda-cr-v-1990","سبک هوندا سی ار وی 1990"
"light-jaguar-xj-2004","سبک جگوار ایکس‌جی 2004"
"light-chevrolet-g20-1989","سبک شورلت جی 20 1989"
"light-volkswagen-scirocco-1986","سبک فولکس واگن شیرُکو 1986"
"light-ford-mustang-convertible-2014","سبک فورد ماستانگ کروک 2014"
"light-ford-f100-1976","سبک فورد اف 100 1976"
"light-porsche-panamera","سبک پورشه پانامرا"
"light-ford-e450-1997","سبک فورد ای 450 1997"
"light-audi-s6-2007","سبک آئودی اس 6 2007"
"light-kmc-ej7","سبک کی‌ام‌سی ای‌جی 7"
"light-jeep-wrangler-1993","سبک جیپ رنگلر 1993"
"light-ford-coupe-1931","سبک فورد کوپه 1931"
"light-chrysler-lhs-1997","سبک کرایسلر ال‌اچ‌اس 1997"
"light-volkswagen-tiguan","سبک فولکس واگن تیگوان"
"light-ford-pinto-1979","سبک فورد پینتو 1979"
"light-gmc-jimmy-1983","سبک جی‌ام‌سی جیمی 1983"
"light-gmc-terrain-2013","سبک جی‌ام‌سی ترِرِین 2013"
"light-dodge-durango-1999","سبک دوج دورانگو 1999"
"light-toyota-tercel-1992","سبک تویوتا ترسل 1992"
"light-buick-regal-2004","سبک بیوک ریگال 2004"
"light-fownix-fx","سبک فونییکس اف‌ایکس"
"light-hyundai-volester-2013","سبک هیوندای ولستر 2013"
"light-buick-skylark-1977","سبک بیوک اسکایلارک 1977"
"light-buick-century-1989","سبک بیوک سنتوری 1989"
"light-lexus-ls460-2009","سبک لکسوس ال‌اس 460 2009"
"light-gmc-k10-1967","سبک جی‌ام‌سی کی 10 1967"
"light-ford-freestar-2006","سبک فورد فری‌استار 2006"
"light-subaru-impreza-2014","سبک سوبارو ایمپرزا 2014"
"light-jeep-cj7-1976","سبک جیپ سی‌جی 7 1976"
"light-pontiac-sunfire-1997","سبک پونتیاک سان‌فایر 1997"
"light-ford-taurus-2004","سبک فورد تورس 2004"
"light-ford-e250-2009","سبک فورد ای 250 2009"
"light-chevrolet-k10-1969","سبک شورلت کی 10 1969"
"light-isuzu-npr-1998","سبک ایسوزو ان‌پی‌آر 1998"
"light-nissan-titan-2008","سبک نیسان تایتان 2008"
"light-mercedes benz-clk430-1999","سبک مرسدس بنز سی‌ال‌کا 430 1999"
"light-chevrolet-c10-1962","سبک شورلت سی 10 1962"
"light-volvo-v70-2006","سبک ولوو وی 70 2006"
"light-cadillac-deville-1972","سبک کادیلاک دویل 1972"
"light-volvo-740-1990","سبک ولوو 740 1990"
"light-changan-eado","سبک چانگان ای‌دو"
"light-porsche-boxster-1999","سبک پورشه باکستر 1999"
"light-jeep-liberty-2010","سبک جیپ لیبرتی 2010"
"light-saturn-sl1-2001","سبک ساترن اس‌ال 1 2001"
"light-kia-rio-2012","سبک کیا ریو 2012"
"light-chevrolet-camaro-1976","سبک شورلت کامارو 1976"
"light-mercedes benz-s420-1997","سبک مرسدس بنز اس 420 1997"
"light-hyundai-excel","سبک هیوندای اکسل"
"light-chrysler-300-2008","سبک کرایسلر 300 2008"
"light-ford-f250-1965","سبک فورد اف 250 1965"
"light-mitsubishi-mighty max-1988","سبک میتسوبیشی mighty ماکس 1988"
"light-hyundai-elantra-2003","سبک هیوندای الانترا 2003"
"light-chevrolet-montecarlo-2000","سبک شورلت مونت‌کارلو 2000"
"light-chrysler-200-2007","سبک کرایسلر 200 2007"
"light-cadillac-cimarron-1985","سبک کادیلاک سی‌مارون 1985"
"light-lincoln-towncar-1998","سبک لینکلن تاون‌کار 1998"
"light-gmc-suburban-1500-1969","سبک جی‌ام‌سی سابربن 1500 1969"
"light-infiniti-g35-2002","سبک اینفینیتی جی 35 2002"
"light-toyota-pickup-1979","سبک تویوتا پیکاپ 1979"
"light-mitsubishi-galant-2009","سبک میتسوبیشی گالانت 2009"
"light-gmc-jimmy-1994","سبک جی‌ام‌سی جیمی 1994"
"light-chevrolet-bel air-1955","سبک شورلت بل هوا 1955"
"light-subaru-baja-2005","سبک سوبارو باها 2005"
"light-mercedes benz-ht350-2006","سبک مرسدس بنز اچ‌تی 350 2006"
"light-ford-e450-2006","سبک فورد ای 450 2006"
"light-nissan-altima-1993","سبک نیسان آلتیما 1993"
"light-capra-single-cabin","سبک کاپرا تکی کابین"
"light-nissan-armada-2007","سبک نیسان آرمادا 2007"
"light-samand-soren","سبک سمند سورن"
"light-mercedes benz-clk350-2007","سبک مرسدس بنز سی‌ال‌کا 350 2007"
"light-ford-f100-1972","سبک فورد اف 100 1972"
"light-kia-cadenza","سبک کیا کادنزا"
"light-volvo-s60-1998","سبک ولوو اس 60 1998"
"light-ford-contour-1995","سبک فورد کنتور 1995"
"light-honda-accord-2 door-2006","سبک هوندا آکورد 2 درب 2006"
"light-pontiac-vibe-2010","سبک پونتیاک وایب 2010"
"light-mazda-626-1991","سبک مزدا 626 1991"
"light-acura-legend-2001","سبک آکورا افسانه 2001"
"light-toyota-corolla-2001","سبک تویوتا کرولا 2001"
"light-mercedes benz-r500-2006","سبک مرسدس بنز ار 500 2006"
"light-mazda-millenia-1998","سبک مزدا میلینیا 1998"
"light-lexus-ls400-2001","سبک لکسوس ال‌اس 400 2001"
"light-gmc-jimmy-1992","سبک جی‌ام‌سی جیمی 1992"
"light-mazda-mpv-1994","سبک مزدا ام‌پی‌وی 1994"
"light-gmc-yukon-1500-1991","سبک جی‌ام‌سی یوکون 1500 1991"
"light-bmw-735i-1987","سبک بی‌ام‌دبلیو 735 ای 1987"
"light-mercedes benz-e320-1998","سبک مرسدس بنز ای 320 1998"
"light-chevrolet-tahoe-2013","سبک شورلت تاهو 2013"
"light-jeep-wrangler-1995","سبک جیپ رنگلر 1995"
"light-samand-sarir","سبک سمند سرير"
"light-bentley-continental-2012","سبک بنتلی کانتیننتال 2012"
"light-pride-sedan","سبک پراید سدان"
"light-pontiac-bonneville-1977","سبک پونتیاک بانوویل 1977"
"light-acura-integra-1986","سبک آکورا اینتگرا 1986"
"light-mercedes benz-ml550-2012","سبک مرسدس بنز ام‌ال 550 2012"
"light-gmc-sierra-3500-2012","سبک جی‌ام‌سی سیرا 3500 2012"
"light-chevrolet-bel air-1967","سبک شورلت بل هوا 1967"
"light-mitsubishi-galant-1995","سبک میتسوبیشی گالانت 1995"
"light-opel-astra-2007","سبک اوپل آسترا 2007"
"light-chevrolet-suburban-2004","سبک شورلت سابربن 2004"
"light-mazda-mpv-1992","سبک مزدا ام‌پی‌وی 1992"
"light-toyota-previa-1995","سبک تویوتا پرویا 1995"
"light-toyota-camry-se-2002","سبک تویوتا کمری اس‌ای 2002"
"light-infiniti-m45-2007","سبک اینفینیتی ام 45 2007"
"light-subaru-outback-1999","سبک سوبارو آوت‌بک 1999"
"light-toyota-avalon-2008","سبک تویوتا اوالون 2008"
"light-toyota-rav4-2001","سبک تویوتا راو 4 2001"
"light-kia-sorento-2003","سبک کیا سورنتو 2003"
"light-nissan-pathfinder-2007","سبک نیسان پث‌فایندر 2007"
"light-bmw-128i-2013","سبک بی‌ام‌دبلیو 128 ای 2013"
"light-chevrolet-c60-1987","سبک شورلت سی 60 1987"
"light-honda-odyssey-2007","سبک هوندا ادسی 2007"
"light-cadillac-fleetwood-1981","سبک کادیلاک فلیت‌وود 1981"
"light-baic-sabrina","سبک بایک سابرینا"
"light-toyota-matrix-2010","سبک تویوتا ماتریکس 2010"
"light-oldsmobile-cutlass-1971","سبک اولدزموبیل کاتلاس 1971"
"light-gmc-yukon-1500-2004","سبک جی‌ام‌سی یوکون 1500 2004"
"light-ford-fairlane-1963","سبک فورد فیرلین 1963"
"light-chevrolet-metro-2001","سبک شورلت مترو 2001"
"light-nissan-quest-2008","سبک نیسان کوئست 2008"
"light-volkswagen-gti-2007","سبک فولکس واگن جی‌تی‌آی 2007"
"light-mercedes benz-e350-2006","سبک مرسدس بنز ای 350 2006"
"light-buick-electra-1972","سبک بیوک الکترا 1972"
"light-ssangyong-rexton-ir","سبک سانگ‌یانگ رکستون ای ار"
"light-volvo-c70-2002","سبک ولوو سی 70 2002"
"light-saturn-sc1-2002","سبک ساترن اس‌سی 1 2002"
"light-mercedes benz-b200-2008","سبک مرسدس بنز بی 200 2008"
"light-mazda-626-1996","سبک مزدا 626 1996"
"light-ford-crown victoria-1991","سبک فورد کراون victoria 1991"
"light-jeep-wrangler-unlimited-2012","سبک جیپ رنگلر آنلیمیتد 2012"
"light-infiniti-j30-1993","سبک اینفینیتی جی 30 1993"
"light-porsche-cayman-2007","سبک پورشه کایمن 2007"
"light-mercury-capri-1982","سبک مرکوری کاپری 1982"
"light-saturn-relay-2007","سبک ساترن ریلی 2007"
"light-chevrolet-malibu-2012","سبک شورلت مالیبو 2012"
"light-dodge-ramcharger-1984","سبک دوج رم‌چارجر 1984"
"light-infiniti-q45-1995","سبک اینفینیتی کیو 45 1995"
"light-dodge-cummins-1992","سبک دوج کامینز 1992"
"light-bmw-328i-2011","سبک بی‌ام‌دبلیو 328 ای 2011"
"light-runna-el","سبک رونا ال"
"light-chevrolet-impala-1974","سبک شورلت ایمپالا 1974"
"light-chevrolet-avalanche-2012","سبک شورلت آوالانچ 2012"
"light-subaru-legacy-2006","سبک سوبارو لگاسی 2006"
"light-mercedes benz-sl500-1998","سبک مرسدس بنز اس‌ال 500 1998"
"light-ford-f450-1995","سبک فورد اف 450 1995"
"light-ford-aspire-1996","سبک فورد اسپایر 1996"
"light-chevrolet-blazer-1973","سبک شورلت بلیزر 1973"
"light-toyota-supra-1994","سبک تویوتا سوپرا 1994"
"light-jeep-cherokee-2006","سبک جیپ چروکی 2006"
"light-saturn-l300-2004","سبک ساترن ال 300 2004"
"light-oldsmobile-ninetyeight-1996","سبک اولدزموبیل ناین‌تی‌اییت 1996"
"light-ford-fusion-2014","سبک فورد فیوژن 2014"
"light-jeep-scrambler-1981","سبک جیپ اسکرامبلر 1981"
"light-chevrolet-corvette-1994","سبک شورلت کوروت 1994"
"light-nissan-frontier-2006","سبک نیسان فرانتیر 2006"
"light-toyota-sequoia-2008","سبک تویوتا سکویا 2008"
"light-mazda-protege-1996","سبک مزدا پروتژه 1996"
"light-gmc-envoy-2004","سبک جی‌ام‌سی انوی 2004"
"light-lotus-elise-2005","سبک لوتوس الیزه 2005"
"light-gmc-sonoma-1995","سبک جی‌ام‌سی سوناما 1995"
"light-bmw-550i-2009","سبک بی‌ام‌دبلیو 550 ای 2009"
"light-jeep-wrangler-rubicon-2013","سبک جیپ رنگلر روبی‌کان 2013"
"light-volkswagen-tiguan-2013","سبک فولکس واگن تیگوان 2013"
"light-bmw-525i-1997","سبک بی‌ام‌دبلیو 525 ای 1997"
"light-ford-probe-1993","سبک فورد پروب 1993"
"light-chevrolet-s10-1984","سبک شورلت اس 10 1984"
"light-saab-9-5-2008","سبک ساب 9 5 2008"
"light-ford-mustang-gt-2011","سبک فورد ماستانگ جی‌تی 2011"
"light-porsche-928-1979","سبک پورشه 928 1979"
"light-mitsubishi-eclipse-2011","سبک میتسوبیشی اکلیپس 2011"
"light-mercedes benz-cl550-2008","سبک مرسدس بنز سی‌ال 550 2008"
"light-bmw-320i-2013","سبک بی‌ام‌دبلیو 320 ای 2013"
"light-ford-f450-2008","سبک فورد اف 450 2008"
"light-toyota-sienna-2004","سبک تویوتا سیِنا 2004"
"light-mitsubishi-raider-2006","سبک میتسوبیشی رِیدر 2006"
"light-suzuki-sidekick-1997","سبک سوزوکی سایدکیک 1997"
"light-isuzu-rodeo-1991","سبک ایسوزو رودئو 1991"
"light-honda-accord-2 door-2008","سبک هوندا آکورد 2 درب 2008"
"light-subaru-impreza-2013","سبک سوبارو ایمپرزا 2013"
"light-mitsubishi-mirage-1997","سبک میتسوبیشی میرَج 1997"
"light-mazda-b3000-2006","سبک مزدا بی 3000 2006"
"light-plymouth-fury-1965","سبک پلیموت فیوری 1965"
"light-mercury-monterey-2007","سبک مرکوری مانتری 2007"
"light-bmw-320i-1999","سبک بی‌ام‌دبلیو 320 ای 1999"
"light-audi-s5-2013","سبک آئودی اس 5 2013"
"light-volvo-s80-1999","سبک ولوو اس 80 1999"
"light-volvo-s60-2005","سبک ولوو اس 60 2005"
"light-porsche-911-2007","سبک پورشه 911 2007"
"light-mercury-cougar-1998","سبک مرکوری کوگار 1998"
"light-gmc-sierra-3500-1994","سبک جی‌ام‌سی سیرا 3500 1994"
"light-lexus-es300-1996","سبک لکسوس ای اس 300 1996"
"light-pontiac-grandprix-2007","سبک پونتیاک گرند پریکس 2007"
"light-volkswagen-passat-wagon-1997","سبک فولکس واگن پاسات واگن 1997"
"light-bmw-m3-2009","سبک بی‌ام‌دبلیو ام 3 2009"
"light-ds-6","سبک دی‌اس 6"
"light-changan-cs35-ir","سبک چانگان سی‌اس 35 ای ار"
"light-gmc-sierra-3500-2006","سبک جی‌ام‌سی سیرا 3500 2006"
"light-lincoln-aviator-2003","سبک لینکلن آویاتور 2003"
"light-nissan-roniz","سبک نیسان رونیز"
"light-chevrolet-malibu-2008","سبک شورلت مالیبو 2008"
"light-mazda-rx7-1989","سبک مزدا آرایکس 7 1989"
"light-mercury-comet-1965","سبک مرکوری کامت 1965"
"light-toyota-tacoma-1993","سبک تویوتا تاکوما 1993"
"light-dodge-avenger-1998","سبک دوج اونجر 1998"
"light-ford-mustang-gt-1997","سبک فورد ماستانگ جی‌تی 1997"
"light-oldsmobile-eightyeight-1988","سبک اولدزموبیل ایتیتیایت 1988"
"light-chevrolet-cobalt-2002","سبک شورلت کبالت 2002"
"light-ford-f450-2007","سبک فورد اف 450 2007"
"light-eagle-talon-1997","سبک ایگل تلون 1997"
"light-jeep-liberty-2007","سبک جیپ لیبرتی 2007"
"light-jeep-wrangler-2010","سبک جیپ رنگلر 2010"
"light-toyota-landcruiser-1997","سبک تویوتا لندکروز 1997"
"light-cadillac-fleetwood-1987","سبک کادیلاک فلیت‌وود 1987"
"light-mercedes benz-sl500-2005","سبک مرسدس بنز اس‌ال 500 2005"
"light-buick-regal-1997","سبک بیوک ریگال 1997"
"light-buick-parkavenue-2003","سبک بیوک پارک اونیو 2003"
"light-bmw-550i-2011","سبک بی‌ام‌دبلیو 550 ای 2011"
"light-porsche-911-1976","سبک پورشه 911 1976"
"light-dodge-neon-1990","سبک دوج نون 1990"
"light-pontiac-g8-2008","سبک پونتیاک جی 8 2008"
"light-chevrolet-k10-1984","سبک شورلت کی 10 1984"
"light-mercedes benz-sel420-1988","سبک مرسدس بنز سل 420 1988"
"light-mazda-626-1998","سبک مزدا 626 1998"
"light-dodge-magnum-2000","سبک دوج مگنوم 2000"
"light-buick-lucerne-2000","سبک بیوک لوسرن 2000"
"heavy-maz","سنگین ماز"
"light-suzuki-sx4-2008","سبک سوزوکی اس‌ایکس 4 2008"
"light-honda-civic-1991","سبک هوندا سیویک 1991"
"light-dayun-y7","سبک دایون وای 7"
"light-toyota-camry-se-2007","سبک تویوتا کمری اس‌ای 2007"
"light-cadillac-eldorado-1968","سبک کادیلاک الدورادو 1968"
"light-dodge-charger-2007","سبک دوج شارجر 2007"
"light-dodge-avenger-2006","سبک دوج اونجر 2006"
"light-saturn-sl2-1991","سبک ساترن اس‌ال 2 1991"
"light-ford-windstar-2001","سبک فورد وینداستار 2001"
"light-kmc-j7","سبک کی‌ام‌سی جی 7"
"light-mercedes benz-clk350-2009","سبک مرسدس بنز سی‌ال‌کا 350 2009"
"light-mazda-cx9-2009","سبک مزدا سی‌ایکس 9 2009"
"light-toyota-camry-solara-2005","سبک تویوتا کمری سولارا 2005"
"light-mercedes benz-c300-2013","سبک مرسدس بنز سی 300 2013"
"light-gmc-caballero-1978","سبک جی‌ام‌سی کابایرو 1978"
"light-mercedes benz-ml320-2004","سبک مرسدس بنز ام‌ال 320 2004"
"light-gmc-sierra-3500-2000","سبک جی‌ام‌سی سیرا 3500 2000"
"light-chevrolet-silverado-3500-1999","سبک شورلت سیلورادو 3500 1999"
"light-mercury-sable-2009","سبک مرکوری سیبل 2009"
"light-bmw-5-series-sedan","سبک بی‌ام‌دبلیو 5 سری سدان"
"light-mercedes benz-cl600-2005","سبک مرسدس بنز سی‌ال 600 2005"
"light-mercedes benz-e320-2007","سبک مرسدس بنز ای 320 2007"
"light-isuzu-double-cabin","سبک ایسوزو دوگانه کابین"
"light-mercury-grandmarquis-2003","سبک مرکوری گرند مارکویس 2003"
"light-chevrolet-nova-1972","سبک شورلت نوا 1972"
"light-honda-ridgeline-2006","سبک هوندا ریج‌لاین 2006"
"light-chevrolet-ss-1972","سبک شورلت اس‌اس 1972"
"light-ford-super deluxe-1947","سبک فورد سوپر دلوکس 1947"
"light-honda-crx-1985","سبک هوندا سی‌آر‌ایکس 1985"
"light-mercury-comet-1964","سبک مرکوری کامت 1964"
"light-oldsmobile-ninetyeight-1995","سبک اولدزموبیل ناین‌تی‌اییت 1995"
"light-infiniti-qx56-2012","سبک اینفینیتی کیو ایکس 56 2012"
"light-ford-f150-1984","سبک فورد اف 150 1984"
"light-chevrolet-silverado-1975","سبک شورلت سیلورادو 1975"
"light-buick-grandnational-1987","سبک بیوک گرند نشنال 1987"
"light-ford-explorer-2014","سبک فورد اکسپلورر 2014"
"light-pontiac-pursuit-2005","سبک پونتیاک  2005"
"light-chevrolet-malibu-1980","سبک شورلت مالیبو 1980"
"light-bmw-528e-1983","سبک بی‌ام‌دبلیو 528 ای 1983"
"light-cadillac-seville-1981","سبک کادیلاک سویل 1981"
"light-jeep-cherokee-1976","سبک جیپ چروکی 1976"
"light-ford-coupe-1939","سبک فورد کوپه 1939"
"light-datsun-nissan-1984","سبک داتسون نیسان 1984"
"light-chevrolet-cheyenne-1996","سبک شورلت شاین 1996"
"light-chevrolet-sonic-2014","سبک شورلت سونیک 2014"
"light-volvo-v90-1998","سبک ولوو وی 90 1998"
"light-chevrolet-silverado-2012","سبک شورلت سیلورادو 2012"
"light-nissan-300zx-1990","سبک نیسان 300 زد‌ایکس 1990"
"light-ford-contour-2000","سبک فورد کنتور 2000"
"light-dodge-ram-2500-2001","سبک دوج رم 2500 2001"
"light-landrover-discovery-1997","سبک لندروور دیسکاوری 1997"
"light-mazda-mx3-2011","سبک مزدا ام ایکس 3 2011"
"light-volkswagen-newbeetle-2007","سبک فولکس واگن نیو بیتل 2007"
"light-mercedes benz-e320-wagon-2002","سبک مرسدس بنز ای 320 واگن 2002"
"light-kia-rio-2002","سبک کیا ریو 2002"
"light-mazda-mx5-miata-2007","سبک مزدا ام ایکس 5 میاتا 2007"
"light-saturn-ion-2006","سبک ساترن آیون 2006"
"light-toyota-tundra-2006","سبک تویوتا تاندرا 2006"
"light-runna-plus-p","سبک رونا پلاس پی"
"light-gmc-sierra-3500-2005","سبک جی‌ام‌سی سیرا 3500 2005"
"light-dodge-charger-1965","سبک دوج شارجر 1965"
"light-nissan-maxima-1992","سبک نیسان ماکسیما 1992"
"light-chevrolet-3600-1950","سبک شورلت 3600 1950"
"light-chevrolet-el camino-1985","سبک شورلت ال camino 1985"
"light-mercedes benz-sl500-1991","سبک مرسدس بنز اس‌ال 500 1991"
"light-volvo-v40-2004","سبک ولوو وی 40 2004"
"light-nissan-300zx-1991","سبک نیسان 300 زد‌ایکس 1991"
"light-cadillac-eldorado-2001","سبک کادیلاک الدورادو 2001"
"light-honda-legend","سبک هوندا افسانه"
"light-toyota-highlander-2003","سبک تویوتا های‌لندر 2003"
"light-saturn-sc1-1992","سبک ساترن اس‌سی 1 1992"
"light-bmw-5series-1998","سبک بی‌ام‌دبلیو 5 سری 1998"
"light-chevrolet-uplander-2006","سبک شورلت آپ‌لندر 2006"
"light-am general-hummer-1987","سبک am general هامر 1987"
"light-gmc-envoy-2007","سبک جی‌ام‌سی انوی 2007"
"light-ford-windstar-2004","سبک فورد وینداستار 2004"
"light-chevrolet-bel air-1956","سبک شورلت بل هوا 1956"
"light-volvo-xc90-2006","سبک ولوو ایکس‌سی 90 2006"
"light-porsche-boxster-1998","سبک پورشه باکستر 1998"
"light-bmw-330ci-2001","سبک بی‌ام‌دبلیو 330 سی‌آی 2001"
"light-ford-galaxie-1964","سبک فورد گالکسی 1964"
"light-scion-tc-2013","سبک سایون تی‌سی 2013"
"light-honda-civic-coupe-1996","سبک هوندا سیویک کوپه 1996"
"light-dodge-nitro-2007","سبک دوج نیترو 2007"
"light-chevrolet-pickup-1940","سبک شورلت پیکاپ 1940"
"light-honda-prelude-1998","سبک هوندا پرلود 1998"
"light-dodge-d250-1991","سبک دوج دی 250 1991"
"light-honda-civic-2011","سبک هوندا سیویک 2011"
"light-hyundai-i10-ir","سبک هیوندای ای 10 ای ار"
"light-scion-frs-2013","سبک سایون اف‌آرسی 2013"
"light-toyota-prado-2door","سبک تویوتا پرادو 2 درب"
"light-toyota-landcruiser-2011","سبک تویوتا لندکروز 2011"
"light-scion-xd-2010","سبک سایون ایکس‌دی 2010"
"light-ford-contour-1996","سبک فورد کنتور 1996"
"light-bmw-m6-2008","سبک بی‌ام‌دبلیو ام 6 2008"
"light-mazda-navajo-1992","سبک مزدا ناواجو 1992"
"light-mazda-cx9-2012","سبک مزدا سی‌ایکس 9 2012"
"light-mercedes benz-slk320-1997","سبک مرسدس بنز اس‌ال‌کی 320 1997"
"light-chevrolet-corvette-1995","سبک شورلت کوروت 1995"
"light-suzuki-verona-2006","سبک سوزوکی ورونا 2006"
"light-ford-mustang-1974","سبک فورد ماستانگ 1974"
"light-lexus-rx350-2008","سبک لکسوس آرایکس 350 2008"
"light-mercedes benz-slk280-2007","سبک مرسدس بنز اس‌ال‌کی 280 2007"
"light-mercedes-benz-a-class","سبک مرسدس بنز ای کلاس"
"light-chrysler-300-2004","سبک کرایسلر 300 2004"
"light-dodge-ram-1500-2016","سبک دوج رم 1500 2016"
"light-plymouth-scamp-1974","سبک پلیموت اسکمپ 1974"
"light-jeep-wrangler-sahara-1993","سبک جیپ رنگلر صحرا 1993"
"light-chrysler-200-2012","سبک کرایسلر 200 2012"
"light-toyota-matrix-2009","سبک تویوتا ماتریکس 2009"
"light-dodge-ram-2500-1995","سبک دوج رم 2500 1995"
"light-saturn-l100-2002","سبک ساترن ال 100 2002"
"light-lexus-ls400-2000","سبک لکسوس ال‌اس 400 2000"
"light-ford-thunderbird-1971","سبک فورد تاندر‌برد 1971"
"light-gmc-vandura-1994","سبک جی‌ام‌سی وندورا 1994"
"light-chevrolet-c20-1967","سبک شورلت سی 20 1967"
"light-cadillac-eldorado-1998","سبک کادیلاک الدورادو 1998"
"light-gmc-c3500-1990","سبک جی‌ام‌سی سی 3500 1990"
"light-bmw-330ci-2005","سبک بی‌ام‌دبلیو 330 سی‌آی 2005"
"light-landrover-rangerover-2003","سبک لندروور رِنج روور 2003"
"light-oldsmobile-toronado-1969","سبک اولدزموبیل تورونادو 1969"
"light-chevrolet-equinox-2008","سبک شورلت اکوینوکس 2008"
"light-mercury-mountaineer-2005","سبک مرکوری مونتینیر 2005"
"light-bmw-650i-convertible-2012","سبک بی‌ام‌دبلیو 650 ای کروک 2012"
"light-hyundai-tucson-2016","سبک هیوندای توکسون 2016"
"light-gmc-yukon-2500-2002","سبک جی‌ام‌سی یوکون 2500 2002"
"light-chevrolet-c-k3500-1996","سبک شورلت سی کی 3500 1996"
"light-lexus-gx460-2012","سبک لکسوس جی‌ایکس 460 2012"
"light-audi-q7-2012","سبک آئودی کیو 7 2012"
"light-mazda-b3000-1999","سبک مزدا بی 3000 1999"
"light-chevrolet-corvette-1965","سبک شورلت کوروت 1965"
"light-volkswagen-bug-2014","سبک فولکس واگن بگ 2014"
"light-chevrolet-montecarlo-1978","سبک شورلت مونت‌کارلو 1978"
"light-chevrolet-impala-1995","سبک شورلت ایمپالا 1995"
"light-oldsmobile-ninetyeight-1991","سبک اولدزموبیل ناین‌تی‌اییت 1991"
"light-oldsmobile-silhouette-1998","سبک اولدزموبیل سیلوئت 1998"
"light-volkswagen-gti-1983","سبک فولکس واگن جی‌تی‌آی 1983"
"light-toyota-aristo-2000","سبک تویوتا آریستو 2000"
"light-gmc-envoy-1998","سبک جی‌ام‌سی انوی 1998"
"light-lincoln-continental-1963","سبک لینکلن کانتیننتال 1963"
"light-jaguar-xf-2009","سبک جگوار ایکس اف 2009"
"light-hyundai-accent-1999","سبک هیوندای اکسنت 1999"
"light-mazda-mx6-1991","سبک مزدا ام ایکس 6 1991"
"light-dodge-ram-2500-2002","سبک دوج رم 2500 2002"
"light-suzuki-aerio-2003","سبک سوزوکی آریو 2003"
"light-mazda-millenia-2005","سبک مزدا میلینیا 2005"
"light-ford-expedition-2013","سبک فورد اکسپدیشن 2013"
"light-saturn-sl1-1994","سبک ساترن اس‌ال 1 1994"
"heavy-shacmoto","سنگین شاک‌موتو"
"light-toyota-solara","سبک تویوتا سولارا"
"light-mazda-3-hatchback-2013","سبک مزدا 3 هاتچ‌بک 2013"
"light-nissan-xterra-2010","سبک نیسان اکستررا 2010"
"light-chevrolet-caprice-1967","سبک شورلت کاپریس 1967"
"light-pontiac-firebird-1986","سبک پونتیاک فایربرد 1986"
"light-nissan-frontier-1992","سبک نیسان فرانتیر 1992"
"light-chevrolet-el camino-1984","سبک شورلت ال camino 1984"
"light-suzuki-forenza-2004","سبک سوزوکی فورِنزا 2004"
"light-bmw-z4-2004","سبک بی‌ام‌دبلیو زد 4 2004"
"light-honda-passport-1995","سبک هوندا پاسپورت 1995"
"light-mercedes benz-e55-2006","سبک مرسدس بنز ای 55 2006"
"light-chevrolet-yukon-2002","سبک شورلت یوکون 2002"
"light-nissan-quest-2003","سبک نیسان کوئست 2003"
"light-dodge-w150-1998","سبک دوج دبلیو 150 1998"
"light-jeep-wrangler-tj-2003","سبک جیپ رنگلر تی‌جی 2003"
"light-nissan-altima-2004","سبک نیسان آلتیما 2004"
"light-jaguar-xk-1969","سبک جگوار ایکس‌کی 1969"
"light-isuzu-amigo-1990","سبک ایسوزو آمیگو 1990"
"light-chevrolet-equinox-2012","سبک شورلت اکوینوکس 2012"
"light-audi-q7-2013","سبک آئودی کیو 7 2013"
"light-lincoln-continental-1991","سبک لینکلن کانتیننتال 1991"
"light-ford-coupe-1936","سبک فورد کوپه 1936"
"light-bmw-128i-2008","سبک بی‌ام‌دبلیو 128 ای 2008"
"light-pontiac-sunfire-1995","سبک پونتیاک سان‌فایر 1995"
"light-mercedes benz-glk350-2013","سبک مرسدس بنز جی‌ال‌کا 350 2013"
"light-toyota-celica-1996","سبک تویوتا سلیکا 1996"
"light-infiniti-i30-1996","سبک اینفینیتی ای 30 1996"
"light-toyota-camry-le-1999","سبک تویوتا کمری ال‌ای 1999"
"light-scion-xd-2009","سبک سایون ایکس‌دی 2009"
"light-mercedes benz-ml350-2002","سبک مرسدس بنز ام‌ال 350 2002"
"light-dodge-stratus-2006","سبک دوج استراتوس 2006"
"light-audi-a4-avant-wagon-2001","سبک آئودی ای 4 آوانت واگن 2001"
"light-mazda-mx3-1995","سبک مزدا ام ایکس 3 1995"
"light-ford-f150-2002","سبک فورد اف 150 2002"
"light-chevrolet-aveo-2005","سبک شورلت آویو 2005"
"light-dodge-neon-2002","سبک دوج نون 2002"
"light-hyundai-xg350-2005","سبک هیوندای ایکس‌جی 350 2005"
"light-honda-accord-2008","سبک هوندا آکورد 2008"
"heavy-empower","سنگین ام‌پاور"
"light-audi-a5-2013","سبک آئودی ای 5 2013"
"light-volkswagen-gti-2014","سبک فولکس واگن جی‌تی‌آی 2014"
"light-isuzu-amigo-2000","سبک ایسوزو آمیگو 2000"
"light-subaru-wrx-2005","سبک سوبارو دبلیو‌آر‌ایکس 2005"
"light-chrysler-crossfire-2006","سبک کرایسلر کراس‌فایر 2006"
"light-citroen-ds5-2015","سبک سیتروئن دی‌اس 5 2015"
"light-chrysler-windsor-1951","سبک کرایسلر ویندسور 1951"
"light-respect-respect-ii","سبک احترام احترام آی‌آی"
"light-bmw-325i-2001","سبک بی‌ام‌دبلیو 325 ای 2001"
"light-toyota-corolla-1979","سبک تویوتا کرولا 1979"
"light-honda-accord-2 door-2001","سبک هوندا آکورد 2 درب 2001"
"light-chrysler-sebring-1997","سبک کرایسلر سبرینگ 1997"
"light-chevrolet-express-2009","سبک شورلت اکسپرس 2009"
"light-lincoln-mkz-2013","سبک لینکلن ام‌کی‌زد 2013"
"light-chevrolet-k20-1986","سبک شورلت کی 20 1986"
"light-ford-f350-2005","سبک فورد اف 350 2005"
"light-buick-riviera-1993","سبک بیوک ریویرا 1993"
"light-mazda-b2000-1986","سبک مزدا بی 2000 1986"
"light-quick-gx","سبک کوئیک جی‌ایکس"
"light-pontiac-grandam-2003","سبک پونتیاک گرند ام 2003"
"light-hyundai-santafe-2008","سبک هیوندای سانتافه 2008"
"light-honda-ridgeline-2012","سبک هوندا ریج‌لاین 2012"
"light-pontiac-grandprix-1997","سبک پونتیاک گرند پریکس 1997"
"light-mercedes-benz-cls-class","سبک مرسدس بنز سی‌ال‌اس کلاس"
"light-porsche-924-1978","سبک پورشه 924 1978"
"light-infiniti-g35-2005","سبک اینفینیتی جی 35 2005"
"light-landrover-rangerover-2000","سبک لندروور رِنج روور 2000"
"light-gmc-terrain-2010","سبک جی‌ام‌سی ترِرِین 2010"
"light-lincoln-continental-1999","سبک لینکلن کانتیننتال 1999"
"light-ford-explorer-1994","سبک فورد اکسپلورر 1994"
"light-dodge-caliber-2008","سبک دوج کالیبر 2008"
"light-ford-mustang-convertible-1996","سبک فورد ماستانگ کروک 1996"
"light-chevrolet-3100-1953","سبک شورلت 3100 1953"
"light-buick-century-1990","سبک بیوک سنتوری 1990"
"light-mercury-parklane-1964","سبک مرکوری پارک‌لین 1964"
"light-jeep-wrangler-sahara-1999","سبک جیپ رنگلر صحرا 1999"
"light-honda-civic-coupe-2003","سبک هوندا سیویک کوپه 2003"
"light-gmc-k2500-1999","سبک جی‌ام‌سی کی 2500 1999"
"light-isuzu-rodeo-2000","سبک ایسوزو رودئو 2000"
"light-mercedes benz-s550-2013","سبک مرسدس بنز اس 550 2013"
"light-bmw-x6-2013","سبک بی‌ام‌دبلیو ایکس 6 2013"
"light-dodge-nitro-2008","سبک دوج نیترو 2008"
"light-honda-civic","سبک هوندا سیویک"
"light-volvo-s60-2008","سبک ولوو اس 60 2008"
"light-mercedes benz-e300-1986","سبک مرسدس بنز ای 300 1986"
"light-toyota-camry-2003","سبک تویوتا کمری 2003"
"light-jaguar-xj-1986","سبک جگوار ایکس‌جی 1986"
"light-jaguar-xj","سبک جگوار ایکس‌جی"
"light-dodge-dakota-2001","سبک دوج داکوتا 2001"
"light-jaguar-x-type-2004","سبک جگوار ایکس تایپ 2004"
"light-chevrolet-corvette-1990","سبک شورلت کوروت 1990"
"light-acura-rsx-2003","سبک آکورا آر‌اس‌ایکس 2003"
"light-scion-xd-2011","سبک سایون ایکس‌دی 2011"
"light-volvo-v40-2007","سبک ولوو وی 40 2007"
"light-subaru-impreza-wagon-2013","سبک سوبارو ایمپرزا واگن 2013"
"light-mercedes benz-e550-2008","سبک مرسدس بنز ای 550 2008"
"light-kia-forte-2013","سبک کیا فورته 2013"
"light-chevrolet-venture-2001","سبک شورلت ونچر 2001"
"light-kia-soul-2011","سبک کیا سول 2011"
"light-honda-ridgeline-2004","سبک هوندا ریج‌لاین 2004"
"light-ford-mustang-mach-2003","سبک فورد ماستانگ ماخ 2003"
"light-bmw-535i-2008","سبک بی‌ام‌دبلیو 535 ای 2008"
"light-ford-f150-2004","سبک فورد اف 150 2004"
"light-chevrolet-caprice-2011","سبک شورلت کاپریس 2011"
"light-lexus-gx470-2007","سبک لکسوس جی‌ایکس 470 2007"
"light-infiniti-g35-coupe-2006","سبک اینفینیتی جی 35 کوپه 2006"
"light-volkswagen-passat-2009","سبک فولکس واگن پاسات 2009"
"light-chrysler-crossfire-2004","سبک کرایسلر کراس‌فایر 2004"
"light-mazda-rx7-1984","سبک مزدا آرایکس 7 1984"
"light-renault-latitude","سبک رنو لاتیتیود"
"light-infiniti-fx35-2008","سبک اینفینیتی اف‌ایکس 35 2008"
"light-dodge-magnum-2007","سبک دوج مگنوم 2007"
"light-audi-a6-2001","سبک آئودی ای 6 2001"
"light-hyundai-accent-1995","سبک هیوندای اکسنت 1995"
"light-volvo-s80-2004","سبک ولوو اس 80 2004"
"light-ford-e450-2004","سبک فورد ای 450 2004"
"light-chrysler-new yorker-1992","سبک کرایسلر جدید yorker 1992"
"light-chrysler-300-2003","سبک کرایسلر 300 2003"
"light-chevrolet-astro-1994","سبک شورلت آسترو 1994"
"light-eres-hm5","سبک ارز اچ‌ام 5"
"light-volkswagen-bug-1970","سبک فولکس واگن بگ 1970"
"light-toyota-landcruiser-1996","سبک تویوتا لندکروز 1996"
"light-jaguar-xj-2001","سبک جگوار ایکس‌جی 2001"
"light-gmc-sonoma-1993","سبک جی‌ام‌سی سوناما 1993"
"light-chevrolet-el camino-1976","سبک شورلت ال camino 1976"
"light-lincoln-mkz-2010","سبک لینکلن ام‌کی‌زد 2010"
"light-ford-e150-2002","سبک فورد ای 150 2002"
"light-acura-rl-2007","سبک آکورا آر ال 2007"
"light-smart-fortwo-2015","سبک اسمارت فورتو 2015"
"light-ford-mustang-convertible-2010","سبک فورد ماستانگ کروک 2010"
"light-chrysler-lebaron-1978","سبک کرایسلر لبران 1978"
"light-toyota-4runner-1987","سبک تویوتا 4 رانر 1987"
"light-oldsmobile-silhouette-1993","سبک اولدزموبیل سیلوئت 1993"
"light-land-rover-freelander","سبک لند روور فری‌لندر"
"light-jeep-wrangler-tj-1999","سبک جیپ رنگلر تی‌جی 1999"
"light-gmc-denali-2004","سبک جی‌ام‌سی دنالی 2004"
"light-saturn-sl2-2002","سبک ساترن اس‌ال 2 2002"
"light-chevrolet-uplander-2000","سبک شورلت آپ‌لندر 2000"
"light-porsche-cayenne-2004","سبک پورشه کایین 2004"
"light-mercedes benz-e550-2009","سبک مرسدس بنز ای 550 2009"
"light-volkswagen-golf-1990","سبک فولکس واگن گلف 1990"
"light-plymouth-fury-1975","سبک پلیموت فیوری 1975"
"light-volkswagen-jetta-2003","سبک فولکس واگن جتا 2003"
"light-audi-q5-2012","سبک آئودی کیو 5 2012"
"light-mazda-speed3-2012","سبک مزدا اسپید 3 2012"
"light-ford-mustang-1998","سبک فورد ماستانگ 1998"
"light-dodge-ram-1500-1998","سبک دوج رم 1500 1998"
"light-mercedes benz-slk230-2003","سبک مرسدس بنز اس‌ال‌کی 230 2003"
"light-volvo-xc70-2002","سبک ولوو ایکس‌سی 70 2002"
"light-mitsubishi-galant-2006","سبک میتسوبیشی گالانت 2006"
"light-volvo-960-wagon-1997","سبک ولوو 960 واگن 1997"
"light-maserati-gransport-2006","سبک مازراتی گران‌اسپرت 2006"
"light-dodge-avenger-2008","سبک دوج اونجر 2008"
"light-chevrolet-sierra-2011","سبک شورلت سیرا 2011"
"light-oldsmobile-cutlass-1970","سبک اولدزموبیل کاتلاس 1970"
"light-mitsubishi-montero-2003","سبک میتسوبیشی مونترو 2003"
"light-toyota-corolla-le-2005","سبک تویوتا کرولا ال‌ای 2005"
"light-volkswagen-bug-1999","سبک فولکس واگن بگ 1999"
"light-mercury-milan-2010","سبک مرکوری میلان 2010"
"light-audi-q5","سبک آئودی کیو 5"
"light-honda-civic-1990","سبک هوندا سیویک 1990"
"light-kia-sorento-2008","سبک کیا سورنتو 2008"
"light-ford-f150-1977","سبک فورد اف 150 1977"
"light-jeep-wagoneer-1967","سبک جیپ واگنییر 1967"
"light-chevrolet-c20-1970","سبک شورلت سی 20 1970"
"light-infiniti-q45-2001","سبک اینفینیتی کیو 45 2001"
"light-cadillac-deville-1999","سبک کادیلاک دویل 1999"
"light-honda-civic-hatchback-1999","سبک هوندا سیویک هاتچ‌بک 1999"
"light-toyota-celica-convertible-1985","سبک تویوتا سلیکا کروک 1985"
"light-bmw-535i-2010","سبک بی‌ام‌دبلیو 535 ای 2010"
"light-baic-beijing-x55","سبک بایک پکن ایکس 55"
"light-plymouth-neon-2002","سبک پلیموت نون 2002"
"light-lexus-gs430-2005","سبک لکسوس جی‌اس 430 2005"
"light-buick-special-1940","سبک بیوک اسپشیال 1940"
"light-bmw-e36-1997","سبک بی‌ام‌دبلیو ای 36 1997"
"light-fiat-five hundred-1968","سبک فیات five hundred 1968"
"light-mercedes benz-c250-2012","سبک مرسدس بنز سی 250 2012"
"light-buick-terraza-2007","سبک بیوک ترازا 2007"
"light-ford-f250-2003","سبک فورد اف 250 2003"
"light-jaguar-vandenplas-1998","سبک جگوار وندن‌پلاس 1998"
"light-chery-arrizo-5","سبک چری آریزو 5"
"light-volkswagen-routan-2012","سبک فولکس واگن روتان 2012"
"light-infiniti-qx4-1997","سبک اینفینیتی کیو ایکس 4 1997"
"light-gmc-c1500-1967","سبک جی‌ام‌سی سی 1500 1967"
"light-mercedes benz-e300-1997","سبک مرسدس بنز ای 300 1997"
"light-ford-e250-2007","سبک فورد ای 250 2007"
"light-honda-pilot-2010","سبک هوندا پایلوت 2010"
"light-chevrolet-express-2003","سبک شورلت اکسپرس 2003"
"light-bmw-525i-1999","سبک بی‌ام‌دبلیو 525 ای 1999"
"light-oldsmobile-cutlass-1966","سبک اولدزموبیل کاتلاس 1966"
"light-chevrolet-malibu-2016","سبک شورلت مالیبو 2016"
"light-landrover-lr4-1997","سبک لندروور ال‌آر 4 1997"
"light-ford-thunderbird-1959","سبک فورد تاندر‌برد 1959"
"light-toyota-avalon-1989","سبک تویوتا اوالون 1989"
"light-honda-element-1995","سبک هوندا المنت 1995"
"light-dodge-spirit-1995","سبک دوج اسپریت 1995"
"light-volkswagen-gti-2005","سبک فولکس واگن جی‌تی‌آی 2005"
"light-pontiac-fiero-1986","سبک پونتیاک فیرو 1986"
"light-chevrolet-deluxe-1936","سبک شورلت دلوکس 1936"
"light-audi-a8-2000","سبک آئودی ای 8 2000"
"light-jeep-patriot-2010","سبک جیپ پتریوت 2010"
"light-lincoln-limousine-1999","سبک لینکلن لیموزین 1999"
"light-bmw-classic","سبک بی‌ام‌دبلیو کلاسیک"
"light-volvo-240-1984","سبک ولوو 240 1984"
"light-infiniti-i30-1993","سبک اینفینیتی ای 30 1993"
"light-dodge-ram-3500-1999","سبک دوج رم 3500 1999"
"light-ford-f150-1986","سبک فورد اف 150 1986"
"light-lexus-rx350-2000","سبک لکسوس آرایکس 350 2000"
"light-pontiac-grandprix-1973","سبک پونتیاک گرند پریکس 1973"
"light-mercury-milan-2007","سبک مرکوری میلان 2007"
"light-ford-f450-2000","سبک فورد اف 450 2000"
"light-ford-escort-2001","سبک فورد اسکورت 2001"
"light-dodge-viper-2013","سبک دوج وایپر 2013"
"light-mazda-b2200-1992","سبک مزدا بی 2200 1992"
"light-chevrolet-silverado-1976","سبک شورلت سیلورادو 1976"
"light-audi-a4-2005","سبک آئودی ای 4 2005"
"light-toyota-tacoma-1995","سبک تویوتا تاکوما 1995"
"light-scion-xb-2010","سبک سایون ایکس‌بی 2010"
"light-gmc-sonoma-1986","سبک جی‌ام‌سی سوناما 1986"
"light-ford-bronco-1993","سبک فورد برانکو 1993"
"light-zamyad-padra","سبک زامیاد پادرا"
"light-honda-s2000-2005","سبک هوندا اس 2000 2005"
"light-toyota-sienna-2005","سبک تویوتا سیِنا 2005"
"light-nissan-murano","سبک نیسان مورانو"
"light-dodge-charger-2010","سبک دوج شارجر 2010"
"light-ford-mustang-1997","سبک فورد ماستانگ 1997"
"light-chevrolet-silverado-3500-2004","سبک شورلت سیلورادو 3500 2004"
"light-volkswagen-beetle-2006","سبک فولکس واگن بیتل 2006"
"light-mercedes benz-c350-2009","سبک مرسدس بنز سی 350 2009"
"light-ford-windstar-2000","سبک فورد وینداستار 2000"
"light-dodge-grand caravan-1998","سبک دوج گرند caravan 1998"
"light-mazda-6-1993","سبک مزدا 6 1993"
"light-ford-ranger-2011","سبک فورد رینجر 2011"
"light-mitsubishi-pickup","سبک میتسوبیشی پیکاپ"
"light-bmw-3series-2004","سبک بی‌ام‌دبلیو 3 سری 2004"
"light-mazda-626-2001","سبک مزدا 626 2001"
"light-chrysler-300-1979","سبک کرایسلر 300 1979"
"light-toyota-supra-1987","سبک تویوتا سوپرا 1987"
"light-chevrolet-camaro-2004","سبک شورلت کامارو 2004"
"light-chevrolet-astor-1985","سبک شورلت آستور 1985"
"light-volvo-s70-1999","سبک ولوو اس 70 1999"
"light-volkswagen-newbeetle-2006","سبک فولکس واگن نیو بیتل 2006"
"light-mercury-montego-2007","سبک مرکوری مونتگو 2007"
"light-bentley-continental-2006","سبک بنتلی کانتیننتال 2006"
"light-volkswagen-bus-1959","سبک فولکس واگن اتوبوس 1959"
"light-gmc-yukon-1500-1994","سبک جی‌ام‌سی یوکون 1500 1994"
"light-audi-a4-cabriolet-2004","سبک آئودی ای 4 کابریولت 2004"
"light-cadillac-sts-2005","سبک کادیلاک اس‌تی‌اس 2005"
"light-volvo-s40-1999","سبک ولوو اس 40 1999"
"light-bmw-325i-1998","سبک بی‌ام‌دبلیو 325 ای 1998"
"light-toyota-tundra-2003","سبک تویوتا تاندرا 2003"
"light-porsche-924-1979","سبک پورشه 924 1979"
"light-hyundai-xg300-2002","سبک هیوندای ایکس‌جی 300 2002"
"light-mercedes benz-slk320-2000","سبک مرسدس بنز اس‌ال‌کی 320 2000"
"light-dodge-neon-2000","سبک دوج نون 2000"
"light-volvo-s70-2007","سبک ولوو اس 70 2007"
"light-audi-a3-2008","سبک آئودی ای 3 2008"
"light-mercedes benz-c280-2006","سبک مرسدس بنز سی 280 2006"
"light-chevrolet-s10-1989","سبک شورلت اس 10 1989"
"light-toyota-corolla-dx-1990","سبک تویوتا کرولا دی‌ایکس 1990"
"light-mercedes benz-cls550-2013","سبک مرسدس بنز سی‌ال‌اس 550 2013"
"light-toyota-sequoia-2013","سبک تویوتا سکویا 2013"
"light-buick-gs-1969","سبک بیوک جی‌اس 1969"
"light-nissan-altima-1994","سبک نیسان آلتیما 1994"
"light-saab-9-5-2005","سبک ساب 9 5 2005"
"light-gmc-envoy-2008","سبک جی‌ام‌سی انوی 2008"
"light-bmw-x5-2004","سبک بی‌ام‌دبلیو ایکس 5 2004"
"light-chrysler-fifth avenue-1987","سبک کرایسلر fifth avenue 1987"
"light-audi-a6-2009","سبک آئودی ای 6 2009"
"light-nissan-gtr-2013","سبک نیسان جی‌تی‌آر 2013"
"light-chrysler-cordoba-1978","سبک کرایسلر کوردوبا 1978"
"light-ford-e350-1989","سبک فورد ای 350 1989"
"light-bmw-m3-2004","سبک بی‌ام‌دبلیو ام 3 2004"
"light-maxus-van","سبک مکسوس ون"
"light-dodge-dakota-1998","سبک دوج داکوتا 1998"
"light-mazda-mx6-2011","سبک مزدا ام ایکس 6 2011"
"light-bmw-745i-2002","سبک بی‌ام‌دبلیو 745 ای 2002"
"light-ford-f150-2011","سبک فورد اف 150 2011"
"light-pontiac-starchief-1954","سبک پونتیاک استارچیف 1954"
"light-gmc-sierra-1500-1995","سبک جی‌ام‌سی سیرا 1500 1995"
"light-toyota-celica-1980","سبک تویوتا سلیکا 1980"
"light-chevrolet-s10-1996","سبک شورلت اس 10 1996"
"light-chevrolet-blazer-1999","سبک شورلت بلیزر 1999"
"light-toyota-solara-convertable-2005","سبک تویوتا سولارا کونورتبل 2005"
"light-audi-a8-1999","سبک آئودی ای 8 1999"
"light-saturn-vue-2006","سبک ساترن ویو 2006"
"light-jeep-grand-cherokee-2016","سبک جیپ گرند چروکی 2016"
"light-chevrolet-malibu-1977","سبک شورلت مالیبو 1977"
"light-mercedes benz-glk350-2014","سبک مرسدس بنز جی‌ال‌کا 350 2014"
"light-chevrolet-cobalt-2010","سبک شورلت کبالت 2010"
"light-chevrolet-deluxe-1952","سبک شورلت دلوکس 1952"
"light-ford-f350-1972","سبک فورد اف 350 1972"
"light-cadillac-cts-2001","سبک کادیلاک سی‌تی‌اس 2001"
"light-honda-s2000-2000","سبک هوندا اس 2000 2000"
"light-lincoln-ls-2004","سبک لینکلن ال‌اس 2004"
"light-bmw-3series-2003","سبک بی‌ام‌دبلیو 3 سری 2003"
"light-van","سبک ون"
"light-oldsmobile-ninetyeight-1987","سبک اولدزموبیل ناین‌تی‌اییت 1987"
"light-honda-accord-1987","سبک هوندا آکورد 1987"
"light-ford-maverick-1971","سبک فورد ماوریک 1971"
"light-chevrolet-s10-1983","سبک شورلت اس 10 1983"
"light-dodge-grand caravan-2006","سبک دوج گرند caravan 2006"
"light-gmc-denali-2006","سبک جی‌ام‌سی دنالی 2006"
"light-volkswagen-golf-1993","سبک فولکس واگن گلف 1993"
"light-honda-accord-2002","سبک هوندا آکورد 2002"
"light-pontiac-firebird-1981","سبک پونتیاک فایربرد 1981"
"light-ford-f150-1982","سبک فورد اف 150 1982"
"light-honda-accord-2 door-1992","سبک هوندا آکورد 2 درب 1992"
"light-chevrolet-equinox-2010","سبک شورلت اکوینوکس 2010"
"light-fidelity-prime","سبک فیدیلیتی پرایم"
"light-chevrolet-blazer-2004","سبک شورلت بلیزر 2004"
"light-ford-taurus-wagon-2004","سبک فورد تورس واگن 2004"
"light-bmw-325ci-2003","سبک بی‌ام‌دبلیو 325 سی‌آی 2003"
"light-nissan-frontier-2011","سبک نیسان فرانتیر 2011"
"light-mercedes benz-c280-1999","سبک مرسدس بنز سی 280 1999"
"light-gmc-suburban-2500-2003","سبک جی‌ام‌سی سابربن 2500 2003"
"light-suzuki-verona-2007","سبک سوزوکی ورونا 2007"
"light-kmc-a5","سبک کی‌ام‌سی ای 5"
"light-jaguar-xj-1999","سبک جگوار ایکس‌جی 1999"
"light-chevrolet-malibu-2006","سبک شورلت مالیبو 2006"
"light-lexus-ls400-2004","سبک لکسوس ال‌اس 400 2004"
"light-hyundai-elantra-2014","سبک هیوندای الانترا 2014"
"light-pazhan-4-door","سبک پژان 4 درب"
"light-subaru-legacy-1995","سبک سوبارو لگاسی 1995"
"light-datsun-260z-1974","سبک داتسون 260 زد 1974"
"light-chevrolet-montecarlo-2004","سبک شورلت مونت‌کارلو 2004"
"light-volkswagen-jetta-1992","سبک فولکس واگن جتا 1992"
"light-ford-explorer-2008","سبک فورد اکسپلورر 2008"
"light-jeep-wrangler-unlimited-2015","سبک جیپ رنگلر آنلیمیتد 2015"
"light-chevrolet-suburban-2002","سبک شورلت سابربن 2002"
"light-chevrolet-trailblazer-2008","سبک شورلت تریل‌بلیزر 2008"
"light-saab-900-1998","سبک ساب 900 1998"
"light-ford-thunderbird-1993","سبک فورد تاندر‌برد 1993"
"light-lincoln-mark-viii-1998","سبک لینکلن مارک هشت 1998"
"light-chevrolet-silverado-3500-1997","سبک شورلت سیلورادو 3500 1997"
"light-mercury-montclair-1955","سبک مرکوری مونت‌کلر 1955"
"light-chevrolet-blazer-1995","سبک شورلت بلیزر 1995"
"light-jeep-cj5-1975","سبک جیپ سی‌جی 5 1975"
"light-gmc-jimmy-1998","سبک جی‌ام‌سی جیمی 1998"
"light-ford-explorer-2006","سبک فورد اکسپلورر 2006"
"light-acura-vigor-1994","سبک آکورا ویگور 1994"
"light-nissan-murano-2009","سبک نیسان مورانو 2009"
"light-chevrolet-silverado-1993","سبک شورلت سیلورادو 1993"
"light-pontiac-grandprix-1988","سبک پونتیاک گرند پریکس 1988"
"light-plymouth-valiant-1968","سبک پلیموت ولیانت 1968"
"light-toyota-corolla-ce-2012","سبک تویوتا کرولا سی‌ئی 2012"
"light-chevrolet-v10-1994","سبک شورلت وی 10 1994"
"light-jaguar-xj-2000","سبک جگوار ایکس‌جی 2000"
"light-mercedes-benz-e-class","سبک مرسدس بنز ای کلاس"
"light-volvo-v70-2003","سبک ولوو وی 70 2003"
"light-dodge-d100-1987","سبک دوج دی 100 1987"
"light-chevrolet-blazer-1992","سبک شورلت بلیزر 1992"
"light-gmc-c1500-1997","سبک جی‌ام‌سی سی 1500 1997"
"light-hyundai-elantra-wagon-2000","سبک هیوندای الانترا واگن 2000"
"light-lexus-is250-2006","سبک لکسوس ای اس 250 2006"
"light-mercedes benz-e320-2008","سبک مرسدس بنز ای 320 2008"
"light-chevrolet-impala","سبک شورلت ایمپالا"
"light-acura-tl-1999","سبک آکورا تی‌ال 1999"
"light-peugeot-2008","سبک پژو 2008"
"light-cadillac-seville-1992","سبک کادیلاک سویل 1992"
"light-mazda-mx5-miata-1995","سبک مزدا ام ایکس 5 میاتا 1995"
"light-kia-sedona-2000","سبک کیا سدونا 2000"
"light-gmc-suburban-1500-2002","سبک جی‌ام‌سی سابربن 1500 2002"
"light-peugeot-pars","سبک پژو پارس"
"light-nissan-300zx-1992","سبک نیسان 300 زد‌ایکس 1992"
"light-oldsmobile-silhouette-2004","سبک اولدزموبیل سیلوئت 2004"
"light-landrover-rangerover-2013","سبک لندروور رِنج روور 2013"
"light-dodge-ram-2500-1991","سبک دوج رم 2500 1991"
"light-dodge-magnum-2006","سبک دوج مگنوم 2006"
"light-mercedes benz-sprinter-2013","سبک مرسدس بنز اسپرینتر 2013"
"light-volvo-xc90-2010","سبک ولوو ایکس‌سی 90 2010"
"light-bmw-e46-2001","سبک بی‌ام‌دبلیو ای 46 2001"
"light-landrover-rangerover-1999","سبک لندروور رِنج روور 1999"
"light-mercedes benz-300d-1979","سبک مرسدس بنز 300 دی 1979"
"light-volkswagen-gti-2015","سبک فولکس واگن جی‌تی‌آی 2015"
"light-chevrolet-g10-1985","سبک شورلت جی 10 1985"
"light-dodge-viper-2014","سبک دوج وایپر 2014"
"light-chevrolet-camaro-2001","سبک شورلت کامارو 2001"
"light-mazda-6-2009","سبک مزدا 6 2009"
"light-faw-siba","سبک فاو سیبا"
"light-ford-mustang-gt-2001","سبک فورد ماستانگ جی‌تی 2001"
"light-chevrolet-camaro-1975","سبک شورلت کامارو 1975"
"light-cadillac-brougham-1991","سبک کادیلاک براگام 1991"
"light-pontiac-catalina-1962","سبک پونتیاک کاتالینا 1962"
"light-jaguar-xj-1987","سبک جگوار ایکس‌جی 1987"
"light-isuzu-rodeo-1995","سبک ایسوزو رودئو 1995"
"light-ford-f350-1993","سبک فورد اف 350 1993"
"light-nissan-x-trail-2006","سبک نیسان ایکس تریل 2006"
"light-jeep-cherokee-1997","سبک جیپ چروکی 1997"
"light-fiat-spider-1971","سبک فیات اسپایدر 1971"
"light-cadillac-escalade-2005","سبک کادیلاک اسکالید 2005"
"light-mercedes benz-c320-2004","سبک مرسدس بنز سی 320 2004"
"light-porsche-914-1973","سبک پورشه 914 1973"
"light-jac-s3","سبک جک اس 3"
"light-jeep-patriot-2013","سبک جیپ پتریوت 2013"
"light-porsche-911-1977","سبک پورشه 911 1977"
"light-mercedes benz-c240-2000","سبک مرسدس بنز سی 240 2000"
"light-ford-mustang-2011","سبک فورد ماستانگ 2011"
"light-bmw-z4-2007","سبک بی‌ام‌دبلیو زد 4 2007"
"light-bmw-330xi-2004","سبک بی‌ام‌دبلیو 330 ایکس‌آی 2004"
"light-chevrolet-hhr-2010","سبک شورلت اچ‌اچ‌آر 2010"
"light-chevrolet-bel air-1953","سبک شورلت بل هوا 1953"
"light-cadillac-deville-2001","سبک کادیلاک دویل 2001"
"light-ford-mustang-convertible-1993","سبک فورد ماستانگ کروک 1993"
"light-chevrolet-caprice-1973","سبک شورلت کاپریس 1973"
"light-chevrolet-tracker-2001","سبک شورلت تراکِر 2001"
"light-buick-roadmaster-1938","سبک بیوک رودمستر 1938"
"light-lincoln-ls-2001","سبک لینکلن ال‌اس 2001"
"light-jeep-wrangler-rubicon-2012","سبک جیپ رنگلر روبی‌کان 2012"
"light-toyota-avalon-1998","سبک تویوتا اوالون 1998"
"light-chevrolet-malibu-1974","سبک شورلت مالیبو 1974"
"light-faw-h5","سبک فاو اچ 5"
"light-dodge-dakota-1996","سبک دوج داکوتا 1996"
"light-gmc-yukon-1500-2005","سبک جی‌ام‌سی یوکون 1500 2005"
"light-nissan-titan-2006","سبک نیسان تایتان 2006"
"light-toyota-yaris-2012","سبک تویوتا یاریس 2012"
"light-hyundai-accent-1996","سبک هیوندای اکسنت 1996"
"light-jeep-wrangler-rubicon-1995","سبک جیپ رنگلر روبی‌کان 1995"
"light-suzuki-sx4-2009","سبک سوزوکی اس‌ایکس 4 2009"
"light-ram-2500-2001","سبک رم 2500 2001"
"light-mitsubishi-lancer-2003","سبک میتسوبیشی لنسر 2003"
"light-ford-f100-1974","سبک فورد اف 100 1974"
"light-bmw-740i-1999","سبک بی‌ام‌دبلیو 740 ای 1999"
"light-toyota-tundra-2000","سبک تویوتا تاندرا 2000"
"light-ford-f250-1973","سبک فورد اف 250 1973"
"light-pontiac-gto-1970","سبک پونتیاک جی‌تی‌او 1970"
"light-gmc-sierra-3500-1985","سبک جی‌ام‌سی سیرا 3500 1985"
"light-chevrolet-c20-1982","سبک شورلت سی 20 1982"
"light-chevrolet-3100-1948","سبک شورلت 3100 1948"
"light-buick-regal-2003","سبک بیوک ریگال 2003"
"light-oldsmobile-cutlass","سبک اولدزموبیل کاتلاس"
"light-honda-odyssey-2005","سبک هوندا ادسی 2005"
"light-chrysler-town&country-2008","سبک کرایسلر town country 2008"
"light-ds-crossback-4","سبک دی‌اس کراس‌بک 4"
"light-chevrolet-montecarlo-1988","سبک شورلت مونت‌کارلو 1988"
"light-ford-contour-2001","سبک فورد کنتور 2001"
"light-nissan-altima-2003","سبک نیسان آلتیما 2003"
"light-cadillac-sts-2007","سبک کادیلاک اس‌تی‌اس 2007"
"light-toyota-cressida-1981","سبک تویوتا کرسیدا 1981"
"light-hyundai-sonata-1992","سبک هیوندای سوناتا 1992"
"light-toyota-corolla-1988","سبک تویوتا کرولا 1988"
"light-volkswagen-camper-1978","سبک فولکس واگن کمپر 1978"
"light-hyundai-hyundai-creta","سبک هیوندای هیوندای کرِتا"
"light-jaguar-xj-1985","سبک جگوار ایکس‌جی 1985"
"light-jeep-cherokee","سبک جیپ چروکی"
"light-audi-s4-avant-2005","سبک آئودی اس 4 آوانت 2005"
"light-triumph-spitfire-1975","سبک تریومف اسپیت‌فایر 1975"
"light-pontiac-fiero-1984","سبک پونتیاک فیرو 1984"
"light-toyota-sequoia-2002","سبک تویوتا سکویا 2002"
"light-toyota-hilux-1973","سبک تویوتا هیلوکس 1973"
"light-jeep-cherokee-1992","سبک جیپ چروکی 1992"
"light-chevrolet-metro-1998","سبک شورلت مترو 1998"
"light-infiniti-g35-2004","سبک اینفینیتی جی 35 2004"
"light-jaguar-xj-2009","سبک جگوار ایکس‌جی 2009"
"light-bmw-x5-2002","سبک بی‌ام‌دبلیو ایکس 5 2002"
"light-toyota-cressida-1985","سبک تویوتا کرسیدا 1985"
"light-mercedes benz-sl600-2008","سبک مرسدس بنز اس‌ال 600 2008"
"light-hanteng-x7-ir","سبک هانتنگ ایکس 7 ای ار"
"light-volkswagen-bug-1960","سبک فولکس واگن بگ 1960"
"light-honda-civic-1987","سبک هوندا سیویک 1987"
"light-pontiac-fiero-1987","سبک پونتیاک فیرو 1987"
"light-chevrolet-k20-1979","سبک شورلت کی 20 1979"
"light-lincoln-continental-1961","سبک لینکلن کانتیننتال 1961"
"light-jeep-cj7-1985","سبک جیپ سی‌جی 7 1985"
"light-chrysler-300-1989","سبک کرایسلر 300 1989"
"light-ford-lincoln-2005","سبک فورد لینکلن 2005"
"light-bmw-330i-2005","سبک بی‌ام‌دبلیو 330 ای 2005"
"light-kia-cerato","سبک کیا سراتو"
"light-volkswagen-rabbit-2003","سبک فولکس واگن رابیت 2003"
"light-nissan-quest-2006","سبک نیسان کوئست 2006"
"light-toyota-matrix-2008","سبک تویوتا ماتریکس 2008"
"light-pontiac-bonneville-1990","سبک پونتیاک بانوویل 1990"
"light-oldsmobile-intrigue-2014","سبک اولدزموبیل اینتریگ 2014"
"light-subaru-forester-2004","سبک سوبارو فورستر 2004"
"light-mercedes benz-sl300-1989","سبک مرسدس بنز اس‌ال 300 1989"
"light-chevrolet-corvette-1996","سبک شورلت کوروت 1996"
"light-dodge-ram-2500-2007","سبک دوج رم 2500 2007"
"light-chrysler-crossfire-2005","سبک کرایسلر کراس‌فایر 2005"
"light-buick-grandnational-1986","سبک بیوک گرند نشنال 1986"
"light-dena-basic","سبک دنا پایه"
"light-dodge-dakota-2000","سبک دوج داکوتا 2000"
"light-ford-windstar-2002","سبک فورد وینداستار 2002"
"light-toyota-crown","سبک تویوتا کراون"
"light-pontiac-torrent-2009","سبک پونتیاک تورنت 2009"
"light-chevrolet-bel air-1959","سبک شورلت بل هوا 1959"
"light-ford-f350-2002","سبک فورد اف 350 2002"
"light-pontiac-catalina-1968","سبک پونتیاک کاتالینا 1968"
"light-kia-sedona-1999","سبک کیا سدونا 1999"
"light-chrysler-aspen-2007","سبک کرایسلر اسپن 2007"
"light-buick-parkavenue-2001","سبک بیوک پارک اونیو 2001"
"light-saturn-sl-2001","سبک ساترن اس‌ال 2001"
"light-oldsmobile-eightyeight-1997","سبک اولدزموبیل ایتیتیایت 1997"
"light-mercedes benz-e320-wagon-2000","سبک مرسدس بنز ای 320 واگن 2000"
"light-ford-escape-2016","سبک فورد اسکیپ 2016"
"light-alfa romeo-4c-2015","سبک آلفا رومئو 4 سی 2015"
"light-chevrolet-camaro-2012","سبک شورلت کامارو 2012"
"light-nissan-sentra-1987","سبک نیسان سنترا 1987"
"light-dodge-shadow-1991","سبک دوج شدو 1991"
"light-porsche-boxster-2008","سبک پورشه باکستر 2008"
"light-mitsubishi-eclipse-convertible-2002","سبک میتسوبیشی اکلیپس کروک 2002"
"light-subaru-impreza-wagon-2015","سبک سوبارو ایمپرزا واگن 2015"
"light-respect-prime","سبک احترام پرایم"
"light-landmark-v7","سبک لندمارک وی 7"
"light-dodge-charger-1981","سبک دوج شارجر 1981"
"light-bmw-528i-2011","سبک بی‌ام‌دبلیو 528 ای 2011"
"light-gmc-topkick-1992","سبک جی‌ام‌سی تاپ‌کیک 1992"
"light-mitsubishi-galant-2000","سبک میتسوبیشی گالانت 2000"
"light-buick-regal-1986","سبک بیوک ریگال 1986"
"light-chevrolet-metro-1990","سبک شورلت مترو 1990"
"light-toyota-estima-1990","سبک تویوتا استیما 1990"
"light-mercury-mountaineer-2002","سبک مرکوری مونتینیر 2002"
"light-kia-rio-2009","سبک کیا ریو 2009"
"light-isuzu-pickup-1992","سبک ایسوزو پیکاپ 1992"
"light-nissan-sylphy","سبک نیسان سیلفی"
"light-ford-courier-1981","سبک فورد کوریِر 1981"
"light-toyota-4runner-1991","سبک تویوتا 4 رانر 1991"
"light-renault-captur","سبک رنو کپچر"
"light-infiniti-g35-2008","سبک اینفینیتی جی 35 2008"
"light-toyota-camry-le-2015","سبک تویوتا کمری ال‌ای 2015"
"light-subaru-svx-1992","سبک سوبارو اس‌وی‌ایکس 1992"
"light-bmw-745i-1999","سبک بی‌ام‌دبلیو 745 ای 1999"
"light-mercedes benz-ml350-2013","سبک مرسدس بنز ام‌ال 350 2013"
"light-volkswagen-cabriolet-2002","سبک فولکس واگن کابریولت 2002"
"light-dodge-ram-2500-1998","سبک دوج رم 2500 1998"
"light-chevrolet-suburban-1982","سبک شورلت سابربن 1982"
"light-toyota-fj40-1973","سبک تویوتا اف‌جی 40 1973"
"light-mercedes benz-clk240-2004","سبک مرسدس بنز سی‌ال‌کا 240 2004"
"light-porsche-cayenne-2008","سبک پورشه کایین 2008"
"light-subaru-brz-2015","سبک سوبارو بی‌آر‌زد 2015"
"light-ferrari-daytona-1997","سبک فراری دیتونا 1997"
"light-nissan-x-terra","سبک نیسان ایکس ترا"
"light-volkswagen-newbeetle-2002","سبک فولکس واگن نیو بیتل 2002"
"light-buick-century-1987","سبک بیوک سنتوری 1987"
"light-hummer-h2-2008","سبک هامر اچ 2 2008"
"light-smart-fortwo-2014","سبک اسمارت فورتو 2014"
"light-toyota-scion-2012","سبک تویوتا سایون 2012"
"light-chevrolet-camaro-1978","سبک شورلت کامارو 1978"
"light-toyota-rav4-2012","سبک تویوتا راو 4 2012"
"light-citroen-mehari-1970","سبک سیتروئن مهاری 1970"
"light-honda-civic-1982","سبک هوندا سیویک 1982"
"light-toyota-camry-xle-2012","سبک تویوتا کمری ایکس ال ای 2012"
"light-honda-civic-1981","سبک هوندا سیویک 1981"
"light-chevrolet-nova-1988","سبک شورلت نوا 1988"
"light-kia-spectra5-2008","سبک کیا اسپکترا 5 2008"
"light-ford-transit-2012","سبک فورد ترانزیت 2012"
"light-ford-mustang-2002","سبک فورد ماستانگ 2002"
"light-fiat-five hundred-1970","سبک فیات five hundred 1970"
"light-acura-tl-1998","سبک آکورا تی‌ال 1998"
"light-nissan-skyline-1989","سبک نیسان اسکایلاین 1989"
"light-mercedes benz-clk320-2000","سبک مرسدس بنز سی‌ال‌کا 320 2000"
"light-bmw-318i-1994","سبک بی‌ام‌دبلیو 318 ای 1994"
"light-toyota-camry-le-2004","سبک تویوتا کمری ال‌ای 2004"
"light-ford-ranger-2004","سبک فورد رینجر 2004"
"light-volkswagen-beetle-2003","سبک فولکس واگن بیتل 2003"
"light-mg-mgb-mk5-1976","سبک ام‌جی ام‌جی‌بی ام‌کا 5 1976"
"light-mercedes benz-e55-2004","سبک مرسدس بنز ای 55 2004"
"light-toyota-landcruiser-1992","سبک تویوتا لندکروز 1992"
"light-quick-rs","سبک کوئیک آر‌اس"
"light-chevrolet-suburban-2003","سبک شورلت سابربن 2003"
"light-ford-taurus-wagon-1996","سبک فورد تورس واگن 1996"
"light-mitsubishi-eclipse-1994","سبک میتسوبیشی اکلیپس 1994"
"light-audi-a8-1997","سبک آئودی ای 8 1997"
"light-chevrolet-montecarlo-1990","سبک شورلت مونت‌کارلو 1990"
"light-mitsubishi-lancer-2011","سبک میتسوبیشی لنسر 2011"
"light-plymouth-voyager-1991","سبک پلیموت وویجر 1991"
"light-jeep-ahoo","سبک جیپ آهو"
"light-honda-ridgeline-2010","سبک هوندا ریج‌لاین 2010"
"light-jeep-cj5-1987","سبک جیپ سی‌جی 5 1987"
"light-porsche-boxster-2013","سبک پورشه باکستر 2013"
"light-jeep-patriot-2007","سبک جیپ پتریوت 2007"
"light-buick-parkavenue-1998","سبک بیوک پارک اونیو 1998"
"light-dodge-neon-2009","سبک دوج نون 2009"
"light-chevrolet-tahoe-2007","سبک شورلت تاهو 2007"
"light-mercedes benz-c250-2015","سبک مرسدس بنز سی 250 2015"
"light-volkswagen-golf-2009","سبک فولکس واگن گلف 2009"
"light-ford-f150-1976","سبک فورد اف 150 1976"
"light-bmw-m3-2002","سبک بی‌ام‌دبلیو ام 3 2002"
"light-volkswagen-beetle-1971","سبک فولکس واگن بیتل 1971"
"light-toyota-corolla-2003","سبک تویوتا کرولا 2003"
"light-dodge-w100-1988","سبک دوج دبلیو 100 1988"
"light-honda-fit-2012","سبک هوندا فیت 2012"
"light-chevrolet-silverado-1996","سبک شورلت سیلورادو 1996"
"light-suzuki-kizashi-2011","سبک سوزوکی کیزاشی 2011"
"light-mercury-grandmarquis-1999","سبک مرکوری گرند مارکویس 1999"
"light-mazda-6","سبک مزدا 6"
"light-chrysler-imperial-1991","سبک کرایسلر امپریال 1991"
"light-volvo-c30-2009","سبک ولوو سی 30 2009"
"light-chevrolet-corvette-1979","سبک شورلت کوروت 1979"
"light-oldsmobile-intrigue-1998","سبک اولدزموبیل اینتریگ 1998"
"light-nissan-maxima-2009","سبک نیسان ماکسیما 2009"
"light-audi-a4-2010","سبک آئودی ای 4 2010"
"light-ram-1500-2013","سبک رم 1500 2013"
"light-buick-lacrosse-2011","سبک بیوک لاکراس 2011"
"light-saturn-outlook-2008","سبک ساترن آوتلوک 2008"
"light-mazda-3-hatchback-2014","سبک مزدا 3 هاتچ‌بک 2014"
"light-subaru-outback-2012","سبک سوبارو آوت‌بک 2012"
"light-toyota-highlander-2009","سبک تویوتا های‌لندر 2009"
"light-mazda-3-2006","سبک مزدا 3 2006"
"light-saturn-sl-1998","سبک ساترن اس‌ال 1998"
"light-mitsubishi-galant-2003","سبک میتسوبیشی گالانت 2003"
"light-chevrolet-210-1956","سبک شورلت 210 1956"
"light-honda-cr-v-2001","سبک هوندا سی ار وی 2001"
"light-chevrolet-aveo-2008","سبک شورلت آویو 2008"
"light-cadillac-fleetwood-1994","سبک کادیلاک فلیت‌وود 1994"
"light-audi-q5-2010","سبک آئودی کیو 5 2010"
"light-cadillac-seville-1994","سبک کادیلاک سویل 1994"
"light-jeep-cherokee-2001","سبک جیپ چروکی 2001"
"light-chevrolet-caprice-1975","سبک شورلت کاپریس 1975"
"light-toyota-corolla-le-2014","سبک تویوتا کرولا ال‌ای 2014"
"light-kia-sephia-2001","سبک کیا سفیا 2001"
"light-maserati-quattroporte-2008","سبک مازراتی کواتروپورته 2008"
"light-ford-falcon-1968","سبک فورد فالکون 1968"
"light-mitsubishi-eclipse-2007","سبک میتسوبیشی اکلیپس 2007"
"light-ford-crown victoria-2011","سبک فورد کراون victoria 2011"
"light-dodge-durango-2001","سبک دوج دورانگو 2001"
"light-dodge-daytona-1987","سبک دوج دیتونا 1987"
"light-chevrolet-corvette-2007","سبک شورلت کوروت 2007"
"light-porsche-911-1900","سبک پورشه 911 1900"
"light-chevrolet-malibu-1968","سبک شورلت مالیبو 1968"
"light-toyota-avalon-2007","سبک تویوتا اوالون 2007"
"light-bmw-320i-2003","سبک بی‌ام‌دبلیو 320 ای 2003"
"light-infiniti-g20-2001","سبک اینفینیتی جی 20 2001"
"light-mazda-6-2006","سبک مزدا 6 2006"
"light-volkswagen-corrado-1992","سبک فولکس واگن کورادو 1992"
"light-honda-civic-1997","سبک هوندا سیویک 1997"
"light-ford-ranger-2010","سبک فورد رینجر 2010"
"light-nissan-versa-2016","سبک نیسان ورسا 2016"
"light-honda-pilot-2009","سبک هوندا پایلوت 2009"
"light-ford-explorer-1991","سبک فورد اکسپلورر 1991"
"light-nissan-hardbody-1997","سبک نیسان هارد‌بادی 1997"
"light-mazda-tribute-2005","سبک مزدا تریبیوت 2005"
"light-volkswagen-scirocco-1984","سبک فولکس واگن شیرُکو 1984"
"light-audi-a8-2007","سبک آئودی ای 8 2007"
"light-ford-ranger-1977","سبک فورد رینجر 1977"
"light-hyundai-sonata-nf","سبک هیوندای سوناتا ان‌اف"
"light-pontiac-bonneville-1984","سبک پونتیاک بانوویل 1984"
"light-mercury-mariner-2006","سبک مرکوری مارینر 2006"
"light-lexus-rx350-2013","سبک لکسوس آرایکس 350 2013"
"light-chevrolet-montecarlo-1984","سبک شورلت مونت‌کارلو 1984"
"light-toyota-camry-xle-2009","سبک تویوتا کمری ایکس ال ای 2009"
"light-nissan-maxima-1990","سبک نیسان ماکسیما 1990"
"light-kia-amanti-2004","سبک کیا آمانتی 2004"
"light-chevrolet-silverado-3500-2011","سبک شورلت سیلورادو 3500 2011"
"light-oldsmobile-ninetyeight-1954","سبک اولدزموبیل ناین‌تی‌اییت 1954"
"light-chevrolet-suburban-1996","سبک شورلت سابربن 1996"
"light-mercury-sable-1989","سبک مرکوری سیبل 1989"
"light-chevrolet-c-k3500-1988","سبک شورلت سی کی 3500 1988"
"light-chevrolet-montecarlo-2001","سبک شورلت مونت‌کارلو 2001"
"light-toyota-tercel-1993","سبک تویوتا ترسل 1993"
"light-lexus-rx400h-2008","سبک لکسوس آرایکس 400 اچ 2008"
"light-honda-crx-2010","سبک هوندا سی‌آر‌ایکس 2010"
"light-bmw-x5-2008","سبک بی‌ام‌دبلیو ایکس 5 2008"
"light-nissan-sentra-2003","سبک نیسان سنترا 2003"
"light-mazda-rx8-2009","سبک مزدا آرایکس 8 2009"
"light-kia-pegas","سبک کیا پگاس"
"light-volvo-xc70-2001","سبک ولوو ایکس‌سی 70 2001"
"light-mercedes benz-clk500-2005","سبک مرسدس بنز سی‌ال‌کا 500 2005"
"light-ford-thunderbird-1990","سبک فورد تاندر‌برد 1990"
"light-mercedes benz-ml350-2015","سبک مرسدس بنز ام‌ال 350 2015"
"light-volkswagen-passat-wagon-1996","سبک فولکس واگن پاسات واگن 1996"
"light-buick-roadmaster-1996","سبک بیوک رودمستر 1996"
"light-buick-lucerne-2010","سبک بیوک لوسرن 2010"
"light-volkswagen-bug-1975","سبک فولکس واگن بگ 1975"
"light-gmc-savana-2500-2006","سبک جی‌ام‌سی ساوانا 2500 2006"
"light-chevrolet-classic-1955","سبک شورلت کلاسیک 1955"
"light-infiniti-fx50s-2009","سبک اینفینیتی اف‌ایکس 50 اس 2009"
"light-hyundai-sonata-2007","سبک هیوندای سوناتا 2007"
"light-chevrolet-express-2004","سبک شورلت اکسپرس 2004"
"light-volkswagen-beetle-2007","سبک فولکس واگن بیتل 2007"
"light-bmw-x5-2001","سبک بی‌ام‌دبلیو ایکس 5 2001"
"light-lincoln-towncar-1984","سبک لینکلن تاون‌کار 1984"
"light-venucia-d-60-plus","سبک ونوسیا دی 60 پلاس"
"light-ford-crown victoria-1994","سبک فورد کراون victoria 1994"
"light-chevrolet-s10-2002","سبک شورلت اس 10 2002"
"light-gmc-savana-1998","سبک جی‌ام‌سی ساوانا 1998"
"light-mercedes benz-e320-2000","سبک مرسدس بنز ای 320 2000"
"light-mercedes benz-clk320-1998","سبک مرسدس بنز سی‌ال‌کا 320 1998"
"light-hyundai-santafe-2004","سبک هیوندای سانتافه 2004"
"light-isuzu-ascender-2005","سبک ایسوزو اسندر 2005"
"light-toyota-landcruiser-1974","سبک تویوتا لندکروز 1974"
"light-nissan-maxima-1991","سبک نیسان ماکسیما 1991"
"light-gac-gonow-ga3s","سبک گاک گونو ga 3 اس"
"light-chevrolet-nova-1975","سبک شورلت نوا 1975"
"light-kia-spectra-2005","سبک کیا اسپکترا 2005"
"light-ford-f250-1981","سبک فورد اف 250 1981"
"light-ford-explorer-1993","سبک فورد اکسپلورر 1993"
"light-plymouth-duster-1974","سبک پلیموت داستر 1974"
"light-ford-mustang-convertible-1970","سبک فورد ماستانگ کروک 1970"
"light-chevrolet-k20-1974","سبک شورلت کی 20 1974"
"light-hyundai-elantra-1994","سبک هیوندای الانترا 1994"
"light-chevrolet-cavalier-1993","سبک شورلت کاوالیر 1993"
"light-bmw-325i-2004","سبک بی‌ام‌دبلیو 325 ای 2004"
"light-kia-rio-2011","سبک کیا ریو 2011"
"light-volkswagen-cabriolet-1990","سبک فولکس واگن کابریولت 1990"
"light-lexus-es350-2010","سبک لکسوس ای اس 350 2010"
"light-honda-odyssey-2000","سبک هوندا ادسی 2000"
"light-chevrolet-silverado-1998","سبک شورلت سیلورادو 1998"
"light-ford-mustang-convertible-1983","سبک فورد ماستانگ کروک 1983"
"light-mercedes benz-c55-2005","سبک مرسدس بنز سی 55 2005"
"light-ford-e250-2010","سبک فورد ای 250 2010"
"light-dodge-dart-1963","سبک دوج دارت 1963"
"light-bmw-335i-2003","سبک بی‌ام‌دبلیو 335 ای 2003"
"light-nissan-juke-2013","سبک نیسان جوک 2013"
"light-jeep-liberty-2006","سبک جیپ لیبرتی 2006"
"light-honda-insight-2005","سبک هوندا اینسایت 2005"
"light-kia-optima-2006","سبک کیا اپتیما 2006"
"light-jeep-grand-cherokee-2008","سبک جیپ گرند چروکی 2008"
"light-ford-explorer-1985","سبک فورد اکسپلورر 1985"
"light-plymouth-horizon-1989","سبک پلیموت هورایزن 1989"
"light-hyundai-genesis-coupe","سبک هیوندای جنسیس کوپه"
"light-chevrolet-ssr-2004","سبک شورلت اس‌اس‌آر 2004"
"heavy-howo","سنگین هاوو"
"light-volkswagen-tiguan-2014","سبک فولکس واگن تیگوان 2014"
"light-mercedes benz-e320-2006","سبک مرسدس بنز ای 320 2006"
"light-volkswagen-eos-2012","سبک فولکس واگن ای‌او‌اس 2012"
"light-suzuki-swift-1996","سبک سوزوکی سوئیفت 1996"
"light-bmw-635csi-1986","سبک بی‌ام‌دبلیو 635 سی‌اس‌آی 1986"
"light-volkswagen-gti-2008","سبک فولکس واگن جی‌تی‌آی 2008"
"light-pontiac-firebird-1995","سبک پونتیاک فایربرد 1995"
"light-honda-passport-1998","سبک هوندا پاسپورت 1998"
"light-dodge-caliber-1997","سبک دوج کالیبر 1997"
"light-plymouth-reliant-1986","سبک پلیموت رِلاینت 1986"
"light-lexus-is300-2001","سبک لکسوس ای اس 300 2001"
"light-volvo-s40-2005","سبک ولوو اس 40 2005"
"light-toyota-camry-le-1987","سبک تویوتا کمری ال‌ای 1987"
"light-ford-ranchero-1978","سبک فورد رانچرو 1978"
"light-toyota-corolla-le-2004","سبک تویوتا کرولا ال‌ای 2004"
"light-chevrolet-captiva-2013","سبک شورلت کاپتیوا 2013"
"heavy-foton","سنگین فوتون"
"light-volkswagen-beetle-2014","سبک فولکس واگن بیتل 2014"
"light-mazda-3-2005","سبک مزدا 3 2005"
"light-ford-transit-2011","سبک فورد ترانزیت 2011"
"light-daewoo-nubira-2000","سبک دوو نوبیرا 2000"
"light-dodge-ram-1500-1997","سبک دوج رم 1500 1997"
"light-chevrolet-c20-1985","سبک شورلت سی 20 1985"
"light-audi-s4-2002","سبک آئودی اس 4 2002"
"light-oldsmobile-cutlass-1985","سبک اولدزموبیل کاتلاس 1985"
"light-audi-rs4-2007","سبک آئودی آر‌اس 4 2007"
"light-gmc-sonoma-1998","سبک جی‌ام‌سی سوناما 1998"
"light-maxmotor-kalut","سبک مکس‌موتور کالوت"
"light-volvo-s80-2005","سبک ولوو اس 80 2005"
"light-mazda-323-1994","سبک مزدا 323 1994"
"light-lexus-ls400-1990","سبک لکسوس ال‌اس 400 1990"
"light-chevrolet-yukon-2007","سبک شورلت یوکون 2007"
"light-bmw-740i-2001","سبک بی‌ام‌دبلیو 740 ای 2001"
"light-gmc-canyon-2012","سبک جی‌ام‌سی کنیون 2012"
"light-toyota-sienna-1999","سبک تویوتا سیِنا 1999"
"light-infiniti-j30-2001","سبک اینفینیتی جی 30 2001"
"light-mercedes benz-e350-wagon-2011","سبک مرسدس بنز ای 350 واگن 2011"
"light-oldsmobile-alero-2002","سبک اولدزموبیل الرو 2002"
"light-chevrolet-express-1999","سبک شورلت اکسپرس 1999"
"light-hyundai-genesis-coupe-2010","سبک هیوندای جنسیس کوپه 2010"
"light-chevrolet-silverado-3500-1984","سبک شورلت سیلورادو 3500 1984"
"light-mazda-protege-2003","سبک مزدا پروتژه 2003"
"light-bmw-323i-1980","سبک بی‌ام‌دبلیو 323 ای 1980"
"light-oldsmobile-bravada-2003","سبک اولدزموبیل براوادا 2003"
"light-chevrolet-nova-1964","سبک شورلت نوا 1964"
"light-chevrolet-c-k1500-1991","سبک شورلت سی کی 1500 1991"
"light-toyota-sienna-2015","سبک تویوتا سیِنا 2015"
"light-chevrolet-corvette-1980","سبک شورلت کوروت 1980"
"light-oldsmobile-eightyeight-1989","سبک اولدزموبیل ایتیتیایت 1989"
"light-nissan-xterra-2009","سبک نیسان اکستررا 2009"
"light-ford-f150-1989","سبک فورد اف 150 1989"
"light-volvo-s40-2008","سبک ولوو اس 40 2008"
"light-chevrolet-volt-2013","سبک شورلت ولت 2013"
"light-ford-taurus-1999","سبک فورد تورس 1999"
"light-mazda-mx6-2010","سبک مزدا ام ایکس 6 2010"
"light-infiniti-j30-1995","سبک اینفینیتی جی 30 1995"
"light-bmw-328xi-2010","سبک بی‌ام‌دبلیو 328 ایکس‌آی 2010"
"light-landrover-discovery-1999","سبک لندروور دیسکاوری 1999"
"light-saturn-sc1-1997","سبک ساترن اس‌سی 1 1997"
"light-gmc-k2500-1995","سبک جی‌ام‌سی کی 2500 1995"
"light-chevrolet-suburban-1984","سبک شورلت سابربن 1984"
"light-audi-s3-2015","سبک آئودی اس 3 2015"
"light-bmw-428i-2014","سبک بی‌ام‌دبلیو 428 ای 2014"
"light-subaru-legacy-1997","سبک سوبارو لگاسی 1997"
"light-ford-escape-2002","سبک فورد اسکیپ 2002"
"light-volkswagen-beetle-1970","سبک فولکس واگن بیتل 1970"
"light-toyota-rav4-2014","سبک تویوتا راو 4 2014"
"light-mercedes benz-190-1992","سبک مرسدس بنز 190 1992"
"light-honda-hr-v","سبک هوندا اچ‌آر وی"
"light-chevrolet-cavalier-1995","سبک شورلت کاوالیر 1995"
"light-haval-h9","سبک هول اچ 9"
"light-haima-x7","سبک هایما ایکس 7"
"light-mazda-mpv-2004","سبک مزدا ام‌پی‌وی 2004"
"light-ford-e250-1989","سبک فورد ای 250 1989"
"light-maserati-granturismo-2008","سبک مازراتی گرانتوریسمو 2008"
"light-daewoo-lanos-2000","سبک دوو لانس 2000"
"light-chevrolet-malibu-1998","سبک شورلت مالیبو 1998"
"light-nissan-frontier-1996","سبک نیسان فرانتیر 1996"
"light-mercury-grandmarquis-1998","سبک مرکوری گرند مارکویس 1998"
"light-mg-mg-5","سبک ام‌جی ام‌جی 5"
"light-kia-sephia-1996","سبک کیا سفیا 1996"
"light-gmc-sonoma-2004","سبک جی‌ام‌سی سوناما 2004"
"light-chevrolet-c-k3500-2006","سبک شورلت سی کی 3500 2006"
"light-toyota-landcruiser-1989","سبک تویوتا لندکروز 1989"
"light-dodge-coronet-1967","سبک دوج کورونت 1967"
"light-mazda-6-2010","سبک مزدا 6 2010"
"light-chevrolet-malibu-1996","سبک شورلت مالیبو 1996"
"light-volkswagen-bug-2004","سبک فولکس واگن بگ 2004"
"light-mazda-rx7-1979","سبک مزدا آرایکس 7 1979"
"light-mini-cooper-2012","سبک مینی کوپر 2012"
"light-ford-escort-wagon-1993","سبک فورد اسکورت واگن 1993"
"light-cadillac-fleetwood-1989","سبک کادیلاک فلیت‌وود 1989"
"light-toyota-camry-2012","سبک تویوتا کمری 2012"
"light-ford-ranger-2006","سبک فورد رینجر 2006"
"light-plymouth-neon-2000","سبک پلیموت نون 2000"
"light-dodge-intrepid-1996","سبک دوج اینترپید 1996"
"light-cadillac-allante-1992","سبک کادیلاک الانته 1992"
"light-kia-sephia-2000","سبک کیا سفیا 2000"
"light-hyundai-hyundai-hyundai-elantra-1800","سبک هیوندای هیوندای هیوندای الانترا 1800"
"light-chevrolet-v10-2000","سبک شورلت وی 10 2000"
"light-toyota-tercel-1985","سبک تویوتا ترسل 1985"
"light-volkswagen-newbeetle-1998","سبک فولکس واگن نیو بیتل 1998"
"light-chevrolet-silverado-3500-1991","سبک شورلت سیلورادو 3500 1991"
"light-mitsubishi-mirage-1990","سبک میتسوبیشی میرَج 1990"
"light-ford-ranger-1996","سبک فورد رینجر 1996"
"light-gmc-suburban-1500-1998","سبک جی‌ام‌سی سابربن 1500 1998"
"light-dodge-d250-1970","سبک دوج دی 250 1970"
"light-bmw-m-roadster-1998","سبک بی‌ام‌دبلیو ام رودستر 1998"
"light-honda-prelude-1983","سبک هوندا پرلود 1983"
"light-kia-sedona-2009","سبک کیا سدونا 2009"
"light-kia-sportage","سبک کیا اسپورتیج"
"light-bmw-535i-2011","سبک بی‌ام‌دبلیو 535 ای 2011"
"light-mitsubishi-eclipse-convertible-1996","سبک میتسوبیشی اکلیپس کروک 1996"
"light-subaru-outback-2005","سبک سوبارو آوت‌بک 2005"
"light-saab-9-5-2007","سبک ساب 9 5 2007"
"light-mazda-b2600-1992","سبک مزدا بی 2600 1992"
"light-chevrolet-pickup","سبک شورلت پیکاپ"
"light-ford-f150-1985","سبک فورد اف 150 1985"
"light-toyota-tacoma-2005","سبک تویوتا تاکوما 2005"
"light-mercury-cougar-1984","سبک مرکوری کوگار 1984"
"light-chevrolet-malibu-1966","سبک شورلت مالیبو 1966"
"light-chevrolet-caprice-1985","سبک شورلت کاپریس 1985"
"light-saab-900-1996","سبک ساب 900 1996"
"light-chevrolet-suburban-1979","سبک شورلت سابربن 1979"
"light-kia-carens","سبک کیا کارنس"
"light-chevrolet-c-k1500-1995","سبک شورلت سی کی 1500 1995"
"light-honda-civic-coupe-1993","سبک هوندا سیویک کوپه 1993"
"light-ford-f150-1978","سبک فورد اف 150 1978"
"light-toyota-mr2-1986","سبک تویوتا ام آر 2 1986"
"light-chevrolet-corvette-1963","سبک شورلت کوروت 1963"
"light-byd-song-plus","سبک بی‌وای‌دی سانگ پلاس"
"light-toyota-4runner-1996","سبک تویوتا 4 رانر 1996"
"light-chrysler-new yorker-1988","سبک کرایسلر جدید yorker 1988"
"light-chrysler-concorde-1998","سبک کرایسلر کانکورد 1998"
"light-toyota-fjcruiser-2011","سبک تویوتا اف‌جی کروزر 2011"
"light-saab-9-3-2006","سبک ساب 9 3 2006"
"light-lincoln-continental-1942","سبک لینکلن کانتیننتال 1942"
"light-volvo-940-wagon-1993","سبک ولوو 940 واگن 1993"
"light-chevrolet-c10-1985","سبک شورلت سی 10 1985"
"light-nissan-sentra-1994","سبک نیسان سنترا 1994"
"light-mazda-protege-2000","سبک مزدا پروتژه 2000"
"light-gmc-k1500-1996","سبک جی‌ام‌سی کی 1500 1996"
"light-bmw-320i-1979","سبک بی‌ام‌دبلیو 320 ای 1979"
"light-gmc-k1500-1994","سبک جی‌ام‌سی کی 1500 1994"
"light-ford-taurus-wagon-1999","سبک فورد تورس واگن 1999"
"light-ram-2500-2013","سبک رم 2500 2013"
"light-ford-escort-wagon-1996","سبک فورد اسکورت واگن 1996"
"light-mvm-315-sedan","سبک ام‌وی‌ام 315 سدان"
"light-saturn-sl-1995","سبک ساترن اس‌ال 1995"
"light-audi-allroad-2005","سبک آئودی آل‌رود 2005"
"light-chevrolet-suburban-1989","سبک شورلت سابربن 1989"
"light-nissan-armada-2006","سبک نیسان آرمادا 2006"
"light-honda-fit-2011","سبک هوندا فیت 2011"
"light-volkswagen-touareg-2011","سبک فولکس واگن توارگ 2011"
"light-chevrolet-c60-1974","سبک شورلت سی 60 1974"
"light-bmw-m3-2008","سبک بی‌ام‌دبلیو ام 3 2008"
"light-pontiac-grandprix-2009","سبک پونتیاک گرند پریکس 2009"
"light-hyundai-van-h1","سبک هیوندای ون اچ 1"
"light-renault-van","سبک رنو ون"
"light-honda-civic-hatchback-2007","سبک هوندا سیویک هاتچ‌بک 2007"
"light-cadillac-brougham-1989","سبک کادیلاک براگام 1989"
"light-mercedes benz-ml350-2010","سبک مرسدس بنز ام‌ال 350 2010"
"light-gmc-sierra-2500-1988","سبک جی‌ام‌سی سیرا 2500 1988"
"light-mercury-villager-2003","سبک مرکوری ویلیجر 2003"
"light-ford-f450-1998","سبک فورد اف 450 1998"
"light-lexus-is250-2009","سبک لکسوس ای اس 250 2009"
"light-tara-v4--lx","سبک تارا وی 4 ال‌ایکس"
"light-bmw-328i-1999","سبک بی‌ام‌دبلیو 328 ای 1999"
"light-oldsmobile-alero-2005","سبک اولدزموبیل الرو 2005"
"light-mitsubishi-diamante-1999","سبک میتسوبیشی دیامانته 1999"
"light-chevrolet-silverado-2002","سبک شورلت سیلورادو 2002"
"light-buick-century-1991","سبک بیوک سنتوری 1991"
"light-toyota-tercel-1986","سبک تویوتا ترسل 1986"
"light-ford-escort-1999","سبک فورد اسکورت 1999"
"heavy-dongfeng","سنگین دونگ‌فنگ"
"light-buick-parkavenue-1996","سبک بیوک پارک اونیو 1996"
"light-pontiac-catalina-1972","سبک پونتیاک کاتالینا 1972"
"light-ford-mustang-mach-1973","سبک فورد ماستانگ ماخ 1973"
"light-cadillac-fleetwood-1983","سبک کادیلاک فلیت‌وود 1983"
"light-ford-mustang-mach-1972","سبک فورد ماستانگ ماخ 1972"
"light-gmc-c6500-2000","سبک جی‌ام‌سی سی 6500 2000"
"light-gmc-sierra-3500-1973","سبک جی‌ام‌سی سیرا 3500 1973"
"light-lexus-hs250h-2011","سبک لکسوس hs 250 اچ 2011"
"light-toyota-4runner-1992","سبک تویوتا 4 رانر 1992"
"light-audi-a4-avant-2012","سبک آئودی ای 4 آوانت 2012"
"light-lexus-gs430-2006","سبک لکسوس جی‌اس 430 2006"
"light-chevrolet-cavalier-1990","سبک شورلت کاوالیر 1990"
"light-maserati-spyder-2005","سبک مازراتی اسپایدر 2005"
"light-kia-sedona-2005","سبک کیا سدونا 2005"
"light-chevrolet-k10-1988","سبک شورلت کی 10 1988"
"light-cadillac-deville-2000","سبک کادیلاک دویل 2000"
"light-acura-mdx-2008","سبک آکورا ام‌دی‌ایکس 2008"
"light-subaru-legacy-2013","سبک سوبارو لگاسی 2013"
"light-pontiac-g5-2005","سبک پونتیاک جی 5 2005"
"light-dodge-charger-1976","سبک دوج شارجر 1976"
"light-bmw-m3-2011","سبک بی‌ام‌دبلیو ام 3 2011"
"light-gmc-caballero-1977","سبک جی‌ام‌سی کابایرو 1977"
"light-land-rover-defender","سبک لند روور دفندر"
"light-chrysler-newport-1978","سبک کرایسلر نیوپورت 1978"
"light-cadillac-deville-1977","سبک کادیلاک دویل 1977"
"light-suzuki-equator-2012","سبک سوزوکی اکواتور 2012"
"light-ford-bronco-1978","سبک فورد برانکو 1978"
"light-gmc-savana-1999","سبک جی‌ام‌سی ساوانا 1999"
"light-dodge-w150-2007","سبک دوج دبلیو 150 2007"
"light-chevrolet-trailblazer-2000","سبک شورلت تریل‌بلیزر 2000"
"light-hongqi-e-qm5","سبک هونگ‌چی ای کیو‌ام 5"
"light-mercury-monterey-2006","سبک مرکوری مانتری 2006"
"light-volvo-s70-1997","سبک ولوو اس 70 1997"
"light-mercedes benz-ml500-2006","سبک مرسدس بنز ام‌ال 500 2006"
"light-hyundai-elantra-1998","سبک هیوندای الانترا 1998"
"light-gmc-savana-1996","سبک جی‌ام‌سی ساوانا 1996"
"light-honda-beat-1992","سبک هوندا بیت 1992"
"light-lexus-rx330-2004","سبک لکسوس آرایکس 330 2004"
"light-gmc-terrain-2014","سبک جی‌ام‌سی ترِرِین 2014"
"light-hyundai-veracruz-2010","سبک هیوندای ورا کراس 2010"
"light-bmw-318i-1991","سبک بی‌ام‌دبلیو 318 ای 1991"
"light-volkswagen-rabbit-2005","سبک فولکس واگن رابیت 2005"
"light-pontiac-firebird-1993","سبک پونتیاک فایربرد 1993"
"light-volvo-s80-2002","سبک ولوو اس 80 2002"
"light-oldsmobile-aurora-1999","سبک اولدزموبیل آرورا 1999"
"light-mitsubishi-3000gt-1998","سبک میتسوبیشی 3000 جی‌تی 1998"
"light-jeep-commander-2009","سبک جیپ کماندر 2009"
"light-ford-mustang-convertible-2012","سبک فورد ماستانگ کروک 2012"
"light-toyota-camry-le-2010","سبک تویوتا کمری ال‌ای 2010"
"light-ford-f450-1990","سبک فورد اف 450 1990"
"light-dodge-monaco-1967","سبک دوج موناکو 1967"
"light-gmc-sierra-1500-2000","سبک جی‌ام‌سی سیرا 1500 2000"
"light-chevrolet-malibu-2003","سبک شورلت مالیبو 2003"
"light-volkswagen-cc-2011","سبک فولکس واگن سی‌سی 2011"
"light-hyundai-accent-2002","سبک هیوندای اکسنت 2002"
"light-volkswagen-fox-1991","سبک فولکس واگن فاکس 1991"
"light-mercedes benz-s500-1997","سبک مرسدس بنز اس 500 1997"
"light-maxmotor-tiara","سبک مکس‌موتور تیارا"
"light-bmw-328xi-2006","سبک بی‌ام‌دبلیو 328 ایکس‌آی 2006"
"light-saturn-aura-2008","سبک ساترن آورا 2008"
"light-tara-v3","سبک تارا وی 3"
"light-opel-astra","سبک اوپل آسترا"
"light-honda-odyssey-2013","سبک هوندا ادسی 2013"
"light-triumph-tr-1980","سبک تریومف تی‌آر 1980"
"light-landrover-lr3-2005","سبک لندروور ال‌آر 3 2005"
"light-nissan-pathfinder-2015","سبک نیسان پث‌فایندر 2015"
"light-mercedes benz-cl500-2006","سبک مرسدس بنز سی‌ال 500 2006"
"light-plymouth-voyager-1993","سبک پلیموت وویجر 1993"
"light-suzuki-swift-2002","سبک سوزوکی سوئیفت 2002"
"light-mercury-montego-2006","سبک مرکوری مونتگو 2006"
"light-porsche-912-1976","سبک پورشه 912 1976"
"light-ford-galaxie-1963","سبک فورد گالکسی 1963"
"light-ford-e150-2005","سبک فورد ای 150 2005"
"light-nissan-300zx-2000","سبک نیسان 300 زد‌ایکس 2000"
"light-lexus-rx350-2001","سبک لکسوس آرایکس 350 2001"
"light-bmw-330xi-2002","سبک بی‌ام‌دبلیو 330 ایکس‌آی 2002"
"light-chevrolet-fleetmaster-1948","سبک شورلت فلیت‌مستر 1948"
"light-lexus-rx350-2011","سبک لکسوس آرایکس 350 2011"
"light-lincoln-continental-1979","سبک لینکلن کانتیننتال 1979"
"light-lincoln-towncar-1993","سبک لینکلن تاون‌کار 1993"
"light-hyundai-elantra-2010","سبک هیوندای الانترا 2010"
"light-chrysler-sebring-2004","سبک کرایسلر سبرینگ 2004"
"light-ford-ranchero-1971","سبک فورد رانچرو 1971"
"light-audi-a8-1998","سبک آئودی ای 8 1998"
"light-infiniti-q45-1992","سبک اینفینیتی کیو 45 1992"
"light-bmw-760i-2003","سبک بی‌ام‌دبلیو 760 ای 2003"
"light-mercedes benz-e500-2007","سبک مرسدس بنز ای 500 2007"
"light-mercedes benz-c300-2011","سبک مرسدس بنز سی 300 2011"
"light-suzuki-esteem-2000","سبک سوزوکی استیم 2000"
"light-toyota-matrix-2012","سبک تویوتا ماتریکس 2012"
"light-audi-tt-2008","سبک آئودی تی‌تی 2008"
"light-subaru-impreza-2011","سبک سوبارو ایمپرزا 2011"
"light-honda-accord-1999","سبک هوندا آکورد 1999"
"light-ford-escape-2006","سبک فورد اسکیپ 2006"
"light-tigard-l7-plus","سبک تیگارد ال 7 پلاس"
"light-chevrolet-1 ton-1985","سبک شورلت 1 تن 1985"
"light-audi-a5-2011","سبک آئودی ای 5 2011"
"light-hyundai-santafe-2009","سبک هیوندای سانتافه 2009"
"light-cadillac-eldorado-1991","سبک کادیلاک الدورادو 1991"
"light-lexus-es300-1997","سبک لکسوس ای اس 300 1997"
"light-mercury-cougar-1994","سبک مرکوری کوگار 1994"
"light-gmc-terrain-2011","سبک جی‌ام‌سی ترِرِین 2011"
"light-volvo-c70-2001","سبک ولوو سی 70 2001"
"light-mazda-mx6-1988","سبک مزدا ام ایکس 6 1988"
"light-ford-mustang-gt-2004","سبک فورد ماستانگ جی‌تی 2004"
"light-gmc-sierra-3500-1996","سبک جی‌ام‌سی سیرا 3500 1996"
"light-lexus-gs300-1997","سبک لکسوس جی‌اس 300 1997"
"light-chrysler-town&country-2002","سبک کرایسلر town country 2002"
"light-pontiac-grandprix-1990","سبک پونتیاک گرند پریکس 1990"
"light-bmw-3-series-coupe","سبک بی‌ام‌دبلیو 3 سری کوپه"
"light-gmc-jimmy-2001","سبک جی‌ام‌سی جیمی 2001"
"light-dodge-ram-1500-1989","سبک دوج رم 1500 1989"
"light-toyota-celica-1990","سبک تویوتا سلیکا 1990"
"light-bmw-550i-2012","سبک بی‌ام‌دبلیو 550 ای 2012"
"light-toyota-4runner-2003","سبک تویوتا 4 رانر 2003"
"light-chevrolet-camaro","سبک شورلت کامارو"
"light-volkswagen-cabrio-1995","سبک فولکس واگن کابریو 1995"
"light-bradley-gt-1973","سبک برادلی جی‌تی 1973"
"light-lotus-evora-2011","سبک لوتوس اوورا 2011"
"light-mercedes benz-td300-1984","سبک مرسدس بنز تی‌دی 300 1984"
"light-volkswagen-bug-1973","سبک فولکس واگن بگ 1973"
"light-saipa-shahin-g-cvt","سبک سایپا شاهین جی سی‌وی‌تی"
"light-toyota-highlander-2008","سبک تویوتا های‌لندر 2008"
"light-porsche-911-2013","سبک پورشه 911 2013"
"light-jeep-cherokee-1986","سبک جیپ چروکی 1986"
"light-audi-r8-2010","سبک آئودی ار 8 2010"
"light-audi-allroad-2006","سبک آئودی آل‌رود 2006"
"light-toyota-furtuner","سبک تویوتا فورتنر"
"light-jaguar-xj-2003","سبک جگوار ایکس‌جی 2003"
"light-ford-woody-1950","سبک فورد وودی 1950"
"light-pontiac-lemans-1990","سبک پونتیاک لومانس 1990"
"light-chevrolet-stepside-1955","سبک شورلت استپساید 1955"
"light-acura-tl-1995","سبک آکورا تی‌ال 1995"
"light-mazda-b3000-1994","سبک مزدا بی 3000 1994"
"light-chevrolet-fleetside-1963","سبک شورلت فلیت‌ساید 1963"
"light-mini-clubman","سبک مینی کلاب‌من"
"light-lincoln-continental-1980","سبک لینکلن کانتیننتال 1980"
"light-acura-mdx-2002","سبک آکورا ام‌دی‌ایکس 2002"
"light-buick-wildcat-1965","سبک بیوک وایلدکت 1965"
"light-jeep-cherokee-2002","سبک جیپ چروکی 2002"
"light-saab-9-3-2001","سبک ساب 9 3 2001"
"light-kmc-t9-pick-up","سبک کی‌ام‌سی تی 9 پیک آپ"
"light-volkswagen-passat-wagon-2007","سبک فولکس واگن پاسات واگن 2007"
"light-ford-f150-2000","سبک فورد اف 150 2000"
"light-ford-maverick-1970","سبک فورد ماوریک 1970"
"light-chevrolet-suburban-2001","سبک شورلت سابربن 2001"
"light-chevrolet-express-1996","سبک شورلت اکسپرس 1996"
"light-pontiac-montana-1999","سبک پونتیاک مونتانا 1999"
"light-suzuki-ciaz","سبک سوزوکی سیاژ"
"light-geely-gx3-pro","سبک جیلی جی‌ایکس 3 پرو"
"light-cadillac-calais-1968","سبک کادیلاک کالیس 1968"
"light-lexus-es330-2007","سبک لکسوس ای اس 330 2007"
"light-iran-khodro-luna-gre-ev","سبک ایران خودرو لونا گره الکتریکی"
"light-baic-sabrina-ir","سبک بایک سابرینا ای ار"
"light-chevrolet-prizm-2001","سبک شورلت پریزم 2001"
"light-jeep-patriot-2009","سبک جیپ پتریوت 2009"
"light-volkswagen-dunebuggy-1963","سبک فولکس واگن دون‌باگی 1963"
"light-gmc-denali-2012","سبک جی‌ام‌سی دنالی 2012"
"light-lexus-es300-2002","سبک لکسوس ای اس 300 2002"
"light-ford-ranchero-1964","سبک فورد رانچرو 1964"
"light-ford-f150-1997","سبک فورد اف 150 1997"
"light-volkswagen-eos-2010","سبک فولکس واگن ای‌او‌اس 2010"
"light-toyota-camry-1984","سبک تویوتا کمری 1984"
"light-audi-a6-2000","سبک آئودی ای 6 2000"
"light-audi-a6-2007","سبک آئودی ای 6 2007"
"light-honda-ridgeline-2008","سبک هوندا ریج‌لاین 2008"
"light-jaguar-xk-2010","سبک جگوار ایکس‌کی 2010"
"light-lexus-sc430-2002","سبک لکسوس اس‌سی 430 2002"
"light-chevrolet-stepside-1990","سبک شورلت استپساید 1990"
"light-nissan-truck-1989","سبک نیسان کامیون 1989"
"light-gmc-c7500-1998","سبک جی‌ام‌سی سی 7500 1998"
"light-toyota-camry-le-2013","سبک تویوتا کمری ال‌ای 2013"
"light-ford-f150-1998","سبک فورد اف 150 1998"
"light-dodge-journey-2015","سبک دوج جرنی 2015"
"light-oldsmobile-silhouette-2003","سبک اولدزموبیل سیلوئت 2003"
"light-cadillac-deville-2009","سبک کادیلاک دویل 2009"
"light-cadillac-seville-2004","سبک کادیلاک سویل 2004"
"light-jeep-commander-2006","سبک جیپ کماندر 2006"
"light-mercedes benz-clk320-2002","سبک مرسدس بنز سی‌ال‌کا 320 2002"
"light-saturn-sw2-1997","سبک ساترن اس‌دبلیو 2 1997"
"light-hyundai-genesis-2009","سبک هیوندای جنسیس 2009"
"light-honda-accord-2006","سبک هوندا آکورد 2006"
"light-mitsubishi-3000gt-1991","سبک میتسوبیشی 3000 جی‌تی 1991"
"light-ford-mustang-1994","سبک فورد ماستانگ 1994"
"light-ford-mustang-2000","سبک فورد ماستانگ 2000"
"light-chevrolet-silverado-1994","سبک شورلت سیلورادو 1994"
"light-volkswagen-newbeetle-2008","سبک فولکس واگن نیو بیتل 2008"
"light-oldsmobile-bravada-1996","سبک اولدزموبیل براوادا 1996"
"light-buick-special-1941","سبک بیوک اسپشیال 1941"
"light-cadillac-fleetwood-1955","سبک کادیلاک فلیت‌وود 1955"
"light-hyundai-genesis-2010","سبک هیوندای جنسیس 2010"
"light-nissan-altima-2012","سبک نیسان آلتیما 2012"
"light-mitsubishi-diamante-2004","سبک میتسوبیشی دیامانته 2004"
"light-pontiac-grandville-1973","سبک پونتیاک گرندویل 1973"
"light-jeep-wagoneer-1977","سبک جیپ واگنییر 1977"
"light-volkswagen-tiguan-2009","سبک فولکس واگن تیگوان 2009"
"light-acura-el-1997","سبک آکورا ال 1997"
"light-gmc-savana-2003","سبک جی‌ام‌سی ساوانا 2003"
"light-acura-tl-1996","سبک آکورا تی‌ال 1996"
"light-bmw-z3-1996","سبک بی‌ام‌دبلیو زد 3 1996"
"light-bmw-740i-1993","سبک بی‌ام‌دبلیو 740 ای 1993"
"light-gmc-sierra-1500-1970","سبک جی‌ام‌سی سیرا 1500 1970"
"light-dodge-grand caravan-1987","سبک دوج گرند caravan 1987"
"light-jeep-cj5-1978","سبک جیپ سی‌جی 5 1978"
"light-nissan-hardbody-1996","سبک نیسان هارد‌بادی 1996"
"light-ford-thunderbird-1955","سبک فورد تاندر‌برد 1955"
"light-chevrolet-cheyenne-1978","سبک شورلت شاین 1978"
"light-buick-lucerne-2008","سبک بیوک لوسرن 2008"
"light-ford-f250-1968","سبک فورد اف 250 1968"
"light-ford-f350-1997","سبک فورد اف 350 1997"
"light-volkswagen-superbeetle-1974","سبک فولکس واگن سوپربیتل 1974"
"light-chevrolet-volt-2012","سبک شورلت ولت 2012"
"light-ford-mustang-gt-2007","سبک فورد ماستانگ جی‌تی 2007"
"light-chevrolet-silverado-2007","سبک شورلت سیلورادو 2007"
"light-chevrolet-tahoe-2015","سبک شورلت تاهو 2015"
"light-mercedes benz-e320-wagon-2004","سبک مرسدس بنز ای 320 واگن 2004"
"light-chevrolet-montecarlo-1971","سبک شورلت مونت‌کارلو 1971"
"light-saturn-ls-2001","سبک ساترن ال‌اس 2001"
"light-jaguar-xj-1990","سبک جگوار ایکس‌جی 1990"
"light-mitsubishi-van","سبک میتسوبیشی ون"
"light-kia-spectra-2001","سبک کیا اسپکترا 2001"
"light-toyota-sequoia-2005","سبک تویوتا سکویا 2005"
"light-chevrolet-s10-1986","سبک شورلت اس 10 1986"
"light-nissan-d21-1996","سبک نیسان دی 21 1996"
"light-honda-cr-x","سبک هوندا سی ار ایکس"
"light-saturn-vue-2005","سبک ساترن ویو 2005"
"light-cadillac-srx-2001","سبک کادیلاک اس‌آر‌ایکس 2001"
"light-volkswagen-rabbit-1980","سبک فولکس واگن رابیت 1980"
"light-jaguar-xj-1995","سبک جگوار ایکس‌جی 1995"
"light-foton-tunland-g7","سبک فوتون تانلند جی 7"
"light-gmc-jimmy-1978","سبک جی‌ام‌سی جیمی 1978"
"light-kia-ceed-2009","سبک کیا سید 2009"
"light-ford-taurus-1993","سبک فورد تورس 1993"
"light-mitsubishi-mirage-2004","سبک میتسوبیشی میرَج 2004"
"light-hyundai-sonata-2000","سبک هیوندای سوناتا 2000"
"light-audi-a4-2014","سبک آئودی ای 4 2014"
"light-toyota-tacoma-2016","سبک تویوتا تاکوما 2016"
"light-buick-rendezvous-2005","سبک بیوک رندزو 2005"
"light-subaru-forester-1998","سبک سوبارو فورستر 1998"
"light-oldsmobile-cutlass-1979","سبک اولدزموبیل کاتلاس 1979"
"light-isuzu-trooper-2001","سبک ایسوزو تروپر 2001"
"light-hyundai-azera-2009","سبک هیوندای آزرا 2009"
"light-mercedes benz-s550-2009","سبک مرسدس بنز اس 550 2009"
"light-chrysler-pacifica-2004","سبک کرایسلر پاسفیکا 2004"
"light-mazda-626-1989","سبک مزدا 626 1989"
"light-saab-9-3-1999","سبک ساب 9 3 1999"
"light-ford-mustang-convertible-2003","سبک فورد ماستانگ کروک 2003"
"light-cadillac-seville-2001","سبک کادیلاک سویل 2001"
"light-acura-ilx-2014","سبک آکورا آی‌ال‌ایکس 2014"
"light-chevrolet-montecarlo-1973","سبک شورلت مونت‌کارلو 1973"
"light-datsun-280z-1977","سبک داتسون 280 زد 1977"
"light-jeep-cj7-1969","سبک جیپ سی‌جی 7 1969"
"light-chevrolet-express-2006","سبک شورلت اکسپرس 2006"
"light-ford-mustang-gt-2015","سبک فورد ماستانگ جی‌تی 2015"
"light-cadillac-sts-1998","سبک کادیلاک اس‌تی‌اس 1998"
"light-ferrari-f430-2006","سبک فراری اف 430 2006"
"light-volvo-v70-2001","سبک ولوو وی 70 2001"
"light-porsche-917-1976","سبک پورشه 917 1976"
"light-chrysler-new yorker-1999","سبک کرایسلر جدید yorker 1999"
"light-pontiac-transam-2002","سبک پونتیاک ترانس‌ام 2002"
"light-honda-cr-v-2014","سبک هوندا سی ار وی 2014"
"light-volvo-v40-2003","سبک ولوو وی 40 2003"
"light-honda-civic-2016","سبک هوندا سیویک 2016"
"light-changan-cs-35--3","سبک چانگان سی‌اس 35 3"
"light-ford-fiesta-1979","سبک فورد فیستا 1979"
"light-dodge-d100-1968","سبک دوج دی 100 1968"
"light-suzuki-sidekick-1994","سبک سوزوکی سایدکیک 1994"
"light-ford-e350-2003","سبک فورد ای 350 2003"
"light-dodge-grand caravan-2003","سبک دوج گرند caravan 2003"
"light-fownix-tiggo-7-pro","سبک فونییکس تیگو 7 پرو"
"light-pontiac-transam-1975","سبک پونتیاک ترانس‌ام 1975"
"light-bmw-3-series-convertible","سبک بی‌ام‌دبلیو 3 سری کروک"
"light-plymouth-savoy-1954","سبک پلیموت ساوی 1954"
"light-dodge-dart-1970","سبک دوج دارت 1970"
"light-bmw-750i-1990","سبک بی‌ام‌دبلیو 750 ای 1990"
"light-isuzu-ascender-2004","سبک ایسوزو اسندر 2004"
"light-audi-a6-quattro-1999","سبک آئودی ای 6 کواترو 1999"
"light-lexus-is300-2004","سبک لکسوس ای اس 300 2004"
"light-lincoln-towncar-1973","سبک لینکلن تاون‌کار 1973"
"light-mercedes benz-e420-1994","سبک مرسدس بنز ای 420 1994"
"light-chevrolet-traverse-2009","سبک شورلت ترورس 2009"
"light-gmc-yukon-1500-1997","سبک جی‌ام‌سی یوکون 1500 1997"
"light-ford-ranger-1983","سبک فورد رینجر 1983"
"light-nissan-sentra-1986","سبک نیسان سنترا 1986"
"light-chevrolet-bel air-1954","سبک شورلت بل هوا 1954"
"light-infiniti-q45-1998","سبک اینفینیتی کیو 45 1998"
"light-lexus-es330-2004","سبک لکسوس ای اس 330 2004"
"light-ford-five hundred-2005","سبک فورد five hundred 2005"
"light-buick-lacrosse-2013","سبک بیوک لاکراس 2013"
"light-studebaker-commander-1939","سبک استادیبیکر کماندر 1939"
"light-mazda-protege-2002","سبک مزدا پروتژه 2002"
"light-saturn-sl2-2000","سبک ساترن اس‌ال 2 2000"
"light-cadillac-catera-1998","سبک کادیلاک کاترا 1998"
"light-pontiac-grandprix-1985","سبک پونتیاک گرند پریکس 1985"
"light-mercedes benz-c230-2006","سبک مرسدس بنز سی 230 2006"
"light-lincoln-mkx-2013","سبک لینکلن ام‌کی‌ایکس 2013"
"light-dodge-cummins-1998","سبک دوج کامینز 1998"
"light-bmw-335i-2013","سبک بی‌ام‌دبلیو 335 ای 2013"
"light-daewoo-nubira-2001","سبک دوو نوبیرا 2001"
"light-bmw-m3-1997","سبک بی‌ام‌دبلیو ام 3 1997"
"light-ford-f450-2009","سبک فورد اف 450 2009"
"light-triumph-tr-1976","سبک تریومف تی‌آر 1976"
"light-audi-a5-2010","سبک آئودی ای 5 2010"
"light-toyota-camry-2000","سبک تویوتا کمری 2000"
"light-chevrolet-traverse-2012","سبک شورلت ترورس 2012"
"light-mitsubishi-galant-2008","سبک میتسوبیشی گالانت 2008"
"light-toyota-celica-2004","سبک تویوتا سلیکا 2004"
"light-mvm-530","سبک ام‌وی‌ام 530"
"light-jeep-wrangler-2003","سبک جیپ رنگلر 2003"
"light-buick-rendezvous-2002","سبک بیوک رندزو 2002"
"light-infiniti-qx4-1998","سبک اینفینیتی کیو ایکس 4 1998"
"light-pontiac-transam-1997","سبک پونتیاک ترانس‌ام 1997"
"light-audi-a4-1997","سبک آئودی ای 4 1997"
"light-honda-accord-2 door-2012","سبک هوندا آکورد 2 درب 2012"
"light-lexus-es350-2015","سبک لکسوس ای اس 350 2015"
"light-bmw-x5-2000","سبک بی‌ام‌دبلیو ایکس 5 2000"
"light-bmw-m3-1998","سبک بی‌ام‌دبلیو ام 3 1998"
"light-landrover-discovery-2003","سبک لندروور دیسکاوری 2003"
"light-honda-cr-v-2012","سبک هوندا سی ار وی 2012"
"light-hyundai-santafe-2003","سبک هیوندای سانتافه 2003"
"light-toyota-fjcruiser-2013","سبک تویوتا اف‌جی کروزر 2013"
"light-volkswagen-gti-2009","سبک فولکس واگن جی‌تی‌آی 2009"
"light-suzuki-forenza-2007","سبک سوزوکی فورِنزا 2007"
"light-ford-expedition-1998","سبک فورد اکسپدیشن 1998"
"light-nissan-sentra-2002","سبک نیسان سنترا 2002"
"light-lexus-ls400-1998","سبک لکسوس ال‌اس 400 1998"
"light-hyundai-veloster-2013","سبک هیوندای ولستر 2013"
"light-dodge-ram-1500-2000","سبک دوج رم 1500 2000"
"light-bmw-328i-2002","سبک بی‌ام‌دبلیو 328 ای 2002"
"light-toyota-rav4-2000","سبک تویوتا راو 4 2000"
"light-nissan-juke-2015","سبک نیسان جوک 2015"
"light-chevrolet-astro-2000","سبک شورلت آسترو 2000"
"light-volvo-740-wagon-1988","سبک ولوو 740 واگن 1988"
"light-pontiac-bonneville-1995","سبک پونتیاک بانوویل 1995"
"light-ford-f250-1974","سبک فورد اف 250 1974"
"light-toyota-corolla-2006","سبک تویوتا کرولا 2006"
"light-isuzu-hombre-1996","سبک ایسوزو آمبری 1996"
"light-lincoln-towncar-2007","سبک لینکلن تاون‌کار 2007"
"light-chevrolet-pickup-1990","سبک شورلت پیکاپ 1990"
"light-volvo-c70-convertible-2009","سبک ولوو سی 70 کروک 2009"
"light-ford-ranger-1972","سبک فورد رینجر 1972"
"light-jeep-grand-cherokee-2013","سبک جیپ گرند چروکی 2013"
"light-toyota-yaris-hatchback","سبک تویوتا یاریس هاتچ‌بک"
"light-mazda-mx3-2009","سبک مزدا ام ایکس 3 2009"
"light-volvo-v50-2010","سبک ولوو وی 50 2010"
"light-toyota-tercel-1995","سبک تویوتا ترسل 1995"
"light-oldsmobile-cutlass-1992","سبک اولدزموبیل کاتلاس 1992"
"light-mitsubishi-eclipse-1997","سبک میتسوبیشی اکلیپس 1997"
"light-bmw-535xi-2009","سبک بی‌ام‌دبلیو 535 ایکس‌آی 2009"
"light-chevrolet-s10-1993","سبک شورلت اس 10 1993"
"light-chevrolet-caprice-1976","سبک شورلت کاپریس 1976"
"light-volkswagen-bug-2000","سبک فولکس واگن بگ 2000"
"light-ford-galaxie-1962","سبک فورد گالکسی 1962"
"light-ford-crown victoria-1987","سبک فورد کراون victoria 1987"
"light-toyota-fjcruiser-2012","سبک تویوتا اف‌جی کروزر 2012"
"light-honda-cr-v","سبک هوندا سی ار وی"
"light-hyundai-azera-2006","سبک هیوندای آزرا 2006"
"light-chrysler-voyager-2002","سبک کرایسلر وویجر 2002"
"light-mercedes benz-e320-wagon-2001","سبک مرسدس بنز ای 320 واگن 2001"
"light-honda-accord-2 door-2007","سبک هوندا آکورد 2 درب 2007"
"light-toyota-corolla-1974","سبک تویوتا کرولا 1974"
"light-dodge-d250-1985","سبک دوج دی 250 1985"
"light-acura-rdx-2013","سبک آکورا آر‌دی‌ایکس 2013"
"light-jeep-cj7-1978","سبک جیپ سی‌جی 7 1978"
"light-dodge-grand caravan-1990","سبک دوج گرند caravan 1990"
"light-toyota-camry-2009","سبک تویوتا کمری 2009"
"light-hyundai-tucson-2007","سبک هیوندای توکسون 2007"
"light-fidelity-xb1","سبک فیدیلیتی ایکس‌بی 1"
"light-bmw-750i-2005","سبک بی‌ام‌دبلیو 750 ای 2005"
"light-toyota-yaris-hatchback-hybrid","سبک تویوتا یاریس هاتچ‌بک هیبرید"
"light-pontiac-solstice-2007","سبک پونتیاک سولستیس 2007"
"light-pontiac-lemans-1964","سبک پونتیاک لومانس 1964"
"light-buick-regal-1991","سبک بیوک ریگال 1991"
"heavy-scania","سنگین اسکانیا"
"light-renault-megan","سبک رنو مگان"
"light-buick-lacrosse-2014","سبک بیوک لاکراس 2014"
"light-plymouth-valiant-1964","سبک پلیموت ولیانت 1964"
"light-nissan-armada-2004","سبک نیسان آرمادا 2004"
"light-fiat-x19-1980","سبک فیات ایکس 19 1980"
"light-lexus-lx450-1997","سبک لکسوس ال‌ایکس 450 1997"
"light-bmw-525i-2005","سبک بی‌ام‌دبلیو 525 ای 2005"
"light-suzuki-reno-2007","سبک سوزوکی رنو 2007"
"light-audi-a6-2013","سبک آئودی ای 6 2013"
"light-mitsubishi-montero-1999","سبک میتسوبیشی مونترو 1999"
"light-jeep-wrangler-unlimited-2007","سبک جیپ رنگلر آنلیمیتد 2007"
"light-audi-a4-2007","سبک آئودی ای 4 2007"
"light-mercedes benz-ml500-2000","سبک مرسدس بنز ام‌ال 500 2000"
"light-nissan-sentra-1996","سبک نیسان سنترا 1996"
"light-chevrolet-corvette-1982","سبک شورلت کوروت 1982"
"light-buick-wildcat-1966","سبک بیوک وایلدکت 1966"
"light-honda-civic-2006","سبک هوندا سیویک 2006"
"light-chrysler-concorde-2007","سبک کرایسلر کانکورد 2007"
"light-cadillac-seville-2000","سبک کادیلاک سویل 2000"
"light-chrysler-300-2005","سبک کرایسلر 300 2005"
"light-audi-a3-2011","سبک آئودی ای 3 2011"
"light-audi-a6-1997","سبک آئودی ای 6 1997"
"light-scion-tc-2014","سبک سایون تی‌سی 2014"
"light-mvm-x22","سبک ام‌وی‌ام ایکس 22"
"light-subaru-brz-2013","سبک سوبارو بی‌آر‌زد 2013"
"light-mazda-mx3-1994","سبک مزدا ام ایکس 3 1994"
"light-toyota-solara-2000","سبک تویوتا سولارا 2000"
"light-volvo-740-1991","سبک ولوو 740 1991"
"light-toyota-solara-1999","سبک تویوتا سولارا 1999"
"light-ford-escort-1995","سبک فورد اسکورت 1995"
"light-ford-f350-1987","سبک فورد اف 350 1987"
"light-volkswagen-tiguan-2011","سبک فولکس واگن تیگوان 2011"
"light-toyota-4runner-1999","سبک تویوتا 4 رانر 1999"
"light-landrover-rangerover-2008","سبک لندروور رِنج روور 2008"
"light-cadillac-escalade-2002","سبک کادیلاک اسکالید 2002"
"light-isuzu-trooper-1994","سبک ایسوزو تروپر 1994"
"light-bmw-525i-2003","سبک بی‌ام‌دبلیو 525 ای 2003"
"light-bmw-z4-2010","سبک بی‌ام‌دبلیو زد 4 2010"
"light-amc-amx-1968","سبک ای‌ام‌سی ای‌ام‌ایکس 1968"
"light-gmc-sonoma-2003","سبک جی‌ام‌سی سوناما 2003"
"light-chrysler-voyager-2008","سبک کرایسلر وویجر 2008"
"light-suzuki-xl7-2002","سبک سوزوکی ایکس‌ال 7 2002"
"light-infiniti-g37-2008","سبک اینفینیتی جی 37 2008"
"light-hyundai-sonata-1998","سبک هیوندای سوناتا 1998"
"light-volkswagen-beetle-1975","سبک فولکس واگن بیتل 1975"
"light-chevrolet-silverado-1995","سبک شورلت سیلورادو 1995"
"light-nissan-terra","سبک نیسان ترا"
"light-peugeot-206","سبک پژو 206"
"light-ford-mustang-convertible-1965","سبک فورد ماستانگ کروک 1965"
"light-ford-thunderbird-1979","سبک فورد تاندر‌برد 1979"
"light-ford-e350-2000","سبک فورد ای 350 2000"
"light-infiniti-fx35-2012","سبک اینفینیتی اف‌ایکس 35 2012"
"light-ford-thunderbird-1969","سبک فورد تاندر‌برد 1969"
"light-mercedes benz-c350-2007","سبک مرسدس بنز سی 350 2007"
"light-chevrolet-corsica-1992","سبک شورلت کورسیکا 1992"
"light-plymouth-horizon-1984","سبک پلیموت هورایزن 1984"
"light-jeep-wrangler-sahara-2003","سبک جیپ رنگلر صحرا 2003"
"light-pontiac-tempest-1965","سبک پونتیاک تمپست 1965"
"light-chevrolet-impala-2000","سبک شورلت ایمپالا 2000"
"light-plymouth-laser-1992","سبک پلیموت لیزر 1992"
"light-lexus-ls400-2002","سبک لکسوس ال‌اس 400 2002"
"light-baic-senova","سبک بایک سنووا"
"light-chevrolet-silverado-1991","سبک شورلت سیلورادو 1991"
"light-mercury-capri-1994","سبک مرکوری کاپری 1994"
"light-dodge-charger-2005","سبک دوج شارجر 2005"
"light-cadillac-eldorado-1988","سبک کادیلاک الدورادو 1988"
"light-chevrolet-c10-1984","سبک شورلت سی 10 1984"
"light-honda-civic-coupe-1998","سبک هوندا سیویک کوپه 1998"
"light-pontiac-bonneville-1988","سبک پونتیاک بانوویل 1988"
"light-mazda-3-hatchback-2006","سبک مزدا 3 هاتچ‌بک 2006"
"light-toyota-celica-convertible-1995","سبک تویوتا سلیکا کروک 1995"
"light-ford-mustang-2005","سبک فورد ماستانگ 2005"
"light-ford-expedition-2012","سبک فورد اکسپدیشن 2012"
"light-plymouth-cranbrook-1951","سبک پلیموت کرانبروک 1951"
"light-renault-5-ir","سبک رنو 5 ای ار"
"light-mazda-rx8-2010","سبک مزدا آرایکس 8 2010"
"light-landrover-lr3-2008","سبک لندروور ال‌آر 3 2008"
"light-chevrolet-kodiak-2007","سبک شورلت کودیاک 2007"
"light-plymouth-trailduster-1979","سبک پلیموت تریلدراستر 1979"
"light-honda-civic-1983","سبک هوندا سیویک 1983"
"light-jeep-wrangler-2006","سبک جیپ رنگلر 2006"
"light-ford-e150-2003","سبک فورد ای 150 2003"
"light-gac-empow","سبک گاک ام‌پاو"
"light-pontiac-aztek-2005","سبک پونتیاک آزتک 2005"
"light-mercedes benz-slk350-2006","سبک مرسدس بنز اس‌ال‌کی 350 2006"
"light-mercedes benz-c220-1995","سبک مرسدس بنز سی 220 1995"
"light-bmw-525i-2007","سبک بی‌ام‌دبلیو 525 ای 2007"
"light-bmw-530i-2002","سبک بی‌ام‌دبلیو 530 ای 2002"
"light-chevrolet-chevelle-1964","سبک شورلت چول 1964"
"light-ford-thunderbird-1988","سبک فورد تاندر‌برد 1988"
"light-ford-mustang-gt-1999","سبک فورد ماستانگ جی‌تی 1999"
"light-ford-thunderbird-1974","سبک فورد تاندر‌برد 1974"
"light-honda-cr-v-2002","سبک هوندا سی ار وی 2002"
"light-mercedes benz-e300-1988","سبک مرسدس بنز ای 300 1988"
"light-subaru-outback-2001","سبک سوبارو آوت‌بک 2001"
"light-dodge-ram-5500-2011","سبک دوج رم 5500 2011"
"light-am general-hmmvw-1994","سبک am general اچ‌ام‌ام‌وی‌دبلیو (هاموی نظامی) 1994"
"light-nissan-truck-1994","سبک نیسان کامیون 1994"
"light-dongfeng-h30","سبک دونگ‌فنگ اچ 30"
"light-mercedes benz-clk430-2001","سبک مرسدس بنز سی‌ال‌کا 430 2001"
"light-jeep-wrangler-2007","سبک جیپ رنگلر 2007"
"light-ford-aerostar-1990","سبک فورد ایرواستار 1990"
"light-cadillac-eldorado-1975","سبک کادیلاک الدورادو 1975"
"light-volvo-v70-2000","سبک ولوو وی 70 2000"
"light-chevrolet-corvette-2003","سبک شورلت کوروت 2003"
"light-mitsubishi-diamante-2002","سبک میتسوبیشی دیامانته 2002"
"light-ford-f150-2009","سبک فورد اف 150 2009"
"light-pontiac-vibe-2009","سبک پونتیاک وایب 2009"
"light-mazda-b2300-2008","سبک مزدا بی 2300 2008"
"light-chevrolet-blazer-1979","سبک شورلت بلیزر 1979"
"light-gmc-sierra-1500-1983","سبک جی‌ام‌سی سیرا 1500 1983"
"light-volkswagen-touareg-2006","سبک فولکس واگن توارگ 2006"
"light-chevrolet-silverado-3500-2003","سبک شورلت سیلورادو 3500 2003"
"light-chevrolet-k20-1965","سبک شورلت کی 20 1965"
"light-saturn-sc1-2000","سبک ساترن اس‌سی 1 2000"
"light-chevrolet-1 ton-1979","سبک شورلت 1 تن 1979"
"light-dodge-charger-2014","سبک دوج شارجر 2014"
"light-bmw-3series-2010","سبک بی‌ام‌دبلیو 3 سری 2010"
"light-ram-1500-2015","سبک رم 1500 2015"
"light-plymouth-voyager-2002","سبک پلیموت وویجر 2002"
"light-lexus-gs300-1998","سبک لکسوس جی‌اس 300 1998"
"light-jaguar-xj-1989","سبک جگوار ایکس‌جی 1989"
"light-gmc-sierra-1500-1986","سبک جی‌ام‌سی سیرا 1500 1986"
"light-dodge-intrepid-2002","سبک دوج اینترپید 2002"
"light-mazda-mx6-2005","سبک مزدا ام ایکس 6 2005"
"light-mazda-6-2013","سبک مزدا 6 2013"
"light-jaguar-xj-convertible-1993","سبک جگوار ایکس‌جی کروک 1993"
"light-ford-windstar-1995","سبک فورد وینداستار 1995"
"light-mercedes benz-s550-2008","سبک مرسدس بنز اس 550 2008"
"light-audi-a8-2011","سبک آئودی ای 8 2011"
"light-hyundai-trajet","سبک هیوندای تراجت"
"light-dongfeng-shine-max","سبک دونگ‌فنگ شاین ماکس"
"light-nissan-sentra-2001","سبک نیسان سنترا 2001"
"light-toyota-tundra-2012","سبک تویوتا تاندرا 2012"
"light-zamyad-z28","سبک زامیاد زد 28"
"light-gmc-savana-3500-2006","سبک جی‌ام‌سی ساوانا 3500 2006"
"light-toyota-rav4-2013","سبک تویوتا راو 4 2013"
"light-nissan-rogue-2011","سبک نیسان روگ 2011"
"light-mazda-3-hatchback-2012","سبک مزدا 3 هاتچ‌بک 2012"
"light-dodge-charger-1972","سبک دوج شارجر 1972"
"light-oldsmobile-cutlass-1986","سبک اولدزموبیل کاتلاس 1986"
"light-honda-element-2009","سبک هوندا المنت 2009"
"light-quick-gxr","سبک کوئیک جی‌ایکس‌آر"
"light-mazda-cx9-2010","سبک مزدا سی‌ایکس 9 2010"
"light-toyota-matrix-2003","سبک تویوتا ماتریکس 2003"
"light-subaru-wrx-2009","سبک سوبارو دبلیو‌آر‌ایکس 2009"
"light-gmc-suburban-1500-1985","سبک جی‌ام‌سی سابربن 1500 1985"
"light-toyota-sienna-2010","سبک تویوتا سیِنا 2010"
"light-nissan-pathfinder-2009","سبک نیسان پث‌فایندر 2009"
"light-nissan-370z-2013","سبک نیسان 370 زد 2013"
"light-mercedes benz-e190-1991","سبک مرسدس بنز ای 190 1991"
"light-bmw-4-series-grancoupe","سبک بی‌ام‌دبلیو 4 سری گران‌کوپه"
"light-ford-maverick-1975","سبک فورد ماوریک 1975"
"light-volkswagen-squareback-1972","سبک فولکس واگن اسکوئر‌بک 1972"
"light-mitsubishi-eclipse-2001","سبک میتسوبیشی اکلیپس 2001"
"light-oldsmobile-silhouette-2000","سبک اولدزموبیل سیلوئت 2000"
"light-mitsubishi-diamante-1994","سبک میتسوبیشی دیامانته 1994"
"light-chevrolet-silverado-3500-1994","سبک شورلت سیلورادو 3500 1994"
"light-buick-regal-1996","سبک بیوک ریگال 1996"
"light-saab-9-3-convertible-2005","سبک ساب 9 3 کروک 2005"
"light-nissan-xterra-2008","سبک نیسان اکستررا 2008"
"light-toyota-corolla-1200","سبک تویوتا کرولا 1200"
"light-buick-t type-1984","سبک بیوک تی تایپ 1984"
"light-mercedes benz-ce300-1991","سبک مرسدس بنز سی‌ئی 300 1991"
"light-gmc-sierra-2500-1997","سبک جی‌ام‌سی سیرا 2500 1997"
"light-chevrolet-caprice-1996","سبک شورلت کاپریس 1996"
"light-saturn-ls-2002","سبک ساترن ال‌اس 2002"
"light-mercedes benz-c220-1994","سبک مرسدس بنز سی 220 1994"
"light-ford-festiva-1993","سبک فورد فستیوا 1993"
"light-gmc-acadia-2008","سبک جی‌ام‌سی آکادیا 2008"
"light-toyota-sienna-2014","سبک تویوتا سیِنا 2014"
"light-porsche-928-1981","سبک پورشه 928 1981"
"light-chevrolet-corvette-1966","سبک شورلت کوروت 1966"
"light-ford-mustang-convertible-1986","سبک فورد ماستانگ کروک 1986"
"light-chevrolet-silverado-3500-2006","سبک شورلت سیلورادو 3500 2006"
"light-chevrolet-c-k3500-1992","سبک شورلت سی کی 3500 1992"
"light-jeep-comanche-1989","سبک جیپ کُمانچی 1989"
"light-rollsroyce-silvershadow-1972","سبک رولزرویس سیلور شدو 1972"
"light-oldsmobile-eightyeight-1975","سبک اولدزموبیل ایتیتیایت 1975"
"light-toyota-paseo-1994","سبک تویوتا پاسئو 1994"
"light-mazda-millenia-2000","سبک مزدا میلینیا 2000"
"light-pontiac-solstice-2008","سبک پونتیاک سولستیس 2008"
"light-dodge-ram-3500-1996","سبک دوج رم 3500 1996"
"light-toyota-camry-le-2006","سبک تویوتا کمری ال‌ای 2006"
"light-cadillac-seville-1988","سبک کادیلاک سویل 1988"
"light-acura-rl-2008","سبک آکورا آر ال 2008"
"light-toyota-highlander-2012","سبک تویوتا های‌لندر 2012"
"light-mercedes benz-sl560-1986","سبک مرسدس بنز اس‌ال 560 1986"
"light-toyota-supra-2003","سبک تویوتا سوپرا 2003"
"light-fidelity-elite","سبک فیدیلیتی الیت"
"light-toyota-solara-2002","سبک تویوتا سولارا 2002"
"light-chevrolet-camaro-1988","سبک شورلت کامارو 1988"
"light-gmc-savana-2004","سبک جی‌ام‌سی ساوانا 2004"
"light-buick-riviera-1985","سبک بیوک ریویرا 1985"
"light-nissan-teana-im","سبک نیسان تیانا آی‌ام"
"light-toyota-sequoia-2004","سبک تویوتا سکویا 2004"
"light-gmc-sierra-1500-1994","سبک جی‌ام‌سی سیرا 1500 1994"
"light-ram-3500-2011","سبک رم 3500 2011"
"light-toyota-4runner-1989","سبک تویوتا 4 رانر 1989"
"light-cadillac-hearse-1988","سبک کادیلاک هیرس 1988"
"light-pontiac-catalina-1974","سبک پونتیاک کاتالینا 1974"
"light-kia-sportage-1999","سبک کیا اسپورتیج 1999"
"light-bmw-325i-2013","سبک بی‌ام‌دبلیو 325 ای 2013"
"light-mitsubishi-3000gt-1995","سبک میتسوبیشی 3000 جی‌تی 1995"
"light-landrover-freelander-2002","سبک لندروور فری‌لندر 2002"
"light-mercedes-benz-c-class","سبک مرسدس بنز سی کلاس"
"light-chevrolet-cavalier-2001","سبک شورلت کاوالیر 2001"
"light-mercedes benz-e320-2005","سبک مرسدس بنز ای 320 2005"
"light-hyundai-i20-ir","سبک هیوندای ای 20 ای ار"
"light-dodge-dynasty-1990","سبک دوج داینستی 1990"
"light-volkswagen-cabrio-1999","سبک فولکس واگن کابریو 1999"
"light-mercury-grandmarquis-2008","سبک مرکوری گرند مارکویس 2008"
"light-hyundai-sonata-2003","سبک هیوندای سوناتا 2003"
"light-lincoln-mark-vii-1994","سبک لینکلن مارک وی‌ای‌ای 1994"
"light-mercedes benz-e190-1992","سبک مرسدس بنز ای 190 1992"
"light-toyota-4runner-2002","سبک تویوتا 4 رانر 2002"
"light-mitsubishi-eclipse-convertible-2003","سبک میتسوبیشی اکلیپس کروک 2003"
"light-chevrolet-tahoe-2006","سبک شورلت تاهو 2006"
"light-bmw-750i-2004","سبک بی‌ام‌دبلیو 750 ای 2004"
"light-gmc-sierra-3500-1984","سبک جی‌ام‌سی سیرا 3500 1984"
"light-cadillac-cts-wagon-2011","سبک کادیلاک سی‌تی‌اس واگن 2011"
"light-hyundai-i20","سبک هیوندای ای 20"
"light-mazda-rx7-1988","سبک مزدا آرایکس 7 1988"
"light-ford-thunderbird-1966","سبک فورد تاندر‌برد 1966"
"light-ford-explorer-2000","سبک فورد اکسپلورر 2000"
"light-toyota-t100-1995","سبک تویوتا تی 100 1995"
"light-chevrolet-hhr-2006","سبک شورلت اچ‌اچ‌آر 2006"
"light-mitsubishi-3000gt-1993","سبک میتسوبیشی 3000 جی‌تی 1993"
"light-brilliance-h330","سبک برلیانس اچ 330"
"light-lexus-rx400h-2006","سبک لکسوس آرایکس 400 اچ 2006"
"light-besturn-b50","سبک بسترن بی 50"
"light-mazda-626-2003","سبک مزدا 626 2003"
"light-chevrolet-c20-1986","سبک شورلت سی 20 1986"
"light-toyota-camry-solara-2008","سبک تویوتا کمری سولارا 2008"
"light-saab-900-1991","سبک ساب 900 1991"
"light-oldsmobile-alero-2001","سبک اولدزموبیل الرو 2001"
"light-dodge-charger-1973","سبک دوج شارجر 1973"
"light-honda-accord-2 door-2011","سبک هوندا آکورد 2 درب 2011"
"light-mazda-5-2010","سبک مزدا 5 2010"
"light-mercedes benz-sl500-1993","سبک مرسدس بنز اس‌ال 500 1993"
"light-bmw-530i-1995","سبک بی‌ام‌دبلیو 530 ای 1995"
"light-honda-prelude-1989","سبک هوندا پرلود 1989"
"light-cadillac-eldorado-1985","سبک کادیلاک الدورادو 1985"
"light-lincoln-mark-vi-1982","سبک لینکلن مارک وی‌آی 1982"
"light-land-rover-discovery","سبک لند روور دیسکاوری"
"light-volkswagen-scirocco-1988","سبک فولکس واگن شیرُکو 1988"
"light-mercedes benz-s500-2001","سبک مرسدس بنز اس 500 2001"
"light-toyota-camry-le-2014","سبک تویوتا کمری ال‌ای 2014"
"light-audi-a4-1999","سبک آئودی ای 4 1999"
"light-buick-rainier-2006","سبک بیوک رِینیِر 2006"
"light-ford-e350-2004","سبک فورد ای 350 2004"
"light-chevrolet-c20-1964","سبک شورلت سی 20 1964"
"light-hyundai-elantra-2000","سبک هیوندای الانترا 2000"
"light-kia-k3-gt-line","سبک کیا کی 3 جی‌تی خط"
"light-kia-rio-2001","سبک کیا ریو 2001"
"light-volkswagen-eurovan-2003","سبک فولکس واگن یورووان 2003"
"light-gmc-suburban-1500-1992","سبک جی‌ام‌سی سابربن 1500 1992"
"light-mercedes benz-e55-2002","سبک مرسدس بنز ای 55 2002"
"light-chevrolet-avalanche-2008","سبک شورلت آوالانچ 2008"
"light-lifan-520","سبک لیفان 520"
"light-toyota-rav4-2015","سبک تویوتا راو 4 2015"
"light-chrysler-cirrus-1999","سبک کرایسلر سیرَس 1999"
"light-dodge-challenger-2009","سبک دوج چلنجر 2009"
"light-plymouth-voyager-1997","سبک پلیموت وویجر 1997"
"light-infiniti-qx30-2001","سبک اینفینیتی کیو ایکس 30 2001"
"light-audi-allroad-2014","سبک آئودی آل‌رود 2014"
"light-buick-enclave-2008","سبک بیوک انکلیو 2008"
"light-chevrolet-trailblazer-1999","سبک شورلت تریل‌بلیزر 1999"
"light-chevrolet-cavalier-2000","سبک شورلت کاوالیر 2000"
"light-bmw-x3-2005","سبک بی‌ام‌دبلیو ایکس 3 2005"
"light-chevrolet-impala-1976","سبک شورلت ایمپالا 1976"
"light-mercedes benz-slk300-1984","سبک مرسدس بنز اس‌ال‌کی 300 1984"
"light-cadillac-seville-1997","سبک کادیلاک سویل 1997"
"light-ford-f250-1982","سبک فورد اف 250 1982"
"light-mercedes benz-s500-2006","سبک مرسدس بنز اس 500 2006"
"light-bmw-z3-2002","سبک بی‌ام‌دبلیو زد 3 2002"
"light-chevrolet-express-2016","سبک شورلت اکسپرس 2016"
"light-subaru-outback-1990","سبک سوبارو آوت‌بک 1990"
"light-nissan-pathfinder-2012","سبک نیسان پث‌فایندر 2012"
"light-toyota-camry-1996","سبک تویوتا کمری 1996"
"light-bmw-325ci-2004","سبک بی‌ام‌دبلیو 325 سی‌آی 2004"
"light-dodge-dart-1974","سبک دوج دارت 1974"
"light-honda-accord-2 door-2016","سبک هوندا آکورد 2 درب 2016"
"light-audi-a4-cabriolet-2007","سبک آئودی ای 4 کابریولت 2007"
"light-bmw-328i-1998","سبک بی‌ام‌دبلیو 328 ای 1998"
"light-mitsubishi-mirage-1999","سبک میتسوبیشی میرَج 1999"
"light-fownix-tiggo-8-pro-max-ie","سبک فونییکس تیگو 8 پرو ماکس آی‌ای"
"light-toyota-yaris-2014","سبک تویوتا یاریس 2014"
"light-toyota-camry-xle-1992","سبک تویوتا کمری ایکس ال ای 1992"
"light-jeep-cherokee-1996","سبک جیپ چروکی 1996"
"light-mercury-mountaineer-2006","سبک مرکوری مونتینیر 2006"
"light-chevrolet-aveo-2002","سبک شورلت آویو 2002"
"light-mg-mgb-1972","سبک ام‌جی ام‌جی‌بی 1972"
"light-honda-accord-1993","سبک هوندا آکورد 1993"
"light-subaru-outback-2004","سبک سوبارو آوت‌بک 2004"
"light-chevrolet-blazer-1976","سبک شورلت بلیزر 1976"
"light-pontiac-gto-1965","سبک پونتیاک جی‌تی‌او 1965"
"light-pontiac-montana-2002","سبک پونتیاک مونتانا 2002"
"light-chevrolet-prizm-2002","سبک شورلت پریزم 2002"
"light-audi-a4-2000","سبک آئودی ای 4 2000"
"light-mercedes benz-cl550-2009","سبک مرسدس بنز سی‌ال 550 2009"
"light-volkswagen-golf-2003","سبک فولکس واگن گلف 2003"
"light-bmw-635csi-1984","سبک بی‌ام‌دبلیو 635 سی‌اس‌آی 1984"
"light-porsche-911-1997","سبک پورشه 911 1997"
"light-amc-javelin-1972","سبک ای‌ام‌سی جاولین 1972"
"light-toyota-tacoma-2012","سبک تویوتا تاکوما 2012"
"light-saab-9-5-2011","سبک ساب 9 5 2011"
"light-mazda-626-1997","سبک مزدا 626 1997"
"light-toyota-camry-le-2008","سبک تویوتا کمری ال‌ای 2008"
"light-honda-prelude-1994","سبک هوندا پرلود 1994"
"light-toyota-corolla-2014","سبک تویوتا کرولا 2014"
"light-ford-f250-1995","سبک فورد اف 250 1995"
"light-buick-regal-1993","سبک بیوک ریگال 1993"
"light-hyundai-elantra-2005","سبک هیوندای الانترا 2005"
"light-honda-odyssey-1999","سبک هوندا ادسی 1999"
"light-porsche-boxster-2005","سبک پورشه باکستر 2005"
"light-ford-coupe-1941","سبک فورد کوپه 1941"
"light-oldsmobile-cutlass-1994","سبک اولدزموبیل کاتلاس 1994"
"light-chevrolet-venture-2000","سبک شورلت ونچر 2000"
"light-volkswagen-golf-2000","سبک فولکس واگن گلف 2000"
"light-chery-arrizo-5te","سبک چری آریزو 5 تی‌ای"
"light-mitsubishi-galant-2011","سبک میتسوبیشی گالانت 2011"
"light-mercury-cougar-1991","سبک مرکوری کوگار 1991"
"light-chevrolet-v10-2004","سبک شورلت وی 10 2004"
"light-nissan-hardbody-1986","سبک نیسان هارد‌بادی 1986"
"light-dodge-ram-1500-2012","سبک دوج رم 1500 2012"
"light-mvm-315-hatchback-plus","سبک ام‌وی‌ام 315 هاتچ‌بک پلاس"
"light-cadillac-seville-2003","سبک کادیلاک سویل 2003"
"light-honda-civic-2001","سبک هوندا سیویک 2001"
"light-chevrolet-tracker-1995","سبک شورلت تراکِر 1995"
"light-toyota-landcruiser-1993","سبک تویوتا لندکروز 1993"
"light-ford-fiesta-2013","سبک فورد فیستا 2013"
"light-subaru-pickup","سبک سوبارو پیکاپ"
"light-dodge-grand caravan-1999","سبک دوج گرند caravan 1999"
"light-hyundai-tucson-2011","سبک هیوندای توکسون 2011"
"light-ford-taurus-wagon-2008","سبک فورد تورس واگن 2008"
"light-ds-3","سبک دی‌اس 3"
"light-dodge-cummins-2007","سبک دوج کامینز 2007"
"light-saab-9-3-2007","سبک ساب 9 3 2007"
"light-subaru-legacy-2012","سبک سوبارو لگاسی 2012"
"light-isuzu-amigo-1998","سبک ایسوزو آمیگو 1998"
"light-daewoo-leganza-2000","سبک دوو لگانزا 2000"
"light-volkswagen-jetta-1990","سبک فولکس واگن جتا 1990"
"light-chevrolet-tahoe-2011","سبک شورلت تاهو 2011"
"light-dodge-intrepid-1994","سبک دوج اینترپید 1994"
"light-pontiac-gto-2006","سبک پونتیاک جی‌تی‌او 2006"
"light-lexus-gs400-1991","سبک لکسوس جی‌اس 400 1991"
"light-nissan-pulsar-1988","سبک نیسان پولسار 1988"
"light-landrover-rangerover-2004","سبک لندروور رِنج روور 2004"
"light-lincoln-zephyr-2006","سبک لینکلن زِفیِر 2006"
"light-jeep-wrangler-tj-2006","سبک جیپ رنگلر تی‌جی 2006"
"light-bmw-e46-2000","سبک بی‌ام‌دبلیو ای 46 2000"
"light-gmc-sierra-2500-2005","سبک جی‌ام‌سی سیرا 2500 2005"
"light-subaru-baja-2004","سبک سوبارو باها 2004"
"light-pontiac-transam-1980","سبک پونتیاک ترانس‌ام 1980"
"light-ford-f350-2007","سبک فورد اف 350 2007"
"light-opel-omega","سبک اوپل اُمگا"
"light-mercury-sable-2008","سبک مرکوری سیبل 2008"
"light-bmw-540i-1999","سبک بی‌ام‌دبلیو 540 ای 1999"
"light-honda-odyssey-2003","سبک هوندا ادسی 2003"
"light-chevrolet-kodiak-1988","سبک شورلت کودیاک 1988"
"light-cadillac-sts-1993","سبک کادیلاک اس‌تی‌اس 1993"
"light-bmw-6-series-convertible","سبک بی‌ام‌دبلیو 6 سری کروک"
"light-mercedes benz-c300-2010","سبک مرسدس بنز سی 300 2010"
"light-ford-focus-2014","سبک فورد فوکوس 2014"
"light-subaru-impreza-wagon-2000","سبک سوبارو ایمپرزا واگن 2000"
"light-mercedes benz-cl600-2001","سبک مرسدس بنز سی‌ال 600 2001"
"light-audi-s6-2006","سبک آئودی اس 6 2006"
"light-honda-accord-2 door-1995","سبک هوندا آکورد 2 درب 1995"
"light-rollsroyce-silverspur-1989","سبک رولزرویس سیلوراسپور 1989"
"light-infiniti-j30-2000","سبک اینفینیتی جی 30 2000"
"light-dodge-stratus-2005","سبک دوج استراتوس 2005"
"light-lexus-is250-2014","سبک لکسوس ای اس 250 2014"
"light-mercury-monterey-2005","سبک مرکوری مانتری 2005"
"light-dodge-ram-2500-2005","سبک دوج رم 2500 2005"
"light-toyota-corolla-le-2015","سبک تویوتا کرولا ال‌ای 2015"
"light-kia-optima-2014","سبک کیا اپتیما 2014"
"light-audi-a3-2015","سبک آئودی ای 3 2015"
"light-gmc-terrain-2015","سبک جی‌ام‌سی ترِرِین 2015"
"light-toyota-4runner-1988","سبک تویوتا 4 رانر 1988"
"light-ford-thunderbird-1992","سبک فورد تاندر‌برد 1992"
"light-ford-bronco-1968","سبک فورد برانکو 1968"
"light-mazda-b2600-1990","سبک مزدا بی 2600 1990"
"light-chevrolet-corvette-2013","سبک شورلت کوروت 2013"
"light-volkswagen-passat-wagon-2004","سبک فولکس واگن پاسات واگن 2004"
"light-mazda-protege-2001","سبک مزدا پروتژه 2001"
"light-isuzu-rodeo-1996","سبک ایسوزو رودئو 1996"
"light-nissan-sylphy-e-power","سبک نیسان سیلفی ای قدرت"
"light-lexus-gs400-1999","سبک لکسوس جی‌اس 400 1999"
"light-mercedes benz-ml430-1999","سبک مرسدس بنز ام‌ال 430 1999"
"light-mercedes benz-240d-1975","سبک مرسدس بنز 240 دی 1975"
"light-volkswagen-bug-2003","سبک فولکس واگن بگ 2003"
"light-chevrolet-chevette-1964","سبک شورلت شوت 1964"
"light-volkswagen-passat-wagon-1999","سبک فولکس واگن پاسات واگن 1999"
"light-ford-f100-1966","سبک فورد اف 100 1966"
"light-plymouth-fury-1964","سبک پلیموت فیوری 1964"
"light-lincoln-towncar-2006","سبک لینکلن تاون‌کار 2006"
"light-suzuki-sx4-2011","سبک سوزوکی اس‌ایکس 4 2011"
"light-chevrolet-c-k1500-1971","سبک شورلت سی کی 1500 1971"
"light-chevrolet-equinox-2009","سبک شورلت اکوینوکس 2009"
"light-mercedes benz-e320-1997","سبک مرسدس بنز ای 320 1997"
"light-chevrolet-ss-1971","سبک شورلت اس‌اس 1971"
"light-triumph-spitfire-1973","سبک تریومف اسپیت‌فایر 1973"
"light-scion-xa-2005","سبک سایون ایکس‌ای 2005"
"light-ford-falcon-1964","سبک فورد فالکون 1964"
"light-lexus-rx300-2001","سبک لکسوس آرایکس 300 2001"
"light-toyota-pickup-1987","سبک تویوتا پیکاپ 1987"
"light-pontiac-gto-1993","سبک پونتیاک جی‌تی‌او 1993"
"light-pontiac-ventura-1967","سبک پونتیاک ونچورا 1967"
"light-kia-sportage-2013","سبک کیا اسپورتیج 2013"
"light-chevrolet-lumina-1992","سبک شورلت لومینا 1992"
"light-chevrolet-silverado-1980","سبک شورلت سیلورادو 1980"
"light-dodge-ram-3500-1998","سبک دوج رم 3500 1998"
"light-lexus-gs430-2003","سبک لکسوس جی‌اس 430 2003"
"light-saturn-sl-2002","سبک ساترن اس‌ال 2002"
"light-mercedes benz-cls550-2009","سبک مرسدس بنز سی‌ال‌اس 550 2009"
"light-cadillac-seville-1978","سبک کادیلاک سویل 1978"
"light-volkswagen-newbeetle-2010","سبک فولکس واگن نیو بیتل 2010"
"light-mini-cooper-2007","سبک مینی کوپر 2007"
"light-honda-passport-2001","سبک هوندا پاسپورت 2001"
"light-chevrolet-suburban-2005","سبک شورلت سابربن 2005"
"light-nissan-quest-1993","سبک نیسان کوئست 1993"
"light-lincoln-navigator-2003","سبک لینکلن نویگیتور 2003"
"light-lexus-gs450-2011","سبک لکسوس جی‌اس 450 2011"
"light-chevrolet-cruze-2013","سبک شورلت کروز 2013"
"light-gmc-c5500-2005","سبک جی‌ام‌سی سی 5500 2005"
"light-jeep-cherokee-2007","سبک جیپ چروکی 2007"
"light-ford-grand torino-1975","سبک فورد گرند torino 1975"
"light-mg-midget-1976","سبک ام‌جی میدجت 1976"
"light-honda-pilot-2014","سبک هوندا پایلوت 2014"
"light-gmc-yukon-1500-1992","سبک جی‌ام‌سی یوکون 1500 1992"
"light-bmw-m3-2006","سبک بی‌ام‌دبلیو ام 3 2006"
"light-gmc-sierra-1500-1987","سبک جی‌ام‌سی سیرا 1500 1987"
"light-gmc-sierra-3500-2008","سبک جی‌ام‌سی سیرا 3500 2008"
"light-chevrolet-nova-1962","سبک شورلت نوا 1962"
"light-mercedes-benz-e-class-convertible","سبک مرسدس بنز ای کلاس کروک"
"light-chrysler-town&country-2000","سبک کرایسلر town country 2000"
"light-buick-regal-1992","سبک بیوک ریگال 1992"
"light-subaru-outback-2015","سبک سوبارو آوت‌بک 2015"
"light-cadillac-allante-1988","سبک کادیلاک الانته 1988"
"light-chevrolet-impala-2007","سبک شورلت ایمپالا 2007"
"light-ford-fairlane-1968","سبک فورد فیرلین 1968"
"light-jaguar-s-type-2005","سبک جگوار اس تایپ 2005"
"light-ford-falcon-1969","سبک فورد فالکون 1969"
"light-bmw-550i-2006","سبک بی‌ام‌دبلیو 550 ای 2006"
"light-honda-odyssey-2014","سبک هوندا ادسی 2014"
"light-dodge-coronet-1968","سبک دوج کورونت 1968"
"light-hyundai-tucson-2006","سبک هیوندای توکسون 2006"
"light-toyota-tundra-2015","سبک تویوتا تاندرا 2015"
"light-lexus-sc430-2008","سبک لکسوس اس‌سی 430 2008"
"light-lexus-gs300-2001","سبک لکسوس جی‌اس 300 2001"
"light-kia-rio-2000","سبک کیا ریو 2000"
"light-volkswagen-golf-1997","سبک فولکس واگن گلف 1997"
"light-maserati-ghibli","سبک مازراتی گیبلی"
"light-ford-taurus-2006","سبک فورد تورس 2006"
"light-ford-f350-2001","سبک فورد اف 350 2001"
"light-pontiac-sunfire-2002","سبک پونتیاک سان‌فایر 2002"
"light-acura-zdx-2010","سبک آکورا زد‌ایکس 2010"
"light-volvo-164-1969","سبک ولوو 164 1969"
"light-nissan-frontier-2000","سبک نیسان فرانتیر 2000"
"light-mazda-b4000-1998","سبک مزدا بی 4000 1998"
"light-bmw-760i-2006","سبک بی‌ام‌دبلیو 760 ای 2006"
"light-chevrolet-malibu-2011","سبک شورلت مالیبو 2011"
"light-buick-parkavenue-1989","سبک بیوک پارک اونیو 1989"
"light-hyundai-accent-2011","سبک هیوندای اکسنت 2011"
"heavy-benz","سنگین بنز"
"light-mercedes benz-e320-1994","سبک مرسدس بنز ای 320 1994"
"light-ford-mustang-1989","سبک فورد ماستانگ 1989"
"light-chevrolet-cavalier-1992","سبک شورلت کاوالیر 1992"
"light-jaguar-x-type-2005","سبک جگوار ایکس تایپ 2005"
"light-saina-gx","سبک ساینا جی‌ایکس"
"light-kia-magentis-2001","سبک کیا ماجنتیس 2001"
"light-chevrolet-corvette-1971","سبک شورلت کوروت 1971"
"light-suzuki-x90-1996","سبک سوزوکی ایکس 90 1996"
"light-audi-a6-2006","سبک آئودی ای 6 2006"
"light-chevrolet-s10-2001","سبک شورلت اس 10 2001"
"light-gmc-c1500-1993","سبک جی‌ام‌سی سی 1500 1993"
"light-cadillac-fleetwood-1990","سبک کادیلاک فلیت‌وود 1990"
"light-nissan-quest-2012","سبک نیسان کوئست 2012"
"light-toyota-4runner-2007","سبک تویوتا 4 رانر 2007"
"light-audi-q7-2007","سبک آئودی کیو 7 2007"
"light-volkswagen-beetle-1964","سبک فولکس واگن بیتل 1964"
"light-dodge-grand caravan-1993","سبک دوج گرند caravan 1993"
"heavy-iveco","سنگین ایویکو"
"light-mercury-villager-2000","سبک مرکوری ویلیجر 2000"
"light-ford-f150-1980","سبک فورد اف 150 1980"
"light-mitsubishi-galant-2002","سبک میتسوبیشی گالانت 2002"
"light-chevrolet-silverado-1985","سبک شورلت سیلورادو 1985"
"light-mitsubishi-lancer-2004","سبک میتسوبیشی لنسر 2004"
"light-audi-s4-2012","سبک آئودی اس 4 2012"
"light-acura-integra-1994","سبک آکورا اینتگرا 1994"
"light-dodge-w250-1987","سبک دوج دبلیو 250 1987"
"light-buick-skylark-1994","سبک بیوک اسکایلارک 1994"
"light-chevrolet-el camino-1968","سبک شورلت ال camino 1968"
"light-volkswagen-karmannghia-1972","سبک فولکس واگن کارمن‌گیا 1972"
"light-kia-k5","سبک کیا کی 5"
"light-chevrolet-impala-1979","سبک شورلت ایمپالا 1979"
"light-lexus-es300-2003","سبک لکسوس ای اس 300 2003"
"light-toyota-gt86","سبک تویوتا جی‌تی 86"
"light-mitsubishi-galant-2004","سبک میتسوبیشی گالانت 2004"
"light-buick-rendezvous-2006","سبک بیوک رندزو 2006"
"light-acura-integra-1996","سبک آکورا اینتگرا 1996"
"light-mercury-capri-1983","سبک مرکوری کاپری 1983"
"light-acura-legend-1988","سبک آکورا افسانه 1988"
"light-mazda-b4000-1995","سبک مزدا بی 4000 1995"
"light-toyota-hilux-double-cabin-high","سبک تویوتا هیلوکس دوگانه کابین های"
"light-toyota-matrix-2011","سبک تویوتا ماتریکس 2011"
"light-ford-edge-2010","سبک فورد ادج 2010"
"light-lincoln-mkx-1997","سبک لینکلن ام‌کی‌ایکس 1997"
"light-dodge-charger-1979","سبک دوج شارجر 1979"
"light-ford-mustang-1981","سبک فورد ماستانگ 1981"
"light-toyota-sienna-2006","سبک تویوتا سیِنا 2006"
"light-mercedes benz-300d-1993","سبک مرسدس بنز 300 دی 1993"
"light-bmw-850ci-1995","سبک بی‌ام‌دبلیو 850 سی‌آی 1995"
"light-volvo-s70-2004","سبک ولوو اس 70 2004"
"light-volkswagen-jetta-2005","سبک فولکس واگن جتا 2005"
"light-deer-deer","سبک دیر دیر"
"light-dodge-stealth-1995","سبک دوج استیلث 1995"
"light-chrysler-200-2013","سبک کرایسلر 200 2013"
"light-acura-integra-2001","سبک آکورا اینتگرا 2001"
"light-nissan-maxima-1998","سبک نیسان ماکسیما 1998"
"light-nissan-titan-2014","سبک نیسان تایتان 2014"
"light-cadillac-cts-2003","سبک کادیلاک سی‌تی‌اس 2003"
"light-chevrolet-suburban-2015","سبک شورلت سابربن 2015"
"light-kia-sportage-2001","سبک کیا اسپورتیج 2001"
"light-bmw-3series-2000","سبک بی‌ام‌دبلیو 3 سری 2000"
"light-mazda-rx8-2006","سبک مزدا آرایکس 8 2006"
"light-fownix-tiggo-8-promax","سبک فونییکس تیگو 8 پرومکس"
"light-chevrolet-nova-1978","سبک شورلت نوا 1978"
"light-toyota-tacoma-1989","سبک تویوتا تاکوما 1989"
"light-hyundai-accent-1994","سبک هیوندای اکسنت 1994"
"light-bmw-545i-2004","سبک بی‌ام‌دبلیو 545 ای 2004"
"light-acura-mdx-2007","سبک آکورا ام‌دی‌ایکس 2007"
"light-jaguar-xj-1988","سبک جگوار ایکس‌جی 1988"
"light-bmw-3series-1991","سبک بی‌ام‌دبلیو 3 سری 1991"
"light-pontiac-wave-2009","سبک پونتیاک ویو 2009"
"light-mazda-2-2012","سبک مزدا 2 2012"
"light-gmc-canyon-2004","سبک جی‌ام‌سی کنیون 2004"
"light-toyota-camry-le-2000","سبک تویوتا کمری ال‌ای 2000"
"light-volvo-c70-convertible-2000","سبک ولوو سی 70 کروک 2000"
"light-pontiac-transam-1985","سبک پونتیاک ترانس‌ام 1985"
"light-pontiac-firebird-2002","سبک پونتیاک فایربرد 2002"
"light-mercury-grandmarquis-1989","سبک مرکوری گرند مارکویس 1989"
"light-toyota-corolla-dx-1989","سبک تویوتا کرولا دی‌ایکس 1989"
"light-saturn-sl1-1999","سبک ساترن اس‌ال 1 1999"
"light-audi-a4-2006","سبک آئودی ای 4 2006"
"light-chevrolet-blazer","سبک شورلت بلیزر"
"light-ford-f350-1979","سبک فورد اف 350 1979"
"light-toyota-bz3","سبک تویوتا بی زد 3"
"light-pontiac-bonneville-2002","سبک پونتیاک بانوویل 2002"
"light-chevrolet-silverado-2004","سبک شورلت سیلورادو 2004"
"light-mercury-capri-1992","سبک مرکوری کاپری 1992"
"light-mercedes benz-220d-1972","سبک مرسدس بنز 220 دی 1972"
"light-chevrolet-el camino-1972","سبک شورلت ال camino 1972"
"light-volvo-780-2007","سبک ولوو 780 2007"
"light-subaru-wrx-2012","سبک سوبارو دبلیو‌آر‌ایکس 2012"
"light-mercedes benz-s430-2000","سبک مرسدس بنز اس 430 2000"
"light-volkswagen-newbeetle-2009","سبک فولکس واگن نیو بیتل 2009"
"light-audi-a6-2003","سبک آئودی ای 6 2003"
"light-kia-sorento-2004","سبک کیا سورنتو 2004"
"light-am general-hummer-1992","سبک am general هامر 1992"
"light-toyota-tercel-1989","سبک تویوتا ترسل 1989"
"light-chevrolet-s10-2000","سبک شورلت اس 10 2000"
"light-oldsmobile-toronado-1987","سبک اولدزموبیل تورونادو 1987"
"light-fiat-five hundred-2016","سبک فیات five hundred 2016"
"light-buick-roadmaster-1994","سبک بیوک رودمستر 1994"
"light-dodge-durango-2000","سبک دوج دورانگو 2000"
"light-ford-mustang-convertible-2001","سبک فورد ماستانگ کروک 2001"
"light-lexus-es300-1995","سبک لکسوس ای اس 300 1995"
"light-ram-2500-2011","سبک رم 2500 2011"
"light-mercury-cougar-1992","سبک مرکوری کوگار 1992"
"light-volkswagen-karmannghia-1973","سبک فولکس واگن کارمن‌گیا 1973"
"light-toyota-camry-xle-2015","سبک تویوتا کمری ایکس ال ای 2015"
"light-mercedes benz-c300-2002","سبک مرسدس بنز سی 300 2002"
"light-volkswagen-cabrio-2001","سبک فولکس واگن کابریو 2001"
"light-gmc-envoy-2003","سبک جی‌ام‌سی انوی 2003"
"light-toyota-scion-2006","سبک تویوتا سایون 2006"
"light-honda-odyssey-2001","سبک هوندا ادسی 2001"
"light-chevrolet-corvette-2000","سبک شورلت کوروت 2000"
"light-mazda-b2000-1979","سبک مزدا بی 2000 1979"
"light-lexus-rx330-2005","سبک لکسوس آرایکس 330 2005"
"light-ford-ranger-1991","سبک فورد رینجر 1991"
"light-pontiac-catalina-1963","سبک پونتیاک کاتالینا 1963"
"light-ford-explorer-1999","سبک فورد اکسپلورر 1999"
"light-honda-pilot-2008","سبک هوندا پایلوت 2008"
"light-lifan-x60","سبک لیفان ایکس 60"
"light-dodge-grand caravan-2013","سبک دوج گرند caravan 2013"
"light-ford-mustang-convertible-2002","سبک فورد ماستانگ کروک 2002"
"light-volkswagen-bus-1973","سبک فولکس واگن اتوبوس 1973"
"light-mercedes benz-sl380-1983","سبک مرسدس بنز اس‌ال 380 1983"
"light-toyota-landcruiser-1978","سبک تویوتا لندکروز 1978"
"light-mazda-rx7-1990","سبک مزدا آرایکس 7 1990"
"light-mercedes-benz-b-class","سبک مرسدس بنز بی کلاس"
"light-mazda-mx5-miata-2005","سبک مزدا ام ایکس 5 میاتا 2005"
"light-mitsubishi-outlander","سبک میتسوبیشی آوتلندر"
"light-nissan-teana-ir","سبک نیسان تیانا ای ار"
"light-scion-xd-2014","سبک سایون ایکس‌دی 2014"
"light-mazda-cx7-2010","سبک مزدا سی‌ایکس 7 2010"
"light-lexus-ls400-1994","سبک لکسوس ال‌اس 400 1994"
"light-audi-s4-2004","سبک آئودی اس 4 2004"
"light-volvo-850-1997","سبک ولوو 850 1997"
"light-dodge-ram-2500-2004","سبک دوج رم 2500 2004"
"light-honda-civic-hatchback-1996","سبک هوندا سیویک هاتچ‌بک 1996"
"light-nissan-240sx-1995","سبک نیسان 240 اس‌ایکس 1995"
"light-mercedes benz-sl500-1997","سبک مرسدس بنز اس‌ال 500 1997"
"light-ford-fairlane-1966","سبک فورد فیرلین 1966"
"light-gmc-c3500-1993","سبک جی‌ام‌سی سی 3500 1993"
"light-ford-mustang-gt-2008","سبک فورد ماستانگ جی‌تی 2008"
"light-kia-forte-2011","سبک کیا فورته 2011"
"light-ford-f350-2009","سبک فورد اف 350 2009"
"light-ford-mustang-2003","سبک فورد ماستانگ 2003"
"light-dodge-charger-2008","سبک دوج شارجر 2008"
"light-leapmotor-t03-ev","سبک لیپ‌موتور تی 03 الکتریکی"
"light-lexus-gs300-1995","سبک لکسوس جی‌اس 300 1995"
"light-acura-rsx-2002","سبک آکورا آر‌اس‌ایکس 2002"
"light-mercedes benz-sl380-1982","سبک مرسدس بنز اس‌ال 380 1982"
"light-infiniti-q45-1993","سبک اینفینیتی کیو 45 1993"
"light-bmw-335i-2008","سبک بی‌ام‌دبلیو 335 ای 2008"
"light-chevrolet-nova-1973","سبک شورلت نوا 1973"
"light-volkswagen-beetle-2002","سبک فولکس واگن بیتل 2002"
"light-nissan-maxima-2016","سبک نیسان ماکسیما 2016"
"light-volkswagen-jetta-2013","سبک فولکس واگن جتا 2013"
"light-alfa-romeo-giulietta","سبک آلفا رومئو جولیتا"
"light-subaru-forester-2013","سبک سوبارو فورستر 2013"
"light-oldsmobile-intrigue-1999","سبک اولدزموبیل اینتریگ 1999"
"light-jeep-compass-2007","سبک جیپ کامپس 2007"
"light-oldsmobile-silhouette-2001","سبک اولدزموبیل سیلوئت 2001"
"light-mazda-3-2014","سبک مزدا 3 2014"
"light-ford-f150-1979","سبک فورد اف 150 1979"
"light-subaru-baja-2006","سبک سوبارو باها 2006"
"light-jeep-wrangler-1998","سبک جیپ رنگلر 1998"
"light-mercedes benz-slk320-1996","سبک مرسدس بنز اس‌ال‌کی 320 1996"
"light-ford-granada-1976","سبک فورد گرانادا 1976"
"light-ford-five hundred-2008","سبک فورد five hundred 2008"
"light-jeep-comanche-1990","سبک جیپ کُمانچی 1990"
"light-jaguar-xj-1991","سبک جگوار ایکس‌جی 1991"
"light-volvo-s60-2006","سبک ولوو اس 60 2006"
"light-ford-f450-1996","سبک فورد اف 450 1996"
"light-buick-reatta-1989","سبک بیوک ریاتا 1989"
"light-toyota-tercel-1997","سبک تویوتا ترسل 1997"
"light-toyota-scion-2011","سبک تویوتا سایون 2011"
"light-pontiac-grandprix-1969","سبک پونتیاک گرند پریکس 1969"
"light-chevrolet-malibu-1983","سبک شورلت مالیبو 1983"
"light-mazda-mx5-miata-1999","سبک مزدا ام ایکس 5 میاتا 1999"
"light-acura-legend-1991","سبک آکورا افسانه 1991"
"light-saturn-relay-2005","سبک ساترن ریلی 2005"
"light-dodge-ram-2500-2013","سبک دوج رم 2500 2013"
"light-ford-edge-2005","سبک فورد ادج 2005"
"light-mitsubishi-galant-2007","سبک میتسوبیشی گالانت 2007"
"light-ford-explorer-2003","سبک فورد اکسپلورر 2003"
"light-oldsmobile-442-1970","سبک اولدزموبیل 442 1970"
"light-chevrolet-silverado-1999","سبک شورلت سیلورادو 1999"
"light-buick-roadmaster-1993","سبک بیوک رودمستر 1993"
"light-plymouth-duster-1973","سبک پلیموت داستر 1973"
"light-mitsubishi-lancer-2005","سبک میتسوبیشی لنسر 2005"
"light-gmc-canyon-2006","سبک جی‌ام‌سی کنیون 2006"
"light-ford-escape-1998","سبک فورد اسکیپ 1998"
"light-acura-integra-1900","سبک آکورا اینتگرا 1900"
"light-gmc-suburban-1500-2003","سبک جی‌ام‌سی سابربن 1500 2003"
"light-hyundai-veracruz-ix55","سبک هیوندای ورا کراس آی‌ایکس 55"
"light-gmc-savana-3500-2005","سبک جی‌ام‌سی ساوانا 3500 2005"
"light-volkswagen-passat-1993","سبک فولکس واگن پاسات 1993"
"light-ford-mustang-gt-1985","سبک فورد ماستانگ جی‌تی 1985"
"light-toyota-4runner","سبک تویوتا 4 رانر"
"light-lincoln-limousine-2007","سبک لینکلن لیموزین 2007"
"light-toyota-tercel-1983","سبک تویوتا ترسل 1983"
"light-pontiac-bonneville-1992","سبک پونتیاک بانوویل 1992"
"light-gmc-suburban-1500-1990","سبک جی‌ام‌سی سابربن 1500 1990"
"light-kia-sephia-2002","سبک کیا سفیا 2002"
"light-isuzu-rodeo-1992","سبک ایسوزو رودئو 1992"
"light-ford-tempo-1988","سبک فورد تمپو 1988"
"light-ford-escort-2012","سبک فورد اسکورت 2012"
"light-bmw-325i-2000","سبک بی‌ام‌دبلیو 325 ای 2000"
"light-pride-131","سبک پراید 131"
"light-nissan-armada-2008","سبک نیسان آرمادا 2008"
"light-lincoln-navigator-2005","سبک لینکلن نویگیتور 2005"
"light-suzuki-swift-1999","سبک سوزوکی سوئیفت 1999"
"light-honda-odyssey-2010","سبک هوندا ادسی 2010"
"light-volvo-pv444-1957","سبک ولوو پی وی 444 1957"
"light-ford-f350-2012","سبک فورد اف 350 2012"
"light-chevrolet-avalanche-2004","سبک شورلت آوالانچ 2004"
"light-buick-roadmaster-1947","سبک بیوک رودمستر 1947"
"light-plymouth-barracuda-1973","سبک پلیموت باراکودا 1973"
"light-chevrolet-impala-1968","سبک شورلت ایمپالا 1968"
"light-honda-accord-2011","سبک هوندا آکورد 2011"
"light-oldsmobile-regency","سبک اولدزموبیل ریجینسی"
"light-volvo-242-1981","سبک ولوو 242 1981"
"light-bmw-318i-1993","سبک بی‌ام‌دبلیو 318 ای 1993"
"light-pontiac-vibe-2003","سبک پونتیاک وایب 2003"
"heavy-dima","سنگین دیما"
"light-bmw-325e-1987","سبک بی‌ام‌دبلیو 325 ای 1987"
"light-acura-integra-1989","سبک آکورا اینتگرا 1989"
"light-lincoln-mks-2013","سبک لینکلن ام‌کی‌اس 2013"
"light-bmw-z4-2008","سبک بی‌ام‌دبلیو زد 4 2008"
"light-lincoln-towncar-1977","سبک لینکلن تاون‌کار 1977"
"light-buick-gs-1970","سبک بیوک جی‌اس 1970"
"light-dodge-ram-2500-1984","سبک دوج رم 2500 1984"
"light-honda-prelude-2003","سبک هوندا پرلود 2003"
"light-honda-accord-1980","سبک هوندا آکورد 1980"
"light-chevrolet-silverado-3500-2013","سبک شورلت سیلورادو 3500 2013"
"light-chevrolet-caprice","سبک شورلت کاپریس"
"light-gmc-c7500-1997","سبک جی‌ام‌سی سی 7500 1997"
"light-honda-element-2004","سبک هوندا المنت 2004"
"light-chevrolet-suburban-2008","سبک شورلت سابربن 2008"
"light-volvo-vnl-2009","سبک ولوو وی‌ان‌ال 2009"
"light-toyota-yaris-2015","سبک تویوتا یاریس 2015"
"light-ram-1500-2003","سبک رم 1500 2003"
"light-chevrolet-classic-2004","سبک شورلت کلاسیک 2004"
"light-ford-contour-1999","سبک فورد کنتور 1999"
"light-toyota-levin-turbo-1200cc","سبک تویوتا لوین توربو 1200 سی‌سی"
"light-chevrolet-c20-1979","سبک شورلت سی 20 1979"
"light-chrysler-sebring-2001","سبک کرایسلر سبرینگ 2001"
"light-blakely-bearcat-1977","سبک بلکلی بیرکَت 1977"
"light-toyota-celica-1999","سبک تویوتا سلیکا 1999"
"light-chevrolet-corvette-2015","سبک شورلت کوروت 2015"
"light-mitsubishi-montero-2000","سبک میتسوبیشی مونترو 2000"
"light-mercury-grandmarquis-2010","سبک مرکوری گرند مارکویس 2010"
"light-bmw-535i-1985","سبک بی‌ام‌دبلیو 535 ای 1985"
"light-zotye-dl5","سبک زوتی دی‌ال 5"
"light-mitsubishi-montero-1990","سبک میتسوبیشی مونترو 1990"
"light-mercedes benz-e350-2013","سبک مرسدس بنز ای 350 2013"
"light-lincoln-towncar-1996","سبک لینکلن تاون‌کار 1996"
"light-dodge-w250-1993","سبک دوج دبلیو 250 1993"
"heavy-pilsan","سنگین پیلسان"
"light-saipa-sahand","سبک سایپا سهند"
"light-chevrolet-suburban-1986","سبک شورلت سابربن 1986"
"light-toyota-corolla-s-2003","سبک تویوتا کرولا اس 2003"
"light-mercedes benz-sl380-1981","سبک مرسدس بنز اس‌ال 380 1981"
"light-saturn-sl1-1997","سبک ساترن اس‌ال 1 1997"
"light-pontiac-sunfire-1993","سبک پونتیاک سان‌فایر 1993"
"light-chrysler-300-1964","سبک کرایسلر 300 1964"
"light-saab-9-3-2002","سبک ساب 9 3 2002"
"light-dodge-charger-2012","سبک دوج شارجر 2012"
"light-mazda-b4000-1994","سبک مزدا بی 4000 1994"
"light-dodge-dakota-2011","سبک دوج داکوتا 2011"
"light-ford-e450-2001","سبک فورد ای 450 2001"
"light-volkswagen-gti-2006","سبک فولکس واگن جی‌تی‌آی 2006"
"light-audi-a4-2008","سبک آئودی ای 4 2008"
"light-hyundai-elantra-wagon-2001","سبک هیوندای الانترا واگن 2001"
"light-mercedes benz-c230-2001","سبک مرسدس بنز سی 230 2001"
"light-dodge-cummins-2002","سبک دوج کامینز 2002"
"light-volkswagen-passat-2003","سبک فولکس واگن پاسات 2003"
"light-mazda-rx7-1991","سبک مزدا آرایکس 7 1991"
"light-saipa-karvan-saipa","سبک سایپا کاروان سایپا"
"light-hyundai-i30","سبک هیوندای ای 30"
"light-rayen-v5","سبک رایَن وی 5"
"light-ford-f100-1959","سبک فورد اف 100 1959"
"light-chevrolet-silverado-1978","سبک شورلت سیلورادو 1978"
"light-lincoln-aviator-2005","سبک لینکلن آویاتور 2005"
"light-ford-thunderbird-1976","سبک فورد تاندر‌برد 1976"
"light-ford-ranger-2008","سبک فورد رینجر 2008"
"light-bmw-323i-2006","سبک بی‌ام‌دبلیو 323 ای 2006"
"light-chevrolet-camaro-1991","سبک شورلت کامارو 1991"
"light-honda-odyssey-2016","سبک هوندا ادسی 2016"
"light-chrysler-300-2012","سبک کرایسلر 300 2012"
"light-cadillac-deville-1988","سبک کادیلاک دویل 1988"
"light-gmc-suburban-1500-1987","سبک جی‌ام‌سی سابربن 1500 1987"
"light-toyota-sequoia-2007","سبک تویوتا سکویا 2007"
"light-nissan-pathfinder-1999","سبک نیسان پث‌فایندر 1999"
"light-toyota-corolla-1997","سبک تویوتا کرولا 1997"
"light-ford-freestyle-2007","سبک فورد فری‌استایل 2007"
"light-chrysler-town&country-2014","سبک کرایسلر town country 2014"
"light-subaru-impreza-2005","سبک سوبارو ایمپرزا 2005"
"light-oldsmobile-ninetyeight-1964","سبک اولدزموبیل ناین‌تی‌اییت 1964"
"light-dodge-charger-1987","سبک دوج شارجر 1987"
"light-bmw-540i-2004","سبک بی‌ام‌دبلیو 540 ای 2004"
"light-oldsmobile-silhouette-2002","سبک اولدزموبیل سیلوئت 2002"
"light-lexus-gs300-2002","سبک لکسوس جی‌اس 300 2002"
"light-dodge-dakota-2004","سبک دوج داکوتا 2004"
"light-mercedes benz-sl500-2004","سبک مرسدس بنز اس‌ال 500 2004"
"light-plymouth-neon-1995","سبک پلیموت نون 1995"
"light-porsche-911-1981","سبک پورشه 911 1981"
"light-lincoln-mks-2014","سبک لینکلن ام‌کی‌اس 2014"
"light-toyota-corolla-s-2007","سبک تویوتا کرولا اس 2007"
"light-audi-a5-2012","سبک آئودی ای 5 2012"
"light-dodge-stealth-1991","سبک دوج استیلث 1991"
"light-gmc-canyon-2010","سبک جی‌ام‌سی کنیون 2010"
"light-bmw-2-series-activetourer","سبک بی‌ام‌دبلیو 2 سری اکتیو تورر"
"light-bmw-535i-2009","سبک بی‌ام‌دبلیو 535 ای 2009"
"light-lincoln-navigator-2007","سبک لینکلن نویگیتور 2007"
"light-jeep-wrangler-1991","سبک جیپ رنگلر 1991"
"light-chevrolet-prizm-1999","سبک شورلت پریزم 1999"
"light-plymouth-voyager-1988","سبک پلیموت وویجر 1988"
"light-toyota-tacoma-2007","سبک تویوتا تاکوما 2007"
"light-gmc-yukon-1500-2012","سبک جی‌ام‌سی یوکون 1500 2012"
"light-buick-encore-2013","سبک بیوک انکور 2013"
"light-bmw-535i-1987","سبک بی‌ام‌دبلیو 535 ای 1987"
"light-bmw-530xi-2006","سبک بی‌ام‌دبلیو 530 ایکس‌آی 2006"
"light-audi-a6-1998","سبک آئودی ای 6 1998"
"light-bmw-325i-1992","سبک بی‌ام‌دبلیو 325 ای 1992"
"light-bmw-325i-1997","سبک بی‌ام‌دبلیو 325 ای 1997"
"light-mercedes benz-c280-1996","سبک مرسدس بنز سی 280 1996"
"light-subaru-outback-2013","سبک سوبارو آوت‌بک 2013"
"light-hyundai-tiburon-2007","سبک هیوندای تیبورون 2007"
"light-mitsubishi-lancer-2012","سبک میتسوبیشی لنسر 2012"
"light-toyota-pickup-1983","سبک تویوتا پیکاپ 1983"
"light-bmw-328i-2001","سبک بی‌ام‌دبلیو 328 ای 2001"
"light-volkswagen-rabbit-1984","سبک فولکس واگن رابیت 1984"
"light-smart-fortwo-2012","سبک اسمارت فورتو 2012"
"light-mercedes benz-s600-2007","سبک مرسدس بنز اس 600 2007"
"light-ford-maverick-1972","سبک فورد ماوریک 1972"
"light-saab-9-5-2002","سبک ساب 9 5 2002"
"light-volvo-v40-2006","سبک ولوو وی 40 2006"
"light-honda-delsol-2002","سبک هوندا دل‌سول 2002"
"light-honda-civic-coupe-2015","سبک هوندا سیویک کوپه 2015"
"light-kia-sorento-2007","سبک کیا سورنتو 2007"
"light-capra-2","سبک کاپرا 2"
"light-chevrolet-silverado-3500-1993","سبک شورلت سیلورادو 3500 1993"
"light-ford-transit-2016","سبک فورد ترانزیت 2016"
"light-dodge-ram-2500-1993","سبک دوج رم 2500 1993"
"light-ford-mustang-convertible-1999","سبک فورد ماستانگ کروک 1999"
"light-dodge-avenger-1996","سبک دوج اونجر 1996"
"light-chevrolet-c20-1965","سبک شورلت سی 20 1965"
"light-saab-9-3-convertible-2003","سبک ساب 9 3 کروک 2003"
"light-mazda-3-2003","سبک مزدا 3 2003"
"light-dodge-durango-2005","سبک دوج دورانگو 2005"
"light-chevrolet-caprice-1995","سبک شورلت کاپریس 1995"
"light-landrover-rangerover-2009","سبک لندروور رِنج روور 2009"
"light-ford-e350-2010","سبک فورد ای 350 2010"
"light-chevrolet-impala-1996","سبک شورلت ایمپالا 1996"
"light-ford-edge-2007","سبک فورد ادج 2007"
"light-lexus-ls400-1995","سبک لکسوس ال‌اس 400 1995"
"light-chevrolet-metro-1992","سبک شورلت مترو 1992"
"light-toyota-avalon-2011","سبک تویوتا اوالون 2011"
"light-jaguar-xj-2008","سبک جگوار ایکس‌جی 2008"
"light-chevrolet-camaro-1998","سبک شورلت کامارو 1998"
"light-plymouth-neon-1999","سبک پلیموت نون 1999"
"light-buick-riviera-1995","سبک بیوک ریویرا 1995"
"light-chrysler-300-1999","سبک کرایسلر 300 1999"
"light-plymouth-voyager-1979","سبک پلیموت وویجر 1979"
"light-bmw-635csi-1987","سبک بی‌ام‌دبلیو 635 سی‌اس‌آی 1987"
"light-nissan-pathfinder-2005","سبک نیسان پث‌فایندر 2005"
"light-toyota-corolla-1981","سبک تویوتا کرولا 1981"
"light-toyota-flatbed-1986","سبک تویوتا بارکش مسطح 1986"
"light-chrysler-pacifica-2007","سبک کرایسلر پاسفیکا 2007"
"light-chevrolet-nova-1963","سبک شورلت نوا 1963"
"light-saturn-sl-1999","سبک ساترن اس‌ال 1999"
"light-ford-taurus-2002","سبک فورد تورس 2002"
"light-ford-windstar-2006","سبک فورد وینداستار 2006"
"light-mazda-protege-1995","سبک مزدا پروتژه 1995"
"light-cadillac-deville-2005","سبک کادیلاک دویل 2005"
"light-nissan-murano-2005","سبک نیسان مورانو 2005"
"light-volvo-v50-2009","سبک ولوو وی 50 2009"
"light-landrover-rangerover-2015","سبک لندروور رِنج روور 2015"
"light-chevrolet-210-1955","سبک شورلت 210 1955"
"light-buick-electra-1982","سبک بیوک الکترا 1982"
"light-gmc-sierra-1500-1991","سبک جی‌ام‌سی سیرا 1500 1991"
"light-volvo-780-2005","سبک ولوو 780 2005"
"light-volkswagen-camper-1959","سبک فولکس واگن کمپر 1959"
"light-peugeot-407","سبک پژو 407"
"light-ford-super deluxe-1942","سبک فورد سوپر دلوکس 1942"
"light-chrysler-pt cruiser-2009","سبک کرایسلر pt کروزر 2009"
"light-hyundai-elantra-2001","سبک هیوندای الانترا 2001"
"light-gmc-sierra-2500-2011","سبک جی‌ام‌سی سیرا 2500 2011"
"light-plymouth-voyager-2001","سبک پلیموت وویجر 2001"
"light-mercedes benz-ml430-2001","سبک مرسدس بنز ام‌ال 430 2001"
"light-volkswagen-camper-1974","سبک فولکس واگن کمپر 1974"
"light-nissan-350z-2006","سبک نیسان 350 زد 2006"
"light-chrysler-cirrus-1995","سبک کرایسلر سیرَس 1995"
"light-chevrolet-c-k2500-2000","سبک شورلت سی کی 2500 2000"
"light-lexus-is250-2015","سبک لکسوس ای اس 250 2015"
"light-chevrolet-astro-2002","سبک شورلت آسترو 2002"
"light-dodge-d100-1976","سبک دوج دی 100 1976"
"light-bmw-650i-2004","سبک بی‌ام‌دبلیو 650 ای 2004"
"light-mercury-grandmarquis-1977","سبک مرکوری گرند مارکویس 1977"
"light-ford-f250-1988","سبک فورد اف 250 1988"
"light-bmw-550i-2010","سبک بی‌ام‌دبلیو 550 ای 2010"
"light-bmw-318i-1996","سبک بی‌ام‌دبلیو 318 ای 1996"
"light-chevrolet-tracker-2002","سبک شورلت تراکِر 2002"
"light-infiniti-fx35-2006","سبک اینفینیتی اف‌ایکس 35 2006"
"light-chevrolet-astro-1998","سبک شورلت آسترو 1998"
"light-bmw-x6","سبک بی‌ام‌دبلیو ایکس 6"
"light-volvo-xc70-2000","سبک ولوو ایکس‌سی 70 2000"
"light-suzuki-esteem-wagon-2001","سبک سوزوکی استیم واگن 2001"
"light-volkswagen-atlantic-1987","سبک فولکس واگن آتلانتیک 1987"
"light-dodge-d100-1979","سبک دوج دی 100 1979"
"light-toyota-celica-1989","سبک تویوتا سلیکا 1989"
"light-nissan-pathfinder-1990","سبک نیسان پث‌فایندر 1990"
"light-chevrolet-tracker-2000","سبک شورلت تراکِر 2000"
"light-chevrolet-venture-1999","سبک شورلت ونچر 1999"
"light-volkswagen-cc-2010","سبک فولکس واگن سی‌سی 2010"
"light-nissan-240sx-1994","سبک نیسان 240 اس‌ایکس 1994"
"light-mercedes benz-sl600-1999","سبک مرسدس بنز اس‌ال 600 1999"
"light-lexus-es350-2009","سبک لکسوس ای اس 350 2009"
"light-subaru-forester-2011","سبک سوبارو فورستر 2011"
"light-saab-9-3-convertible-2002","سبک ساب 9 3 کروک 2002"
"light-chevrolet-metro-1997","سبک شورلت مترو 1997"
"light-volvo-v70-1999","سبک ولوو وی 70 1999"
"light-volkswagen-rabbit-2006","سبک فولکس واگن رابیت 2006"
"light-hyundai-santafe-2010","سبک هیوندای سانتافه 2010"
"light-lincoln-towncar-1986","سبک لینکلن تاون‌کار 1986"
"light-isuzu-vehicross-1999","سبک ایسوزو وهیکراس 1999"
"light-proton-impian","سبک پروتون ایمپین"
"light-chevrolet-scottsdale-1976","سبک شورلت اسکاتس‌دیل 1976"
"light-pontiac-torrent-2008","سبک پونتیاک تورنت 2008"
"light-ford-explorer-1995","سبک فورد اکسپلورر 1995"
"light-chevrolet-malibu-1978","سبک شورلت مالیبو 1978"
"light-suzuki-reno-2008","سبک سوزوکی رنو 2008"
"light-subaru-outback-2009","سبک سوبارو آوت‌بک 2009"
"light-dodge-ram-1500-1999","سبک دوج رم 1500 1999"
"light-volvo-s40-2003","سبک ولوو اس 40 2003"
"light-hyundai-elantra-2008","سبک هیوندای الانترا 2008"
"light-plymouth-gtx-1968","سبک پلیموت جی‌تی‌ایکس 1968"
"light-ford-coupe-1946","سبک فورد کوپه 1946"
"light-rollsroyce-silvershadow-1969","سبک رولزرویس سیلور شدو 1969"
"light-lincoln-continental-1975","سبک لینکلن کانتیننتال 1975"
"light-bmw-535xi-2008","سبک بی‌ام‌دبلیو 535 ایکس‌آی 2008"
"light-chevrolet-tracker-1998","سبک شورلت تراکِر 1998"
"light-bmw-328is-1998","سبک بی‌ام‌دبلیو 328 ای اس 1998"
"light-lexus-gs350-2007","سبک لکسوس جی‌اس 350 2007"
"light-lexus-gs350-2010","سبک لکسوس جی‌اس 350 2010"
"light-eagle-talon-1993","سبک ایگل تلون 1993"
"light-mazda-b2300-1994","سبک مزدا بی 2300 1994"
"light-kia-picanto","سبک کیا پیکانتو"
"light-saturn-vue-2001","سبک ساترن ویو 2001"
"light-mercury-grandmarquis-1990","سبک مرکوری گرند مارکویس 1990"
"light-toyota-tercel-1998","سبک تویوتا ترسل 1998"
"light-mazda-cx7-2011","سبک مزدا سی‌ایکس 7 2011"
"light-volkswagen-r32-2008","سبک فولکس واگن ار 32 2008"
"light-honda-prelude-1992","سبک هوندا پرلود 1992"
"light-nissan-quest-2000","سبک نیسان کوئست 2000"
"light-mercedes benz-sd300-1982","سبک مرسدس بنز اس‌دی 300 1982"
"light-volvo-850-wagon-1996","سبک ولوو 850 واگن 1996"
"light-bmw-320i-1993","سبک بی‌ام‌دبلیو 320 ای 1993"
"light-dodge-ram-1500-1994","سبک دوج رم 1500 1994"
"light-chevrolet-nova-1974","سبک شورلت نوا 1974"
"light-pontiac-bonneville-2000","سبک پونتیاک بانوویل 2000"
"light-cadillac-srx-2010","سبک کادیلاک اس‌آر‌ایکس 2010"
"light-pontiac-grandam-1993","سبک پونتیاک گرند ام 1993"
"light-infiniti-i30-2002","سبک اینفینیتی ای 30 2002"
"light-mg-midget-1974","سبک ام‌جی میدجت 1974"
"light-jeep-renegade-2016","سبک جیپ رینیگید 2016"
"light-pontiac-firebird-1989","سبک پونتیاک فایربرد 1989"
"light-chevrolet-camaro-1972","سبک شورلت کامارو 1972"
"light-volvo-540-2000","سبک ولوو 540 2000"
"light-lexus-es300-2000","سبک لکسوس ای اس 300 2000"
"light-ford-f350-2003","سبک فورد اف 350 2003"
"light-pontiac-lemans-1977","سبک پونتیاک لومانس 1977"
"light-mercedes benz-s420-1995","سبک مرسدس بنز اس 420 1995"
"light-bmw-5series-2001","سبک بی‌ام‌دبلیو 5 سری 2001"
"light-triumph-tr-1970","سبک تریومف تی‌آر 1970"
"light-chevrolet-aveo-2010","سبک شورلت آویو 2010"
"light-kia-sephia-2003","سبک کیا سفیا 2003"
"light-eagle-talon-1995","سبک ایگل تلون 1995"
"light-dodge-d250-1993","سبک دوج دی 250 1993"
"light-toyota-corolla-1995","سبک تویوتا کرولا 1995"
"light-ford-explorer-2013","سبک فورد اکسپلورر 2013"
"light-volvo-xc70-2009","سبک ولوو ایکس‌سی 70 2009"
"light-ford-f350-2000","سبک فورد اف 350 2000"
"light-oldsmobile-achieva-1996","سبک اولدزموبیل آچیوا 1996"
"light-honda-odyssey-2004","سبک هوندا ادسی 2004"
"light-mg-350","سبک ام‌جی 350"
"light-plymouth-fury-1968","سبک پلیموت فیوری 1968"
"light-dodge-ram-2500-1990","سبک دوج رم 2500 1990"
"light-toyota-yaris-2009","سبک تویوتا یاریس 2009"
"light-honda-s2000-2001","سبک هوندا اس 2000 2001"
"light-ford-focus-1999","سبک فورد فوکوس 1999"
"light-dodge-viper-2001","سبک دوج وایپر 2001"
"light-jeep-j8-2009","سبک جیپ جی 8 2009"
"light-chevrolet-optra-2004","سبک شورلت اوپترا 2004"
"light-chevrolet-nova-1968","سبک شورلت نوا 1968"
"light-ford-mustang-convertible-1967","سبک فورد ماستانگ کروک 1967"
"light-cadillac-deville-1998","سبک کادیلاک دویل 1998"
"light-buick-parkavenue-1997","سبک بیوک پارک اونیو 1997"
"light-volkswagen-karmannghia-1971","سبک فولکس واگن کارمن‌گیا 1971"
"light-landrover-rangerover-1994","سبک لندروور رِنج روور 1994"
"light-buick-super-1949","سبک بیوک سوپر 1949"
"light-nissan-juke","سبک نیسان جوک"
"light-toyota-corolla-2007","سبک تویوتا کرولا 2007"
"light-honda-s2000-2002","سبک هوندا اس 2000 2002"
"light-dodge-dart-1972","سبک دوج دارت 1972"
"light-buick-riviera-1994","سبک بیوک ریویرا 1994"
"light-chevrolet-silverado-2000","سبک شورلت سیلورادو 2000"
"light-toyota-camry-2007","سبک تویوتا کمری 2007"
"light-nissan-quest-1996","سبک نیسان کوئست 1996"
"light-mercedes benz-s500-2005","سبک مرسدس بنز اس 500 2005"
"light-bmw-525i-1989","سبک بی‌ام‌دبلیو 525 ای 1989"
"light-mitsubishi-lancer-2015","سبک میتسوبیشی لنسر 2015"
"light-audi-s5-2010","سبک آئودی اس 5 2010"
"light-gmc-k10-1986","سبک جی‌ام‌سی کی 10 1986"
"light-bmw-318i-1984","سبک بی‌ام‌دبلیو 318 ای 1984"
"light-chevrolet-silverado-3500-2005","سبک شورلت سیلورادو 3500 2005"
"light-ford-escort-1994","سبک فورد اسکورت 1994"
"light-honda-ridgeline-2009","سبک هوندا ریج‌لاین 2009"
"light-jeep-wrangler-rubicon-2008","سبک جیپ رنگلر روبی‌کان 2008"
"light-honda-civic-coupe-1994","سبک هوندا سیویک کوپه 1994"
"light-dodge-daytona-1991","سبک دوج دیتونا 1991"
"light-buick-regal-1995","سبک بیوک ریگال 1995"
"light-honda-fit-2007","سبک هوندا فیت 2007"
"light-honda-accord-wagon-1995","سبک هوندا آکورد واگن 1995"
"light-mercedes-benz-classic","سبک مرسدس بنز کلاسیک"
"light-dodge-ram-4500-2012","سبک دوج رم 4500 2012"
"light-ford-f250-1900","سبک فورد اف 250 1900"
"light-landrover-rangerover-2005","سبک لندروور رِنج روور 2005"
"light-chevrolet-camaro-1970","سبک شورلت کامارو 1970"
"light-acura-vigor-1992","سبک آکورا ویگور 1992"
"light-chevrolet-express-2015","سبک شورلت اکسپرس 2015"
"light-cadillac-allante-1991","سبک کادیلاک الانته 1991"
"light-dodge-van","سبک دوج ون"
"light-mercedes benz-300d-1985","سبک مرسدس بنز 300 دی 1985"
"light-dodge-grand caravan-2011","سبک دوج گرند caravan 2011"
"light-dodge-avenger-2012","سبک دوج اونجر 2012"
"light-renault-sandero-stepway","سبک رنو ساندرو استپ‌وی"
"light-acura-rdx-2012","سبک آکورا آر‌دی‌ایکس 2012"
"light-volvo-740-1986","سبک ولوو 740 1986"
"light-chevrolet-avalanche-2006","سبک شورلت آوالانچ 2006"
"light-volkswagen-touareg-2007","سبک فولکس واگن توارگ 2007"
"light-jeep-liberty-2002","سبک جیپ لیبرتی 2002"
"light-subaru-forester-2008","سبک سوبارو فورستر 2008"
"light-dodge-dakota-2007","سبک دوج داکوتا 2007"
"light-mercedes benz-ml320-2001","سبک مرسدس بنز ام‌ال 320 2001"
"light-toyota-avalon-2012","سبک تویوتا اوالون 2012"
"light-oldsmobile-442-1987","سبک اولدزموبیل 442 1987"
"light-plymouth-voyager-1996","سبک پلیموت وویجر 1996"
"light-mercury-grandmarquis-2001","سبک مرکوری گرند مارکویس 2001"
"light-chevrolet-silverado-2003","سبک شورلت سیلورادو 2003"
"light-mercury-monterey-2003","سبک مرکوری مانتری 2003"
"light-hummer-h3-2008","سبک هامر اچ 3 2008"
"light-ford-bronco-1977","سبک فورد برانکو 1977"
"light-dodge-dynasty-1993","سبک دوج داینستی 1993"
"light-mitsubishi-galant-1997","سبک میتسوبیشی گالانت 1997"
"light-hummer-h2-2005","سبک هامر اچ 2 2005"
"light-chrysler-new yorker-1991","سبک کرایسلر جدید yorker 1991"
"light-jeep-km","سبک جیپ کی ام"
"light-renault-symbol","سبک رنو نماد"
"light-mitsubishi-diamante-1996","سبک میتسوبیشی دیامانته 1996"
"light-bmw-745i-2005","سبک بی‌ام‌دبلیو 745 ای 2005"
"light-lexus-is250-2008","سبک لکسوس ای اس 250 2008"
"light-ford-mustang-convertible-2004","سبک فورد ماستانگ کروک 2004"
"light-mercedes benz-r350-2010","سبک مرسدس بنز ار 350 2010"
"light-jeep-grand-cherokee-2015","سبک جیپ گرند چروکی 2015"
"light-gmc-k3500-1993","سبک جی‌ام‌سی کی 3500 1993"
"light-buick-rendezvous-2004","سبک بیوک رندزو 2004"
"light-jeep-wagoneer-1995","سبک جیپ واگنییر 1995"
"light-renault-scala","سبک رنو اسکالا"
"light-ford-taurus-1988","سبک فورد تورس 1988"
"light-chevrolet-kodiak-2003","سبک شورلت کودیاک 2003"
"light-ford-escape-2012","سبک فورد اسکیپ 2012"
"light-chrysler-town&country-2012","سبک کرایسلر town country 2012"
"light-porsche-944-1985","سبک پورشه 944 1985"
"light-bmw-535i-2013","سبک بی‌ام‌دبلیو 535 ای 2013"
"light-lincoln-ls-2003","سبک لینکلن ال‌اس 2003"
"light-audi-100-1991","سبک آئودی 100 1991"
"light-mg-6","سبک ام‌جی 6"
"light-landrover-rangerover-2002","سبک لندروور رِنج روور 2002"
"light-gmc-suburban-2500-1983","سبک جی‌ام‌سی سابربن 2500 1983"
"light-dodge-rumble bee-2005","سبک دوج rumble bee 2005"
"light-lincoln-mkx-2011","سبک لینکلن ام‌کی‌ایکس 2011"
"light-gmc-sierra-3500-2002","سبک جی‌ام‌سی سیرا 3500 2002"
"light-volkswagen-tiguan-2012","سبک فولکس واگن تیگوان 2012"
"light-mvm-110","سبک ام‌وی‌ام 110"
"light-kia-sorento-2013","سبک کیا سورنتو 2013"
"light-chevrolet-silverado-2014","سبک شورلت سیلورادو 2014"
"light-chrysler-town&country-2001","سبک کرایسلر town country 2001"
"light-ford-f100-1982","سبک فورد اف 100 1982"
"light-chevrolet-tahoe-2003","سبک شورلت تاهو 2003"
"light-mercedes benz-clk350-1998","سبک مرسدس بنز سی‌ال‌کا 350 1998"
"light-hyundai-tiburon-2002","سبک هیوندای تیبورون 2002"
"light-amico-asna","سبک امیکو اسنا"
"light-toyota-tercel-1999","سبک تویوتا ترسل 1999"
"light-jeep-wrangler-sahara-2008","سبک جیپ رنگلر صحرا 2008"
"light-chevrolet-montecarlo-1985","سبک شورلت مونت‌کارلو 1985"
"light-jaguar-s-type-2002","سبک جگوار اس تایپ 2002"
"light-honda-crosstour-2012","سبک هوندا کراس تور 2012"
"light-chrysler-sebring-1996","سبک کرایسلر سبرینگ 1996"
"light-plymouth-acclaim-1994","سبک پلیموت اکلیم 1994"
"light-honda-element-2011","سبک هوندا المنت 2011"
"light-chevrolet-ss-1970","سبک شورلت اس‌اس 1970"
"light-volvo-940-1994","سبک ولوو 940 1994"
"light-saab-9-3-convertible-2006","سبک ساب 9 3 کروک 2006"
"light-gmc-sierra-1500-1966","سبک جی‌ام‌سی سیرا 1500 1966"
"light-infiniti-qx56-2007","سبک اینفینیتی کیو ایکس 56 2007"
"light-audi-a4-2012","سبک آئودی ای 4 2012"
"light-honda-prelude-1991","سبک هوندا پرلود 1991"
"light-audi-a6-quattro-wagon-2001","سبک آئودی ای 6 کواترو واگن 2001"
"light-honda-ens1","سبک هوندا اِنس 1"
"light-nissan-sentra-1990","سبک نیسان سنترا 1990"
"light-bmw-645ci-2005","سبک بی‌ام‌دبلیو 645 سی‌آی 2005"
"light-gmc-sonoma-2000","سبک جی‌ام‌سی سوناما 2000"
"light-haima-s7","سبک هایما اس 7"
"light-honda-fit-2015","سبک هوندا فیت 2015"
"light-toyota-highlander-2007","سبک تویوتا های‌لندر 2007"
"light-suzuki-swift-1990","سبک سوزوکی سوئیفت 1990"
"light-gmc-canyon-2007","سبک جی‌ام‌سی کنیون 2007"
"light-mazda-mx5-miata-1994","سبک مزدا ام ایکس 5 میاتا 1994"
"light-buick-regal-2002","سبک بیوک ریگال 2002"
"light-lexus-gs430-2001","سبک لکسوس جی‌اس 430 2001"
"light-nissan-maxima-2000","سبک نیسان ماکسیما 2000"
"light-bmw-328i-2003","سبک بی‌ام‌دبلیو 328 ای 2003"
"light-hyundai-accent-ir","سبک هیوندای اکسنت ای ار"
"light-chevrolet-caprice-1987","سبک شورلت کاپریس 1987"
"light-chevrolet-suburban-1993","سبک شورلت سابربن 1993"
"light-chevrolet-impala-1994","سبک شورلت ایمپالا 1994"
"light-volvo-s70-2001","سبک ولوو اس 70 2001"
"light-lincoln-towncar-2004","سبک لینکلن تاون‌کار 2004"
"light-buick-regal-1999","سبک بیوک ریگال 1999"
"light-dodge-intrepid-2006","سبک دوج اینترپید 2006"
"light-jeep-commander-1972","سبک جیپ کماندر 1972"
"light-mercedes benz-c320-1999","سبک مرسدس بنز سی 320 1999"
"light-audi-90-1990","سبک آئودی 90 1990"
"light-honda-civic-coupe-2009","سبک هوندا سیویک کوپه 2009"
"light-ds-crossback-7","سبک دی‌اس کراس‌بک 7"
"light-oldsmobile-eightyeight-1971","سبک اولدزموبیل ایتیتیایت 1971"
"light-ford-crown victoria-2004","سبک فورد کراون victoria 2004"
"light-volkswagen-newbeetle-1999","سبک فولکس واگن نیو بیتل 1999"
"light-toyota-camry-le-2002","سبک تویوتا کمری ال‌ای 2002"
"light-bmw-538i-1998","سبک بی‌ام‌دبلیو 538 ای 1998"
"light-hyundai-veloster-2014","سبک هیوندای ولستر 2014"
"light-honda-pilot-2006","سبک هوندا پایلوت 2006"
"light-gmc-jimmy-1995","سبک جی‌ام‌سی جیمی 1995"
"light-gmc-k1500-1999","سبک جی‌ام‌سی کی 1500 1999"
"light-chevrolet-c-k2500-1992","سبک شورلت سی کی 2500 1992"
"light-cadillac-seville-1995","سبک کادیلاک سویل 1995"
"light-volkswagen-routan-2011","سبک فولکس واگن روتان 2011"
"light-ford-e450-1998","سبک فورد ای 450 1998"
"light-nissan-maxima-1995","سبک نیسان ماکسیما 1995"
"light-ford-taurus-2010","سبک فورد تورس 2010"
"light-acura-tl-2000","سبک آکورا تی‌ال 2000"
"light-ford-ranger-1980","سبک فورد رینجر 1980"
"light-chrysler-crossfire-2008","سبک کرایسلر کراس‌فایر 2008"
"light-gmc-sierra-2500-1999","سبک جی‌ام‌سی سیرا 2500 1999"
"light-chevrolet-montecarlo-1992","سبک شورلت مونت‌کارلو 1992"
"light-acura-mdx-2016","سبک آکورا ام‌دی‌ایکس 2016"
"light-jeep-cherokee-2005","سبک جیپ چروکی 2005"
"light-bmw-325i-1993","سبک بی‌ام‌دبلیو 325 ای 1993"
"light-chevrolet-apache-1958","سبک شورلت آپاش 1958"
"light-lamborghini-gallardo-2004","سبک لامبورگینی گالاردو 2004"
"light-mercedes benz-slk320-2001","سبک مرسدس بنز اس‌ال‌کی 320 2001"
"light-ford-bronco-1994","سبک فورد برانکو 1994"
"light-dodge-w350-1992","سبک دوج دبلیو 350 1992"
"light-chery-arizo-5-sport-fl","سبک چری آریزو 5 اسپرت اف‌ال"
"light-gmc-c2500-1984","سبک جی‌ام‌سی سی 2500 1984"
"light-ford-f150-1983","سبک فورد اف 150 1983"
"light-jeep-wrangler-1989","سبک جیپ رنگلر 1989"
"light-pontiac-firebird-1996","سبک پونتیاک فایربرد 1996"
"light-mercedes benz-e320-wagon-1998","سبک مرسدس بنز ای 320 واگن 1998"
"light-toyota-scion-2009","سبک تویوتا سایون 2009"
"light-toyota-corolla-1984","سبک تویوتا کرولا 1984"
"light-bmw-325i-2002","سبک بی‌ام‌دبلیو 325 ای 2002"
"light-bmw-328i-2010","سبک بی‌ام‌دبلیو 328 ای 2010"
"light-mercedes benz-e300-1998","سبک مرسدس بنز ای 300 1998"
"light-saab-9-5-2000","سبک ساب 9 5 2000"
"light-chrysler-concorde-1997","سبک کرایسلر کانکورد 1997"
"light-citroen-xantia","سبک سیتروئن زانتیا"
"light-acura-integra-1995","سبک آکورا اینتگرا 1995"
"light-chevrolet-c-k1500-1992","سبک شورلت سی کی 1500 1992"
"light-mitsubishi-mirage-1998","سبک میتسوبیشی میرَج 1998"
"light-ssangyong-new-korando","سبک سانگ‌یانگ جدید کوراندو"
"light-ferrari-testarossa-1988","سبک فراری تستاروسا 1988"
"light-buick-parkavenue-1991","سبک بیوک پارک اونیو 1991"
"light-bmw-325xi-2006","سبک بی‌ام‌دبلیو 325 ایکس‌آی 2006"
"light-mercedes benz-e350-2012","سبک مرسدس بنز ای 350 2012"
"light-kia-sephia-2010","سبک کیا سفیا 2010"
"light-toyota-prius-2011","سبک تویوتا پریوس 2011"
"light-lexus-ct","سبک لکسوس سی‌تی"
"light-bmw-328i-2008","سبک بی‌ام‌دبلیو 328 ای 2008"
"light-mercedes benz-e430-1999","سبک مرسدس بنز ای 430 1999"
"light-chevrolet-suburban-1980","سبک شورلت سابربن 1980"
"light-venucia-v-online-dd-i","سبک ونوسیا وی آنلاین دی دی ای"
"light-infiniti-qx4-2002","سبک اینفینیتی کیو ایکس 4 2002"
"light-gmc-suburban-1500-1994","سبک جی‌ام‌سی سابربن 1500 1994"
"light-mazda-b3000-2004","سبک مزدا بی 3000 2004"
"light-bmw-735i-1991","سبک بی‌ام‌دبلیو 735 ای 1991"
"light-hyundai-sonata-lf-hybrid","سبک هیوندای سوناتا ال‌اف هیبرید"
"light-suzuki-vitara-2002","سبک سوزوکی ویتارا 2002"
"light-chevrolet-tahoe-1996","سبک شورلت تاهو 1996"
"light-chevrolet-nova-1971","سبک شورلت نوا 1971"
"light-mercedes benz-r500-2007","سبک مرسدس بنز ار 500 2007"
"light-hyundai-tucson-2008","سبک هیوندای توکسون 2008"
"light-ford-f350-2008","سبک فورد اف 350 2008"
"light-cadillac-eldorado-1994","سبک کادیلاک الدورادو 1994"
"light-cadillac-eldorado-1980","سبک کادیلاک الدورادو 1980"
"light-jaguar-xj-1972","سبک جگوار ایکس‌جی 1972"
"light-mercedes benz-s600-2008","سبک مرسدس بنز اس 600 2008"
"light-suzuki-swift-2001","سبک سوزوکی سوئیفت 2001"
"light-honda-jazz-2009","سبک هوندا جاز 2009"
"light-bmw-m5-2006","سبک بی‌ام‌دبلیو ام 5 2006"
"light-chevrolet-silverado-1900","سبک شورلت سیلورادو 1900"
"light-jaguar-xj-1994","سبک جگوار ایکس‌جی 1994"
"light-mazda-mx3-2005","سبک مزدا ام ایکس 3 2005"
"light-mini-cooper-2014","سبک مینی کوپر 2014"
"light-hyundai-sonata-2002","سبک هیوندای سوناتا 2002"
"light-buick-electra-1987","سبک بیوک الکترا 1987"
"light-mercedes-benz-ml-class","سبک مرسدس بنز ام‌ال کلاس"
"light-nissan-xterra-2013","سبک نیسان اکستررا 2013"
"light-mercedes benz-c240-2002","سبک مرسدس بنز سی 240 2002"
"light-hummer-h3-2007","سبک هامر اچ 3 2007"
"light-toyota-fjcruiser-2010","سبک تویوتا اف‌جی کروزر 2010"
"light-lincoln-mkz-2014","سبک لینکلن ام‌کی‌زد 2014"
"light-toyota-sienna-2013","سبک تویوتا سیِنا 2013"
"light-toyota-sienna-1998","سبک تویوتا سیِنا 1998"
"light-infiniti-g25-2011","سبک اینفینیتی جی 25 2011"
"light-mazda-mx5-miata-1993","سبک مزدا ام ایکس 5 میاتا 1993"
"light-volkswagen-gti-2004","سبک فولکس واگن جی‌تی‌آی 2004"
"light-toyota-solara-2004","سبک تویوتا سولارا 2004"
"light-infiniti-q45-2005","سبک اینفینیتی کیو 45 2005"
"light-buick-lucerne-2007","سبک بیوک لوسرن 2007"
"light-kia-optima-2013","سبک کیا اپتیما 2013"
"light-bmw-650i-2014","سبک بی‌ام‌دبلیو 650 ای 2014"
"light-cadillac-deville-1985","سبک کادیلاک دویل 1985"
"light-ford-e150-2000","سبک فورد ای 150 2000"
"light-volkswagen-scirocco-1987","سبک فولکس واگن شیرُکو 1987"
"light-mercedes benz-c280-2002","سبک مرسدس بنز سی 280 2002"
"light-mazda-626-1995","سبک مزدا 626 1995"
"light-lincoln-mark-vii-1990","سبک لینکلن مارک وی‌ای‌ای 1990"
"light-gmc-c1500-1994","سبک جی‌ام‌سی سی 1500 1994"
"light-bmw-328xi-2013","سبک بی‌ام‌دبلیو 328 ایکس‌آی 2013"
"light-honda-civic-coupe-2006","سبک هوندا سیویک کوپه 2006"
"light-kia-forte-2014","سبک کیا فورته 2014"
"light-toyota-avalon-2014","سبک تویوتا اوالون 2014"
"light-saab-9-3-2004","سبک ساب 9 3 2004"
"light-hyundai-genesis-2011","سبک هیوندای جنسیس 2011"
"light-ford-flex-2011","سبک فورد فلکس 2011"
"light-bmw-850i-1992","سبک بی‌ام‌دبلیو 850 ای 1992"
"light-dodge-avenger-2002","سبک دوج اونجر 2002"
"light-chevrolet-montecarlo-1972","سبک شورلت مونت‌کارلو 1972"
"light-cadillac-cts-2005","سبک کادیلاک سی‌تی‌اس 2005"
"light-pontiac-bonneville-1978","سبک پونتیاک بانوویل 1978"
"light-ford-five hundred-2007","سبک فورد five hundred 2007"
"light-chevrolet-colorado-2006","سبک شورلت کلرادو 2006"
"light-mercury-sable-1997","سبک مرکوری سیبل 1997"
"light-kia-soul","سبک کیا سول"
"light-gmc-k2500-1992","سبک جی‌ام‌سی کی 2500 1992"
"light-chevrolet-c20-1971","سبک شورلت سی 20 1971"
"light-renault-pk","سبک رنو پی کی"
"light-chevrolet-monza-1987","سبک شورلت مونزا 1987"
"light-mercedes benz-c280-2007","سبک مرسدس بنز سی 280 2007"
"light-chevrolet-uplander-2007","سبک شورلت آپ‌لندر 2007"
"light-chevrolet-corvette-2002","سبک شورلت کوروت 2002"
"light-ford-f250-1983","سبک فورد اف 250 1983"
"light-hyundai-genesis-coupe-2012","سبک هیوندای جنسیس کوپه 2012"
"light-chevrolet-pickup-1953","سبک شورلت پیکاپ 1953"
"light-buick-lesabre-1997","سبک بیوک لسبر 1997"
"light-bmw-528i-1997","سبک بی‌ام‌دبلیو 528 ای 1997"
"light-dodge-shadow-1995","سبک دوج شدو 1995"
"light-cadillac-deville-1990","سبک کادیلاک دویل 1990"
"light-pontiac-g6-2008","سبک پونتیاک جی 6 2008"
"light-ford-f250-1977","سبک فورد اف 250 1977"
"light-nissan-pathfinder-1997","سبک نیسان پث‌فایندر 1997"
"light-pontiac-grandprix-1977","سبک پونتیاک گرند پریکس 1977"
"light-lexus-sc300-1997","سبک لکسوس اس‌سی 300 1997"
"light-ford-f350-1978","سبک فورد اف 350 1978"
"light-ford-thunderbird-1987","سبک فورد تاندر‌برد 1987"
"light-studebaker-flatbed-1959","سبک استادیبیکر بارکش مسطح 1959"
"light-nissan-maxima-1987","سبک نیسان ماکسیما 1987"
"light-ford-flex-2013","سبک فورد فلکس 2013"
"light-mitsubishi-mirage-1994","سبک میتسوبیشی میرَج 1994"
"light-mazda-cx9-2008","سبک مزدا سی‌ایکس 9 2008"
"light-chevrolet-prizm-2014","سبک شورلت پریزم 2014"
"light-chevrolet-c10-1975","سبک شورلت سی 10 1975"
"light-porsche-panamera-2011","سبک پورشه پانامرا 2011"
"light-mercedes benz-c250-2010","سبک مرسدس بنز سی 250 2010"
"light-dodge-stratus-2000","سبک دوج استراتوس 2000"
"light-nissan-pathfinder-1992","سبک نیسان پث‌فایندر 1992"
"light-chevrolet-colorado-2005","سبک شورلت کلرادو 2005"
"light-audi-100-1989","سبک آئودی 100 1989"
"light-plymouth-roadrunner-1971","سبک پلیموت رودرانر 1971"
"light-nissan-maxima-1994","سبک نیسان ماکسیما 1994"
"light-gmc-yukon-1500-2010","سبک جی‌ام‌سی یوکون 1500 2010"
"light-nissan-juke-2012","سبک نیسان جوک 2012"
"light-saturn-sl1-1996","سبک ساترن اس‌ال 1 1996"
"light-pontiac-gto-2004","سبک پونتیاک جی‌تی‌او 2004"
"light-jeep-kaiser-1967","سبک جیپ کایزر 1967"
"light-kia-van","سبک کیا ون"
"light-chevrolet-blazer-1977","سبک شورلت بلیزر 1977"
"light-mercedes benz-c240-2001","سبک مرسدس بنز سی 240 2001"
"light-jaguar-xj-convertible-1990","سبک جگوار ایکس‌جی کروک 1990"
"light-cadillac-sts-1999","سبک کادیلاک اس‌تی‌اس 1999"
"light-foton-pickup","سبک فوتون پیکاپ"
"light-chevrolet-silverado-3500-2001","سبک شورلت سیلورادو 3500 2001"
"light-toyota-4runner-2014","سبک تویوتا 4 رانر 2014"
"light-nissan-cima-2001","سبک نیسان سیما 2001"
"light-oldsmobile-bravada-1997","سبک اولدزموبیل براوادا 1997"
"light-nissan-frontier-2007","سبک نیسان فرانتیر 2007"
"light-jeep-wagoneer-1978","سبک جیپ واگنییر 1978"
"light-mercedes benz-s280-1969","سبک مرسدس بنز اس 280 1969"
"light-saturn-lw300-2002","سبک ساترن اِل‌دبلیو 300 2002"
"light-pontiac-gto-2003","سبک پونتیاک جی‌تی‌او 2003"
"light-bmw-335i-2015","سبک بی‌ام‌دبلیو 335 ای 2015"
"light-mercedes benz-e320-1999","سبک مرسدس بنز ای 320 1999"
"light-lexus-sc400-1990","سبک لکسوس اس‌سی 400 1990"
"light-chevrolet-lumina-1995","سبک شورلت لومینا 1995"
"light-scion-xa-2004","سبک سایون ایکس‌ای 2004"
"light-dodge-dart-1976","سبک دوج دارت 1976"
"light-kia-optima-2011","سبک کیا اپتیما 2011"
"light-audi-a6-1999","سبک آئودی ای 6 1999"
"light-ford-aerostar-1992","سبک فورد ایرواستار 1992"
"light-chevrolet-impala-1965","سبک شورلت ایمپالا 1965"
"light-chevrolet-beretta-1996","سبک شورلت برتا 1996"
"light-jeep-patriot-2014","سبک جیپ پتریوت 2014"
"light-nissan-sentra-1999","سبک نیسان سنترا 1999"
"light-ford-probe-1990","سبک فورد پروب 1990"
"light-bmw-z3-2001","سبک بی‌ام‌دبلیو زد 3 2001"
"light-honda-accord","سبک هوندا آکورد"
"light-mercury-cougar-2003","سبک مرکوری کوگار 2003"
"heavy-hyundai","سنگین هیوندای"
"light-volkswagen-cabrio-1996","سبک فولکس واگن کابریو 1996"
"light-tara-manual","سبک تارا دستی"
"light-chevrolet-camaro-1982","سبک شورلت کامارو 1982"
"light-mercury-tracer-1992","سبک مرکوری تریسر 1992"
"light-mercedes benz-ml350-2008","سبک مرسدس بنز ام‌ال 350 2008"
"light-toyota-venza-2010","سبک تویوتا ونزا 2010"
"light-mazda-mx6-2003","سبک مزدا ام ایکس 6 2003"
"light-porsche-911-1991","سبک پورشه 911 1991"
"light-mercedes benz-c280-1997","سبک مرسدس بنز سی 280 1997"
"light-volkswagen-t-roc","سبک فولکس واگن تی راک"
"light-nissan-frontier-2005","سبک نیسان فرانتیر 2005"
"light-nissan-350z-2004","سبک نیسان 350 زد 2004"
"light-mercedes benz-sl300-1991","سبک مرسدس بنز اس‌ال 300 1991"
"light-toyota-camry-2013","سبک تویوتا کمری 2013"
"light-dodge-dakota-2008","سبک دوج داکوتا 2008"
"light-porsche-924-1981","سبک پورشه 924 1981"
"light-chevrolet-corvette-1959","سبک شورلت کوروت 1959"
"light-mercedes benz-clk320-2001","سبک مرسدس بنز سی‌ال‌کا 320 2001"
"light-ford-f350-1990","سبک فورد اف 350 1990"
"light-mazda-mx5-miata-2009","سبک مزدا ام ایکس 5 میاتا 2009"
"light-suzuki-samurai-1988","سبک سوزوکی سامورایی 1988"
"light-lexus-is250-2012","سبک لکسوس ای اس 250 2012"
"light-audi-a6-2002","سبک آئودی ای 6 2002"
"light-dodge-neon-2003","سبک دوج نون 2003"
"light-cadillac-srx-2011","سبک کادیلاک اس‌آر‌ایکس 2011"
"light-renault-talisman","سبک رنو تالیسمن"
"light-gmc-k1500-1997","سبک جی‌ام‌سی کی 1500 1997"
"light-mercedes benz-e300-2008","سبک مرسدس بنز ای 300 2008"
"light-ford-f100-1973","سبک فورد اف 100 1973"
"light-pontiac-grandam-1999","سبک پونتیاک گرند ام 1999"
"light-chevrolet-cobalt-2005","سبک شورلت کبالت 2005"
"light-bmw-x4","سبک بی‌ام‌دبلیو ایکس 4"
"light-volkswagen-eos-2008","سبک فولکس واگن ای‌او‌اس 2008"
"light-farda-m4-suba","سبک فردا ام 4 سابا"
"light-chevrolet-deluxe-1979","سبک شورلت دلوکس 1979"
"heavy-mac-truck","سنگین مک کامیون"
"light-dodge-spirit-1990","سبک دوج اسپریت 1990"
"light-gmc-sierra-1500-2005","سبک جی‌ام‌سی سیرا 1500 2005"
"light-chevrolet-s10-1987","سبک شورلت اس 10 1987"
"light-chevrolet-g30-1988","سبک شورلت جی 30 1988"
"light-honda-odyssey-2009","سبک هوندا ادسی 2009"
"light-lexus-is300-2003","سبک لکسوس ای اس 300 2003"
"light-cadillac-seville-2002","سبک کادیلاک سویل 2002"
"light-pontiac-gto-1966","سبک پونتیاک جی‌تی‌او 1966"
"light-toyota-previa-1993","سبک تویوتا پرویا 1993"
"light-chrysler-pacifica-2003","سبک کرایسلر پاسفیکا 2003"
"light-lincoln-premiere-1957","سبک لینکلن پرمیر 1957"
"light-gmc-sierra-2500-2002","سبک جی‌ام‌سی سیرا 2500 2002"
"light-nissan-armada-2005","سبک نیسان آرمادا 2005"
"light-mitsubishi-starion-1987","سبک میتسوبیشی استاریون 1987"
"light-jaguar-xk-2003","سبک جگوار ایکس‌کی 2003"
"light-gmc-jimmy-1986","سبک جی‌ام‌سی جیمی 1986"
"light-subaru-impreza-1999","سبک سوبارو ایمپرزا 1999"
"light-subaru-impreza-1994","سبک سوبارو ایمپرزا 1994"
"light-cadillac-deville-1964","سبک کادیلاک دویل 1964"
"light-bmw-e46-2005","سبک بی‌ام‌دبلیو ای 46 2005"
"light-mercedes benz-clk500-2003","سبک مرسدس بنز سی‌ال‌کا 500 2003"
"light-volkswagen-beetle-1908","سبک فولکس واگن بیتل 1908"
"light-nissan-titan-2011","سبک نیسان تایتان 2011"
"light-audi-q5-2015","سبک آئودی کیو 5 2015"
"light-toyota-tacoma-2002","سبک تویوتا تاکوما 2002"
"light-chevrolet-silverado-3500-2010","سبک شورلت سیلورادو 3500 2010"
"light-nissan-gtr-2010","سبک نیسان جی‌تی‌آر 2010"
"heavy-renault","سنگین رنو"
"light-mercedes benz-e300-2009","سبک مرسدس بنز ای 300 2009"
"light-mercedes benz-s430-2006","سبک مرسدس بنز اس 430 2006"
"light-mercedes benz-sl550-2007","سبک مرسدس بنز اس‌ال 550 2007"
"light-bmw-318i-1985","سبک بی‌ام‌دبلیو 318 ای 1985"
"light-aston martin-vantage-2008","سبک aston martin ونتیج 2008"
"light-toyota-hilux-1993","سبک تویوتا هیلوکس 1993"
"light-cadillac-allante-1993","سبک کادیلاک الانته 1993"
"light-ford-f350-2011","سبک فورد اف 350 2011"
"light-nissan-armada-2012","سبک نیسان آرمادا 2012"
"light-plymouth-satellite-1966","سبک پلیموت ساتلایت 1966"
"light-volkswagen-eurovan-1993","سبک فولکس واگن یورووان 1993"
"light-toyota-fj40-1972","سبک تویوتا اف‌جی 40 1972"
"light-chrysler-200-2015","سبک کرایسلر 200 2015"
"light-chevrolet-camaro-1995","سبک شورلت کامارو 1995"
"light-proton-viera","سبک پروتون ویرا"
"light-nissan-juke-2014","سبک نیسان جوک 2014"
"light-mercedes benz-s500-2000","سبک مرسدس بنز اس 500 2000"
"light-dodge-charger-2011","سبک دوج شارجر 2011"
"light-mazda-tribute-2001","سبک مزدا تریبیوت 2001"
"light-chevrolet-camaro-1969","سبک شورلت کامارو 1969"
"light-nissan-maxima-1997","سبک نیسان ماکسیما 1997"
"light-mercedes benz-c300-1988","سبک مرسدس بنز سی 300 1988"
"light-infiniti-m35-2007","سبک اینفینیتی ام 35 2007"
"light-chevrolet-impala-2006","سبک شورلت ایمپالا 2006"
"light-nissan-leaf-2013","سبک نیسان لیف 2013"
"light-jeep-liberty-2011","سبک جیپ لیبرتی 2011"
"light-audi-tt-2000","سبک آئودی تی‌تی 2000"
"light-ford-taurus","سبک فورد تورس"
"light-buick-rendezvous-2007","سبک بیوک رندزو 2007"
"light-saipa-arya","سبک سایپا آریا"
"light-dodge-viper-1992","سبک دوج وایپر 1992"
"light-toyota-supra-1993","سبک تویوتا سوپرا 1993"
"light-saab-9-6-1973","سبک ساب 9 6 1973"
"light-saab-900-1994","سبک ساب 900 1994"
"light-chevrolet-silverado-3500-1990","سبک شورلت سیلورادو 3500 1990"
"light-bentley-turbo-r-1989","سبک بنتلی توربو ار 1989"
"light-mercedes benz-300d-1995","سبک مرسدس بنز 300 دی 1995"
"light-ford-e250-1997","سبک فورد ای 250 1997"
"light-toyota-echo-2005","سبک تویوتا اکو 2005"
"light-volkswagen-jetta-2004","سبک فولکس واگن جتا 2004"
"light-mitsubishi-endeavor-2011","سبک میتسوبیشی اندور 2011"
"light-bmw-325i-1999","سبک بی‌ام‌دبلیو 325 ای 1999"
"light-pontiac-bonneville-2001","سبک پونتیاک بانوویل 2001"
"light-ford-bronco-1990","سبک فورد برانکو 1990"
"light-ford-ranger-1987","سبک فورد رینجر 1987"
"light-toyota-prius-2005","سبک تویوتا پریوس 2005"
"light-saab-9-7-2008","سبک ساب 9 7 2008"
"light-cadillac-cts-1999","سبک کادیلاک سی‌تی‌اس 1999"
"light-fownix-tiggo-7-pro-premium","سبک فونییکس تیگو 7 پرو پرمیوم"
"light-audi-a4-cabriolet-1994","سبک آئودی ای 4 کابریولت 1994"
"light-nissan-presage-2009","سبک نیسان پریسِیج 2009"
"light-honda-prelude-1988","سبک هوندا پرلود 1988"
"light-chevrolet-bel air-1968","سبک شورلت بل هوا 1968"
"light-buick-b2","سبک بیوک بی 2"
"light-hummer-h2-2003","سبک هامر اچ 2 2003"
"light-audi-80-1990","سبک آئودی 80 1990"
"light-bmw-135i-2011","سبک بی‌ام‌دبلیو 135 ای 2011"
"light-jeep-compass-2011","سبک جیپ کامپس 2011"
"light-jaguar-xj-2005","سبک جگوار ایکس‌جی 2005"
"light-kia-rio-2005","سبک کیا ریو 2005"
"light-volvo-740-1988","سبک ولوو 740 1988"
"light-jeep-liberty-2004","سبک جیپ لیبرتی 2004"
"light-toyota-landcruiser-1981","سبک تویوتا لندکروز 1981"
"light-bmw-328i-1996","سبک بی‌ام‌دبلیو 328 ای 1996"
"light-pontiac-grandprix-1983","سبک پونتیاک گرند پریکس 1983"
"light-mazda-2-2013","سبک مزدا 2 2013"
"light-chevrolet-corvair-1965","سبک شورلت کروِر 1965"
"light-chrysler-concorde-1996","سبک کرایسلر کانکورد 1996"
"light-daewoo-leganza-1999","سبک دوو لگانزا 1999"
"light-bmw-5series-2006","سبک بی‌ام‌دبلیو 5 سری 2006"
"light-dodge-intrepid-1998","سبک دوج اینترپید 1998"
"light-pazhan-2-door","سبک پژان 2 درب"
"light-mercedes benz-e430-1997","سبک مرسدس بنز ای 430 1997"
"light-dodge-avenger-2010","سبک دوج اونجر 2010"
"light-nissan-frontier-1998","سبک نیسان فرانتیر 1998"
"light-ford-escape-2001","سبک فورد اسکیپ 2001"
"light-volvo-xc90-2013","سبک ولوو ایکس‌سی 90 2013"
"light-chevrolet-tahoe-2008","سبک شورلت تاهو 2008"
"light-dodge-ram-1500-1987","سبک دوج رم 1500 1987"
"light-buick-rendezvous-2001","سبک بیوک رندزو 2001"
"light-chevrolet-k20-1981","سبک شورلت کی 20 1981"
"light-toyota-camry-se-2013","سبک تویوتا کمری اس‌ای 2013"
"light-nissan-hardbody-1991","سبک نیسان هارد‌بادی 1991"
"light-lexus-is300-2002","سبک لکسوس ای اس 300 2002"
"light-bmw-428i-2015","سبک بی‌ام‌دبلیو 428 ای 2015"
"light-ford-super duty-2004","سبک فورد سوپر duty 2004"
"light-ford-explorer-1997","سبک فورد اکسپلورر 1997"
"light-ford-focus-2001","سبک فورد فوکوس 2001"
"light-cadillac-srx-2013","سبک کادیلاک اس‌آر‌ایکس 2013"
"light-nissan-gtr-2011","سبک نیسان جی‌تی‌آر 2011"
"light-ford-f250-1970","سبک فورد اف 250 1970"
"light-buick-riviera-1965","سبک بیوک ریویرا 1965"
"light-chevrolet-el camino-1982","سبک شورلت ال camino 1982"
"light-subaru-tribeca-2010","سبک سوبارو تریبکا 2010"
"light-bmw-328ic-1997","سبک بی‌ام‌دبلیو 328 آی‌سی 1997"
"light-buick-century-1993","سبک بیوک سنتوری 1993"
"light-saturn-ion-2002","سبک ساترن آیون 2002"
"light-oldsmobile-toronado-1990","سبک اولدزموبیل تورونادو 1990"
"light-volkswagen-jetta-2007","سبک فولکس واگن جتا 2007"
"light-saab-900-1984","سبک ساب 900 1984"
"light-buick-parkavenue-1999","سبک بیوک پارک اونیو 1999"
"light-volkswagen-vanagon-1982","سبک فولکس واگن وناگون 1982"
"light-ford-f250-2006","سبک فورد اف 250 2006"
"light-chevrolet-k10-1985","سبک شورلت کی 10 1985"
"light-toyota-fortuner-2013","سبک تویوتا فورتنر 2013"
"light-bmw-323i-2001","سبک بی‌ام‌دبلیو 323 ای 2001"
"light-honda-cr-v-2004","سبک هوندا سی ار وی 2004"
"light-chrysler-pt cruiser-2004","سبک کرایسلر pt کروزر 2004"
"light-audi-a4","سبک آئودی ای 4"
"light-gmc-savana-2500-2005","سبک جی‌ام‌سی ساوانا 2500 2005"
"light-toyota-4runner-2008","سبک تویوتا 4 رانر 2008"
"light-volkswagen-passat-2016","سبک فولکس واگن پاسات 2016"
"light-mazda-rx7-1987","سبک مزدا آرایکس 7 1987"
"light-bmw-5series-2004","سبک بی‌ام‌دبلیو 5 سری 2004"
"light-lexus-gs300-1994","سبک لکسوس جی‌اس 300 1994"
"light-chrysler-300-2002","سبک کرایسلر 300 2002"
"light-pontiac-gto-2005","سبک پونتیاک جی‌تی‌او 2005"
"light-toyota-prius-2014","سبک تویوتا پریوس 2014"
"light-fiat-five hundred-2012","سبک فیات five hundred 2012"
"light-plymouth-valiant-1962","سبک پلیموت ولیانت 1962"
"light-plymouth-gtx-1969","سبک پلیموت جی‌تی‌ایکس 1969"
"light-volkswagen-jetta-1991","سبک فولکس واگن جتا 1991"
"light-mercedes benz-c300-2008","سبک مرسدس بنز سی 300 2008"
"light-dodge-viper-1999","سبک دوج وایپر 1999"
"light-ford-escort-1993","سبک فورد اسکورت 1993"
"light-volkswagen-beetle-1978","سبک فولکس واگن بیتل 1978"
"light-cadillac-seville-1991","سبک کادیلاک سویل 1991"
"light-toyota-tacoma-1997","سبک تویوتا تاکوما 1997"
"light-buick-lesabre-1968","سبک بیوک لسبر 1968"
"light-porsche-911-1985","سبک پورشه 911 1985"
"light-gmc-sierra-3500-2009","سبک جی‌ام‌سی سیرا 3500 2009"
"light-volkswagen-beetle-2013","سبک فولکس واگن بیتل 2013"
"light-chevrolet-caprice-1969","سبک شورلت کاپریس 1969"
"light-mercedes benz-300d-1976","سبک مرسدس بنز 300 دی 1976"
"light-volvo-s60-2007","سبک ولوو اس 60 2007"
"light-ford-e350-1998","سبک فورد ای 350 1998"
"light-chevrolet-c-k1500-1999","سبک شورلت سی کی 1500 1999"
"light-mg-mgb-mk2-1971","سبک ام‌جی ام‌جی‌بی ام‌کا 2 1971"
"light-ford-mustang-1983","سبک فورد ماستانگ 1983"
"light-mercedes benz-220d-1971","سبک مرسدس بنز 220 دی 1971"
"light-ford-excursion-2002","سبک فورد اکسکرژن 2002"
"light-chevrolet-c20-1984","سبک شورلت سی 20 1984"
"light-chevrolet-cheyenne-1995","سبک شورلت شاین 1995"
"light-chevrolet-silverado-3500-1998","سبک شورلت سیلورادو 3500 1998"
"light-mercedes benz-s420-1994","سبک مرسدس بنز اس 420 1994"
"light-hyundai-elantra-2012","سبک هیوندای الانترا 2012"
"light-toyota-yaris-2008","سبک تویوتا یاریس 2008"
"light-isuzu-rodeo-2002","سبک ایسوزو رودئو 2002"
"light-gmc-sierra-1500-2009","سبک جی‌ام‌سی سیرا 1500 2009"
"light-ford-f450-2003","سبک فورد اف 450 2003"
"light-volkswagen-jetta-wagon-2003","سبک فولکس واگن جتا واگن 2003"
"light-dodge-cummins-2000","سبک دوج کامینز 2000"
"light-buick-parkavenue-1992","سبک بیوک پارک اونیو 1992"
"light-saturn-sw2-1996","سبک ساترن اس‌دبلیو 2 1996"
"light-saturn-sl-1993","سبک ساترن اس‌ال 1993"
"light-dodge-d350-1985","سبک دوج دی 350 1985"
"light-landrover-lr4-2005","سبک لندروور ال‌آر 4 2005"
"light-mazda-3-2013","سبک مزدا 3 2013"
"light-cadillac-escalade-1999","سبک کادیلاک اسکالید 1999"
"light-buick-riviera-1979","سبک بیوک ریویرا 1979"
"light-volkswagen-newbeetle-2001","سبک فولکس واگن نیو بیتل 2001"
"light-buick-reatta-1990","سبک بیوک ریاتا 1990"
"light-mercedes benz-cls550-2007","سبک مرسدس بنز سی‌ال‌اس 550 2007"
"light-jaguar-xj-1997","سبک جگوار ایکس‌جی 1997"
"light-oldsmobile-silhouette-1999","سبک اولدزموبیل سیلوئت 1999"
"light-volkswagen-passat-1998","سبک فولکس واگن پاسات 1998"
"light-bmw-330xi-2003","سبک بی‌ام‌دبلیو 330 ایکس‌آی 2003"
"light-toyota-celica-2003","سبک تویوتا سلیکا 2003"
"light-mercedes benz-240d-1981","سبک مرسدس بنز 240 دی 1981"
"light-lexus-gx470-2005","سبک لکسوس جی‌ایکس 470 2005"
"light-ford-thunderbird-1985","سبک فورد تاندر‌برد 1985"
"light-cadillac-eldorado-2000","سبک کادیلاک الدورادو 2000"
"light-toyota-camry-1995","سبک تویوتا کمری 1995"
"light-mitsubishi-delica-1993","سبک میتسوبیشی دلیکا 1993"
"light-hyundai-azera-2012","سبک هیوندای آزرا 2012"
"light-infiniti-q45-2003","سبک اینفینیتی کیو 45 2003"
"light-lincoln-mark-iii-1970","سبک لینکلن مارک سه 1970"
"light-bmw-528i-2012","سبک بی‌ام‌دبلیو 528 ای 2012"
"light-volkswagen-gti-2001","سبک فولکس واگن جی‌تی‌آی 2001"
"light-nissan-x-trail","سبک نیسان ایکس تریل"
"light-mercedes benz-sprinter-2012","سبک مرسدس بنز اسپرینتر 2012"
"light-buick-lesabre-1993","سبک بیوک لسبر 1993"
"light-mazda-323","سبک مزدا 323"
"light-subaru-crosstrek-2015","سبک سوبارو کراس‌ترک 2015"
"light-porsche-boxster-2011","سبک پورشه باکستر 2011"
"light-ford-fusion-2012","سبک فورد فیوژن 2012"
"light-gac-emkoo","سبک گاک ام‌کو"
"light-dodge-ram-1500-1991","سبک دوج رم 1500 1991"
"light-bmw-528xi-2009","سبک بی‌ام‌دبلیو 528 ایکس‌آی 2009"
"light-plymouth-barracuda-1964","سبک پلیموت باراکودا 1964"
"light-mitsubishi-mirage-2014","سبک میتسوبیشی میرَج 2014"
"light-jeep-wrangler-1999","سبک جیپ رنگلر 1999"
"light-infiniti-qx56-2005","سبک اینفینیتی کیو ایکس 56 2005"
"light-chevrolet-equinox-2013","سبک شورلت اکوینوکس 2013"
"light-audi-s5-2008","سبک آئودی اس 5 2008"
"light-bmw-528e-1987","سبک بی‌ام‌دبلیو 528 ای 1987"
"light-jeep-cj5-1974","سبک جیپ سی‌جی 5 1974"
"light-bmw-3series-2007","سبک بی‌ام‌دبلیو 3 سری 2007"
"light-toyota-landcruiser-1971","سبک تویوتا لندکروز 1971"
"light-chevrolet-cavalier-1987","سبک شورلت کاوالیر 1987"
"light-lexus-is200-2016","سبک لکسوس ای اس 200 2016"
"light-toyota-landcruiser-1982","سبک تویوتا لندکروز 1982"
"light-toyota-tacoma-2009","سبک تویوتا تاکوما 2009"
"light-toyota-camry-le-2007","سبک تویوتا کمری ال‌ای 2007"
"light-kia-mohave","سبک کیا موهاوی"
"light-dodge-ram-2500-2010","سبک دوج رم 2500 2010"
"light-dodge-charger-1971","سبک دوج شارجر 1971"
"light-buick-rainier-2008","سبک بیوک رِینیِر 2008"
"light-subaru-outback-1995","سبک سوبارو آوت‌بک 1995"
"light-volvo-s80-2001","سبک ولوو اس 80 2001"
"light-mercedes benz-c240-2005","سبک مرسدس بنز سی 240 2005"
"light-mercedes benz-r350-2011","سبک مرسدس بنز ار 350 2011"
"light-ford-ranchero-1972","سبک فورد رانچرو 1972"
"light-chrysler-town&country-1999","سبک کرایسلر town country 1999"
"light-mercury-cougar-2002","سبک مرکوری کوگار 2002"
"light-nissan-d21-1986","سبک نیسان دی 21 1986"
"light-nissan-armada-2011","سبک نیسان آرمادا 2011"
"light-bestune-nat","سبک بستون نَت"
"light-gmc-sierra-2500-1989","سبک جی‌ام‌سی سیرا 2500 1989"
"light-mini-cooper-countryman-2014","سبک مینی کوپر کانتری‌من 2014"
"light-volkswagen-cc-2012","سبک فولکس واگن سی‌سی 2012"
"light-bmw-m5-2000","سبک بی‌ام‌دبلیو ام 5 2000"
"light-toyota-corolla-2009","سبک تویوتا کرولا 2009"
"light-ford-ranger-1969","سبک فورد رینجر 1969"
"light-mercedes benz-slk230-2000","سبک مرسدس بنز اس‌ال‌کی 230 2000"
"light-honda-civic-coupe-1995","سبک هوندا سیویک کوپه 1995"
"light-mercedes-benz-sl-class","سبک مرسدس بنز اس‌ال کلاس"
"light-ford-bronco-1989","سبک فورد برانکو 1989"
"light-bmw-x3-2009","سبک بی‌ام‌دبلیو ایکس 3 2009"
"light-mini-cooper-2001","سبک مینی کوپر 2001"
"light-ford-mustang-1992","سبک فورد ماستانگ 1992"
"light-nissan-rogue-2014","سبک نیسان روگ 2014"
"light-jeep-j10-1979","سبک جیپ جی 10 1979"
"light-peugeot-404","سبک پژو 404"
"light-ford-mustang-gt-2006","سبک فورد ماستانگ جی‌تی 2006"
"light-pontiac-firebird-1987","سبک پونتیاک فایربرد 1987"
"light-eagle-talon-1996","سبک ایگل تلون 1996"
"light-cadillac-cts-2013","سبک کادیلاک سی‌تی‌اس 2013"
"light-ford-expedition-2006","سبک فورد اکسپدیشن 2006"
"light-volkswagen-gti-1999","سبک فولکس واگن جی‌تی‌آی 1999"
"light-fiat-x19-1978","سبک فیات ایکس 19 1978"
"light-infiniti-qx56-2008","سبک اینفینیتی کیو ایکس 56 2008"
"light-chery-arrizo-5ie-new","سبک چری آریزو 5 آی‌ای جدید"
"light-mercury-monterey-2004","سبک مرکوری مانتری 2004"
"light-isuzu-trooper-1998","سبک ایسوزو تروپر 1998"
"light-chevrolet-camaro-2011","سبک شورلت کامارو 2011"
"light-ford-expedition-1997","سبک فورد اکسپدیشن 1997"
"light-mercedes benz-slk230-2002","سبک مرسدس بنز اس‌ال‌کی 230 2002"
"light-jeep-wagoneer","سبک جیپ واگنییر"
"light-mitsubishi-eclipse-1990","سبک میتسوبیشی اکلیپس 1990"
"light-mercedes benz-e55-2001","سبک مرسدس بنز ای 55 2001"
"light-acura-tl-2002","سبک آکورا تی‌ال 2002"
"light-subaru-wrx-2013","سبک سوبارو دبلیو‌آر‌ایکس 2013"
"light-mercedes benz-sl600-1994","سبک مرسدس بنز اس‌ال 600 1994"
"light-jeep-grand-cherokee-2014","سبک جیپ گرند چروکی 2014"
"light-mazda-6-2007","سبک مزدا 6 2007"
"light-ford-expedition-2000","سبک فورد اکسپدیشن 2000"
"light-chevrolet-montecarlo-1986","سبک شورلت مونت‌کارلو 1986"
"light-chevrolet-s10-2005","سبک شورلت اس 10 2005"
"light-nissan-altima-1998","سبک نیسان آلتیما 1998"
"light-oldsmobile-cutlass-1993","سبک اولدزموبیل کاتلاس 1993"
"light-toyota-corolla-1976","سبک تویوتا کرولا 1976"
"light-toyota-landcruiser-1984","سبک تویوتا لندکروز 1984"
"light-mvm-x55-pro","سبک ام‌وی‌ام ایکس 55 پرو"
"light-volkswagen-bug-1965","سبک فولکس واگن بگ 1965"
"light-volkswagen-jetta-1997","سبک فولکس واگن جتا 1997"
"light-plymouth-horizon-1987","سبک پلیموت هورایزن 1987"
"light-ssangyong-tivoli","سبک سانگ‌یانگ تیولی"
"light-bmw-540i-1998","سبک بی‌ام‌دبلیو 540 ای 1998"
"light-jeep-wrangler-tj-2004","سبک جیپ رنگلر تی‌جی 2004"
"light-nissan-titan-2004","سبک نیسان تایتان 2004"
"light-pontiac-lemans-1972","سبک پونتیاک لومانس 1972"
"light-lexus-ls430-2003","سبک لکسوس ال‌اس 430 2003"
"light-volkswagen-corrado-1990","سبک فولکس واگن کورادو 1990"
"light-honda-civic-coupe-2013","سبک هوندا سیویک کوپه 2013"
"light-jeep-liberty-2009","سبک جیپ لیبرتی 2009"
"light-honda-accord-2 door-2009","سبک هوندا آکورد 2 درب 2009"
"light-hanteng-x5-ir","سبک هانتنگ ایکس 5 ای ار"
"light-oldsmobile-silhouette-1996","سبک اولدزموبیل سیلوئت 1996"
"light-dodge-intrepid-1997","سبک دوج اینترپید 1997"
"light-honda-pilot-2007","سبک هوندا پایلوت 2007"
"light-ford-f250-1999","سبک فورد اف 250 1999"
"light-volvo-v70-2005","سبک ولوو وی 70 2005"
"light-oldsmobile-ninetyeight-1966","سبک اولدزموبیل ناین‌تی‌اییت 1966"
"light-mercedes benz-gla250-2015","سبک مرسدس بنز جی‌ال‌ای 250 2015"
"light-gmc-sierra-2500-2001","سبک جی‌ام‌سی سیرا 2500 2001"
"light-honda-fit-2009","سبک هوندا فیت 2009"
"light-ford-focus-2012","سبک فورد فوکوس 2012"
"light-mercedes benz-c350-2010","سبک مرسدس بنز سی 350 2010"
"light-chrysler-voyager-1996","سبک کرایسلر وویجر 1996"
"light-ford-f350-1986","سبک فورد اف 350 1986"
"light-bmw-635csi-1989","سبک بی‌ام‌دبلیو 635 سی‌اس‌آی 1989"
"light-toyota-venza-2009","سبک تویوتا ونزا 2009"
"light-chevrolet-silverado-2016","سبک شورلت سیلورادو 2016"
"light-dodge-dakota-1987","سبک دوج داکوتا 1987"
"light-toyota-fjcruiser-2007","سبک تویوتا اف‌جی کروزر 2007"
"light-chevrolet-silverado-2015","سبک شورلت سیلورادو 2015"
"light-nissan-240sx-1998","سبک نیسان 240 اس‌ایکس 1998"
"light-mercedes benz-slc450-1978","سبک مرسدس بنز اس‌ال‌سی 450 1978"
"light-mazda-protege-1990","سبک مزدا پروتژه 1990"
"light-nissan-qashqai","سبک نیسان قشقایی"
"light-mercury-sable-1992","سبک مرکوری سیبل 1992"
"light-bmw-525i-1994","سبک بی‌ام‌دبلیو 525 ای 1994"
"light-chrysler-pt cruiser-2001","سبک کرایسلر pt کروزر 2001"
"light-volvo-c70-convertible-2008","سبک ولوو سی 70 کروک 2008"
"light-jeep-wrangler-1997","سبک جیپ رنگلر 1997"
"light-honda-delsol-1994","سبک هوندا دل‌سول 1994"
"light-mercedes-benz-amg-eqe-suv","سبک مرسدس بنز ای‌ام‌جی ای‌کیو‌ای اس‌یووی"
"light-lexus-es300-1998","سبک لکسوس ای اس 300 1998"
"light-chevrolet-apache-1959","سبک شورلت آپاش 1959"
"light-nissan-maxima-2004","سبک نیسان ماکسیما 2004"
"light-toyota-aurion","سبک تویوتا آوریون"
"light-cadillac-escalade-2009","سبک کادیلاک اسکالید 2009"
"light-chevrolet-v20-2002","سبک شورلت وی 20 2002"
"light-toyota-sequoia-2009","سبک تویوتا سکویا 2009"
"light-honda-civic-1993","سبک هوندا سیویک 1993"
"light-zamyad-z-24","سبک زامیاد زد 24"
"light-chevrolet-c30-1969","سبک شورلت سی 30 1969"
"light-honda-civic-coupe-2012","سبک هوندا سیویک کوپه 2012"
"light-gmc-c6500-2002","سبک جی‌ام‌سی سی 6500 2002"
"light-cadillac-eldorado-1992","سبک کادیلاک الدورادو 1992"
"light-bmw-m3-2013","سبک بی‌ام‌دبلیو ام 3 2013"
"light-hyundai-genesis-coupe-2011","سبک هیوندای جنسیس کوپه 2011"
"light-bmw-328xi-2008","سبک بی‌ام‌دبلیو 328 ایکس‌آی 2008"
"light-toyota-corolla-1975","سبک تویوتا کرولا 1975"
"light-volkswagen-newbeetle-2004","سبک فولکس واگن نیو بیتل 2004"
"light-mitsubishi-3000gt-1994","سبک میتسوبیشی 3000 جی‌تی 1994"
"light-mercedes benz-e350-2011","سبک مرسدس بنز ای 350 2011"
"light-buick-gs-1965","سبک بیوک جی‌اس 1965"
"light-mercedes benz-c280-1998","سبک مرسدس بنز سی 280 1998"
"light-acura-mdx-1900","سبک آکورا ام‌دی‌ایکس 1900"
"light-isuzu-npr-2007","سبک ایسوزو ان‌پی‌آر 2007"
"light-lexus-es300-1999","سبک لکسوس ای اس 300 1999"
"light-chevrolet-deluxe-1986","سبک شورلت دلوکس 1986"
"light-toyota-tundra-2008","سبک تویوتا تاندرا 2008"
"light-porsche-928-1983","سبک پورشه 928 1983"
"light-pontiac-transam-1992","سبک پونتیاک ترانس‌ام 1992"
"light-ford-maverick-1977","سبک فورد ماوریک 1977"
"light-chevrolet-tahoe-2016","سبک شورلت تاهو 2016"
"light-mazda-6-2005","سبک مزدا 6 2005"
"heavy-volvo-truck","سنگین ولوو کامیون"
"light-jeep-cj5-1972","سبک جیپ سی‌جی 5 1972"
"light-jeep-j10-1980","سبک جیپ جی 10 1980"
"light-mazda-speed3-2007","سبک مزدا اسپید 3 2007"
"light-chevrolet-venture-2003","سبک شورلت ونچر 2003"
"light-oldsmobile-alero-1998","سبک اولدزموبیل الرو 1998"
"heavy-badsan","سنگین بادسان"
"light-plymouth-acclaim-1993","سبک پلیموت اکلیم 1993"
"light-volkswagen-passat-1992","سبک فولکس واگن پاسات 1992"
"light-lexus-ls460-2007","سبک لکسوس ال‌اس 460 2007"
"light-gmc-sierra-2500-1990","سبک جی‌ام‌سی سیرا 2500 1990"
"light-honda-civic-2012","سبک هوندا سیویک 2012"
"light-gmc-jimmy-1988","سبک جی‌ام‌سی جیمی 1988"
"light-gmc-suburban-1500-1988","سبک جی‌ام‌سی سابربن 1500 1988"
"light-ford-mustang-convertible-1995","سبک فورد ماستانگ کروک 1995"
"light-jac-j4","سبک جک جی 4"
"light-pontiac-firebird-1978","سبک پونتیاک فایربرد 1978"
"light-bmw-528i-2010","سبک بی‌ام‌دبلیو 528 ای 2010"
"light-ford-escape-2014","سبک فورد اسکیپ 2014"
"light-mazda-speed3-2003","سبک مزدا اسپید 3 2003"
"light-mercedes benz-ml320-2002","سبک مرسدس بنز ام‌ال 320 2002"
"light-cadillac-srx-2008","سبک کادیلاک اس‌آر‌ایکس 2008"
"light-bmw-850ci-1996","سبک بی‌ام‌دبلیو 850 سی‌آی 1996"
"light-volkswagen-vanagon-1980","سبک فولکس واگن وناگون 1980"
"light-mercedes-benz-e-class-coupe","سبک مرسدس بنز ای کلاس کوپه"
"light-chrysler-sebring-2002","سبک کرایسلر سبرینگ 2002"
"light-pontiac-vibe-2008","سبک پونتیاک وایب 2008"
"light-jaguar-s-type-2006","سبک جگوار اس تایپ 2006"
"light-dodge-journey-2014","سبک دوج جرنی 2014"
"light-kia-sedona-2007","سبک کیا سدونا 2007"
"light-acura-legend-1990","سبک آکورا افسانه 1990"
"light-mercury-grandmarquis-1988","سبک مرکوری گرند مارکویس 1988"
"light-lexus-gs430-2002","سبک لکسوس جی‌اس 430 2002"
"light-honda-civic-coupe-1999","سبک هوندا سیویک کوپه 1999"
"light-chevrolet-equinox-2005","سبک شورلت اکوینوکس 2005"
"light-chevrolet-classic-2005","سبک شورلت کلاسیک 2005"
"light-buick-regal-1994","سبک بیوک ریگال 1994"
"light-venucia-star","سبک ونوسیا استار"
"light-mazda-speed3-2004","سبک مزدا اسپید 3 2004"
"light-mazda-rx7-1994","سبک مزدا آرایکس 7 1994"
"light-volkswagen-jetta-2016","سبک فولکس واگن جتا 2016"
"light-toyota-tundra-2011","سبک تویوتا تاندرا 2011"
"light-subaru-outback-1996","سبک سوبارو آوت‌بک 1996"
"light-acura-tl-2007","سبک آکورا تی‌ال 2007"
"light-toyota-camry-se-2004","سبک تویوتا کمری اس‌ای 2004"
"light-mazda-mpv-2001","سبک مزدا ام‌پی‌وی 2001"
"light-ford-bronco-1987","سبک فورد برانکو 1987"
"light-lexus-is","سبک لکسوس ای اس"
"light-chevrolet-impala-1975","سبک شورلت ایمپالا 1975"
"light-cadillac-seville-1989","سبک کادیلاک سویل 1989"
"light-honda-civic-coupe-2005","سبک هوندا سیویک کوپه 2005"
"light-gmc-jimmy-1974","سبک جی‌ام‌سی جیمی 1974"
"light-subaru-tribeca-2009","سبک سوبارو تریبکا 2009"
"light-plymouth-voyager-1998","سبک پلیموت وویجر 1998"
"light-mitsubishi-3000gt-1992","سبک میتسوبیشی 3000 جی‌تی 1992"
"light-pontiac-transam-2000","سبک پونتیاک ترانس‌ام 2000"
"light-mini-cooper-2009","سبک مینی کوپر 2009"
"light-kia-spectra-2006","سبک کیا اسپکترا 2006"
"light-jeep-grand-cherokee-1993","سبک جیپ گرند چروکی 1993"
"light-honda-civic-2010","سبک هوندا سیویک 2010"
"light-mazda-tribute-2004","سبک مزدا تریبیوت 2004"
"light-mazda-rx8-2007","سبک مزدا آرایکس 8 2007"
"light-chevrolet-lumina-2001","سبک شورلت لومینا 2001"
"light-chevrolet-corvette-1992","سبک شورلت کوروت 1992"
"light-oldsmobile-cutlass-1972","سبک اولدزموبیل کاتلاس 1972"
"light-pontiac-catalina-1970","سبک پونتیاک کاتالینا 1970"
"light-ford-mustang-gt-2014","سبک فورد ماستانگ جی‌تی 2014"
"light-lincoln-ls-2006","سبک لینکلن ال‌اس 2006"
"light-jeep-patriot-2012","سبک جیپ پتریوت 2012"
"light-gmc-vandura-1996","سبک جی‌ام‌سی وندورا 1996"
"light-mercedes benz-ml350-2005","سبک مرسدس بنز ام‌ال 350 2005"
"light-porsche-boxster-2010","سبک پورشه باکستر 2010"
"light-lexus-ct-2013","سبک لکسوس سی‌تی 2013"
"light-jeep-cj5-1969","سبک جیپ سی‌جی 5 1969"
"light-pontiac-lemans-1991","سبک پونتیاک لومانس 1991"
"light-chrysler-imperial-1956","سبک کرایسلر امپریال 1956"
"light-chrysler-newport-1963","سبک کرایسلر نیوپورت 1963"
"light-cadillac-brougham-1987","سبک کادیلاک براگام 1987"
"light-mercury-tracer-1995","سبک مرکوری تریسر 1995"
"light-saturn-sky-2008","سبک ساترن اسکای 2008"
"light-honda-odyssey-1997","سبک هوندا ادسی 1997"
"light-bmw-530i-2001","سبک بی‌ام‌دبلیو 530 ای 2001"
"light-toyota-paseo-1996","سبک تویوتا پاسئو 1996"
"light-hyundai-i40","سبک هیوندای ای 40"
"light-honda-pilot-2016","سبک هوندا پایلوت 2016"
"light-buick-century-1997","سبک بیوک سنتوری 1997"
"light-chrysler-new yorker-1964","سبک کرایسلر جدید yorker 1964"
"light-mazda-rx8-2002","سبک مزدا آرایکس 8 2002"
"light-nissan-versa-2014","سبک نیسان ورسا 2014"
"light-pride-111","سبک پراید 111"
"light-mercury-comet-1966","سبک مرکوری کامت 1966"
"light-nissan-sentra-2011","سبک نیسان سنترا 2011"
"light-plymouth-valiant-1965","سبک پلیموت ولیانت 1965"
"light-mazda-3-2011","سبک مزدا 3 2011"
"light-honda-civic-1977","سبک هوندا سیویک 1977"
"light-narvan-taxi","سبک نروان تاکسی"
"light-lexus-sc430-2004","سبک لکسوس اس‌سی 430 2004"
"light-honda-pilot-2005","سبک هوندا پایلوت 2005"
"light-saturn-lw300-2001","سبک ساترن اِل‌دبلیو 300 2001"
"light-chevrolet-blazer-1970","سبک شورلت بلیزر 1970"
"light-bmw-528i-2013","سبک بی‌ام‌دبلیو 528 ای 2013"
"light-ford-mustang-1991","سبک فورد ماستانگ 1991"
"light-cadillac-escalade-2013","سبک کادیلاک اسکالید 2013"
"light-am general-hummer-h1-1993","سبک am general هامر اچ 1 1993"
"light-mercedes benz-ce300-1988","سبک مرسدس بنز سی‌ئی 300 1988"
"light-lexus-sc300-1995","سبک لکسوس اس‌سی 300 1995"
"heavy-trail-truck","سنگین تریل کامیون"
"light-buick-century-2000","سبک بیوک سنتوری 2000"
"light-chevrolet-cavalier-1997","سبک شورلت کاوالیر 1997"
"light-cadillac-escalade-2000","سبک کادیلاک اسکالید 2000"
"light-subaru-outback-2003","سبک سوبارو آوت‌بک 2003"
"light-infiniti-g20-1993","سبک اینفینیتی جی 20 1993"
"light-dodge-ram-3500-2001","سبک دوج رم 3500 2001"
"light-toyota-hilux-1977","سبک تویوتا هیلوکس 1977"
"light-scion-xb-2006","سبک سایون ایکس‌بی 2006"
"light-datsun-240z-1971","سبک داتسون 240 زد 1971"
"light-mitsubishi-eclipse-1996","سبک میتسوبیشی اکلیپس 1996"
"light-lexus-is350-2009","سبک لکسوس ای اس 350 2009"
"light-landrover-rangerover-1992","سبک لندروور رِنج روور 1992"
"light-audi-q7-2008","سبک آئودی کیو 7 2008"
"light-chevrolet-astro-1990","سبک شورلت آسترو 1990"
"light-gmc-safari-2000","سبک جی‌ام‌سی سافاری 2000"
"light-honda-cr-v-2010","سبک هوندا سی ار وی 2010"
"light-lexus-sc400-1999","سبک لکسوس اس‌سی 400 1999"
"light-mitsubishi-eclipse-2013","سبک میتسوبیشی اکلیپس 2013"
"light-lincoln-continental-2000","سبک لینکلن کانتیننتال 2000"
"light-volkswagen-gti-1990","سبک فولکس واگن جی‌تی‌آی 1990"
"light-fownix-tiggo-7-pro-max","سبک فونییکس تیگو 7 پرو ماکس"
"light-mercedes-benz-glk-class","سبک مرسدس بنز جی‌ال‌کا کلاس"
"light-ford-f150-1990","سبک فورد اف 150 1990"
"light-buick-regal-2000","سبک بیوک ریگال 2000"
"light-toyota-camry-1985","سبک تویوتا کمری 1985"
"light-infiniti-m35-2008","سبک اینفینیتی ام 35 2008"
"light-porsche-914-1974","سبک پورشه 914 1974"
"light-mercedes benz-clk500-2006","سبک مرسدس بنز سی‌ال‌کا 500 2006"
"light-toyota-camry-2011","سبک تویوتا کمری 2011"
"light-ram-2500-2012","سبک رم 2500 2012"
"light-pontiac-torrent-2007","سبک پونتیاک تورنت 2007"
"light-pontiac-bonneville-1976","سبک پونتیاک بانوویل 1976"
